{"type":"FeatureCollection","features":[{"type":"Feature","properties":{},"geometry":{"type":"LineString","coordinates":[[-2.27663,53.10294],[-2.27648,53.10291],[-2.27593,53.10254]]}},{"type":"Feature","properties":{"NAME":"Albert Dock"},"geometry":{"type":"MultiLineString","coordinates":[[[-2.99121,53.40055],[-2.9912,53.40055]],[[-2.99121,53.40055],[-2.99112,53.40049],[-2.99125,53.40047],[-2.99122,53.40037],[-2.9914,53.40026],[-2.99107,53.39975],[-2.99307,53.39915],[-2.99432,53.401],[-2.99399,53.4011],[-2.99411,53.40126],[-2.99394,53.40132],[-2.9938,53.40117],[-2.99361,53.40118],[-2.99345,53.40102],[-2.9922,53.40131],[-2.99169,53.40065],[-2.99143,53.40066],[-2.99137,53.40058],[-2.99121,53.40062],[-2.99121,53.40055]],[[-2.99402,53.40131],[-2.9939,53.40108],[-2.99309,53.40013],[-2.99121,53.40055]]]}},{"type":"Feature","properties":{"NAME":"Abbey Creek"},"geometry":{"type":"LineString","coordinates":[[-0.00072,51.52791],[-0.0004,51.52857],[0.00011,51.52937],[0.00112,51.53041]]}},{"type":"Feature","properties":{"NAME":"Bank Dole Cut"},"geometry":{"type":"LineString","coordinates":[[-1.23154,53.70947],[-1.22972,53.70927],[-1.22737,53.70918],[-1.22639,53.70937],[-1.2257,53.70967],[-1.22543,53.70992]]}},{"type":"Feature","properties":{"NAME":"River Aire"},"geometry":{"type":"LineString","coordinates":[[-1.22543,53.70992],[-1.22455,53.7102],[-1.22409,53.71043],[-1.22386,53.71068],[-1.22395,53.71089],[-1.22477,53.71172],[-1.22485,53.71196],[-1.22467,53.71231],[-1.22439,53.71243],[-1.22315,53.71262],[-1.22231,53.71268],[-1.22159,53.71286],[-1.22057,53.71354],[-1.21979,53.71442],[-1.2194,53.71469],[-1.21914,53.71478],[-1.21863,53.71481],[-1.21555,53.71426],[-1.21459,53.71406],[-1.21235,53.71344],[-1.21194,53.71342],[-1.21145,53.71351],[-1.21094,53.7137],[-1.21052,53.71394],[-1.21018,53.71437],[-1.21016,53.71471],[-1.2105,53.7151],[-1.21134,53.71567],[-1.21158,53.71605],[-1.21175,53.71677],[-1.2117,53.7175],[-1.21142,53.71807],[-1.21094,53.71854],[-1.21004,53.71925],[-1.20966,53.71975],[-1.20943,53.72021],[-1.20931,53.72129],[-1.20913,53.72162],[-1.20893,53.72181],[-1.20779,53.72243],[-1.20684,53.72272],[-1.20613,53.72279],[-1.20579,53.72263],[-1.20528,53.72195],[-1.20484,53.7217],[-1.2044,53.72159],[-1.20395,53.72156],[-1.20225,53.72156],[-1.20053,53.72187],[-1.19948,53.72218],[-1.19885,53.72246],[-1.19748,53.72323],[-1.19701,53.72341],[-1.1958,53.72368],[-1.19503,53.72375],[-1.19392,53.72372],[-1.19316,53.72366],[-1.19128,53.72337],[-1.18955,53.72349],[-1.18757,53.7239],[-1.18664,53.7242],[-1.18648,53.72438],[-1.18661,53.72464],[-1.18802,53.72508],[-1.18839,53.72552],[-1.18831,53.72603],[-1.18745,53.7267],[-1.18651,53.727],[-1.18578,53.72711],[-1.18399,53.72719],[-1.18262,53.72751],[-1.18188,53.72744],[-1.18053,53.72685],[-1.17985,53.72687],[-1.17957,53.72704],[-1.17939,53.72728],[-1.17945,53.72754],[-1.17993,53.7285],[-1.17999,53.72891],[-1.17995,53.72905],[-1.17952,53.72963],[-1.1791,53.72987],[-1.17887,53.72993],[-1.17868,53.72994],[-1.17823,53.72982],[-1.17772,53.72958],[-1.17672,53.72874],[-1.1763,53.72846],[-1.17533,53.72821],[-1.17454,53.72827],[-1.17374,53.7285],[-1.173,53.72888],[-1.17171,53.72975],[-1.17138,53.7299],[-1.17099,53.72998],[-1.1697,53.72998],[-1.16782,53.72976],[-1.16679,53.72957],[-1.16652,53.72949],[-1.16636,53.72937],[-1.16625,53.72911],[-1.16626,53.72895],[-1.1665,53.72869],[-1.16697,53.7284],[-1.16786,53.72802],[-1.1692,53.7276],[-1.17136,53.72735],[-1.17217,53.72708],[-1.17254,53.72666],[-1.17258,53.72637],[-1.17254,53.72605],[-1.17243,53.72574],[-1.17234,53.72565],[-1.1721,53.72551],[-1.17175,53.72544],[-1.16853,53.72598],[-1.16701,53.72601],[-1.16473,53.72579],[-1.16236,53.72578],[-1.16124,53.72571],[-1.15932,53.72516],[-1.15877,53.72516],[-1.15839,53.72533],[-1.15817,53.72552],[-1.15807,53.72574],[-1.15805,53.72636],[-1.15795,53.7267],[-1.15772,53.72698],[-1.1574,53.72721],[-1.15706,53.72733],[-1.15538,53.72753],[-1.15385,53.72787],[-1.1531,53.72815],[-1.15269,53.72838],[-1.15157,53.7294],[-1.15111,53.72966],[-1.14894,53.73029],[-1.14783,53.73068],[-1.1465,53.73126],[-1.14541,53.73152],[-1.14429,53.73157],[-1.14217,53.73143],[-1.14042,53.73142],[-1.13763,53.73118],[-1.13689,53.7309],[-1.13604,53.73004],[-1.13569,53.7298],[-1.13519,53.72961],[-1.13491,53.72958],[-1.13451,53.72959],[-1.13312,53.72989],[-1.13258,53.72994],[-1.13022,53.73008],[-1.12938,53.73003],[-1.12903,53.72993],[-1.12707,53.72906],[-1.12634,53.72885],[-1.12364,53.7285],[-1.122,53.72821],[-1.12094,53.72793],[-1.1207,53.72779],[-1.12053,53.7276],[-1.12045,53.72736],[-1.12044,53.72705],[-1.12056,53.72681],[-1.12024,53.72618]]}},{"type":"Feature","properties":{"NAME":"Aire & Calder Navigation Main Line"},"geometry":{"type":"MultiLineString","coordinates":[[[-1.27417,53.72585],[-1.27313,53.72567],[-1.27235,53.72525],[-1.27198,53.72488],[-1.2714,53.72409],[-1.27102,53.72342],[-1.2709,53.72298],[-1.27086,53.72124],[-1.27071,53.7206],[-1.27037,53.71972],[-1.26976,53.71871],[-1.26951,53.71808],[-1.26948,53.71762],[-1.26959,53.71617],[-1.26946,53.71562],[-1.26925,53.71529],[-1.26867,53.71493],[-1.2671,53.71421],[-1.26328,53.71303],[-1.25891,53.71151],[-1.25762,53.71129],[-1.25341,53.71076],[-1.25287,53.71075],[-1.2516,53.71087],[-1.24983,53.71064],[-1.24942,53.71051],[-1.24688,53.70918],[-1.24634,53.70901],[-1.24535,53.70885],[-1.23975,53.70873],[-1.23847,53.70876],[-1.23364,53.70959],[-1.23274,53.70959],[-1.23154,53.70947],[-1.23029,53.70846],[-1.22985,53.70806],[-1.22938,53.70751],[-1.22835,53.70703],[-1.21618,53.70528],[-1.21524,53.70522],[-1.20829,53.70313],[-1.20393,53.7019],[-1.2014,53.70132],[-1.19813,53.70045],[-1.19096,53.69871],[-1.18762,53.69802],[-1.18445,53.69769],[-1.18116,53.69767],[-1.18012,53.69774],[-1.17735,53.69805],[-1.16942,53.69937],[-1.16813,53.69949],[-1.16621,53.69951],[-1.16491,53.6994],[-1.16362,53.69917],[-1.14892,53.69588],[-1.14743,53.69545],[-1.14671,53.69514],[-1.14577,53.69459],[-1.14522,53.69417],[-1.14393,53.69274],[-1.14279,53.69131],[-1.14267,53.69103],[-1.14182,53.69006],[-1.14159,53.6899],[-1.1402,53.68815],[-1.13972,53.68765],[-1.1391,53.68716],[-1.13793,53.68645],[-1.1373,53.68615],[-1.13366,53.68488],[-1.12728,53.68282],[-1.12437,53.68201],[-1.12196,53.68163],[-1.11894,53.68136],[-1.11495,53.68119],[-1.11323,53.681],[-1.11167,53.68076],[-1.1092,53.68014],[-1.10768,53.67969],[-1.1045,53.67849],[-1.10357,53.67805],[-1.10287,53.67782],[-1.0917,53.6733],[-1.0799,53.66865],[-1.07687,53.66751],[-1.0759,53.66725],[-1.06645,53.66521],[-1.06608,53.66514],[-1.06574,53.66516],[-1.06126,53.6642],[-1.0587,53.66364],[-1.05689,53.66316],[-1.05572,53.66297],[-1.04598,53.66095],[-1.04219,53.66054],[-1.03871,53.66027],[-1.0345,53.66014],[-1.033,53.66015],[-1.02773,53.66035],[-1.00664,53.66136],[-1.00512,53.6615],[-1.00275,53.6619],[-0.99928,53.66302],[-0.99867,53.66315],[-0.99772,53.66356],[-0.99526,53.66438],[-0.99433,53.66486],[-0.99347,53.66563],[-0.99301,53.66635],[-0.99288,53.66681],[-0.99284,53.66724],[-0.99334,53.67211],[-0.99344,53.67346],[-0.9934,53.67373],[-0.99326,53.67401],[-0.99288,53.67428],[-0.99248,53.67438],[-0.99172,53.67471],[-0.99119,53.67482],[-0.981,53.6761],[-0.98029,53.67614],[-0.96457,53.67817],[-0.95291,53.67978],[-0.95194,53.67984],[-0.94786,53.6805],[-0.94449,53.68115],[-0.94302,53.68148],[-0.94128,53.68201],[-0.93342,53.68393],[-0.89686,53.69311],[-0.89238,53.69422],[-0.88901,53.69497],[-0.88521,53.69598],[-0.88379,53.69631],[-0.88132,53.69676],[-0.87872,53.6971]],[[-1.32757,53.73645],[-1.32687,53.73625],[-1.32618,53.73594],[-1.32485,53.73511],[-1.32427,53.73487],[-1.32343,53.73477],[-1.32238,53.73493],[-1.32097,53.73529],[-1.32006,53.73579],[-1.31906,53.7366],[-1.31818,53.73744],[-1.31752,53.73822],[-1.31593,53.73965],[-1.31524,53.74015],[-1.31438,53.74065],[-1.31347,53.74097],[-1.31261,53.74106],[-1.31181,53.741],[-1.31154,53.74091],[-1.31114,53.74072],[-1.30968,53.73949],[-1.30883,53.73913],[-1.30831,53.73907],[-1.30778,53.73915],[-1.30682,53.7395],[-1.305,53.74031],[-1.30314,53.74131],[-1.30259,53.74151],[-1.3019,53.74166],[-1.30103,53.74174],[-1.29996,53.74165],[-1.29945,53.7415],[-1.29868,53.74114],[-1.29732,53.74],[-1.29676,53.73962],[-1.29625,53.73949],[-1.29418,53.73937],[-1.29348,53.73927],[-1.29263,53.73901],[-1.2918,53.73861],[-1.29097,53.73806],[-1.28953,53.73683],[-1.28723,53.73573],[-1.2865,53.73524],[-1.28596,53.73463],[-1.28509,53.73323],[-1.28445,53.73257],[-1.28377,53.73201],[-1.28206,53.73081],[-1.28047,53.72982],[-1.27949,53.72912],[-1.27886,53.7283],[-1.27823,53.72704],[-1.27778,53.72659],[-1.27707,53.72619],[-1.27617,53.72589],[-1.27416,53.72584]],[[-1.42357,53.74792],[-1.4211,53.7454],[-1.41894,53.74403],[-1.41648,53.74266],[-1.41527,53.74219],[-1.41397,53.74188],[-1.40948,53.74114],[-1.40849,53.74106],[-1.40737,53.74106],[-1.40634,53.74116],[-1.40554,53.74129],[-1.40403,53.74171],[-1.40311,53.7421],[-1.40152,53.74294],[-1.39918,53.74431],[-1.39761,53.74513],[-1.39603,53.74567],[-1.39521,53.74574],[-1.39415,53.74571],[-1.39217,53.74549],[-1.39166,53.74549],[-1.38989,53.74517],[-1.38858,53.74516],[-1.38674,53.74546],[-1.3846,53.74621],[-1.38306,53.74655],[-1.382,53.74664],[-1.37901,53.74659],[-1.37844,53.74651],[-1.37681,53.74602],[-1.37541,53.74553],[-1.37368,53.74477],[-1.37192,53.7443],[-1.37098,53.7439],[-1.37053,53.74361],[-1.36993,53.74305],[-1.36827,53.74082],[-1.36673,53.73912],[-1.36629,53.73874],[-1.36529,53.73817],[-1.36309,53.73716],[-1.36112,53.7365],[-1.36019,53.73594],[-1.35985,53.73561],[-1.3597,53.73529],[-1.35968,53.735],[-1.35983,53.73421],[-1.35977,53.73377],[-1.35957,53.73332],[-1.35889,53.73235],[-1.35875,53.73201],[-1.35867,53.73155],[-1.35855,53.73151],[-1.35727,53.73141],[-1.35656,53.73148],[-1.35468,53.73202],[-1.35423,53.73223],[-1.35365,53.73237],[-1.35342,53.73252],[-1.35109,53.7332],[-1.34998,53.73349],[-1.34966,53.73351],[-1.34179,53.73584],[-1.34126,53.73606],[-1.33929,53.73645],[-1.33881,53.7365],[-1.33814,53.73646],[-1.33648,53.7362],[-1.33449,53.73579],[-1.33315,53.73564],[-1.3318,53.73583],[-1.32952,53.73651],[-1.32869,53.73657],[-1.32757,53.73645]],[[-1.48853,53.76527],[-1.48726,53.76516],[-1.48594,53.76517],[-1.48268,53.7656],[-1.4807,53.7656],[-1.47772,53.76573],[-1.4748,53.76567],[-1.47348,53.76558]],[[-1.47348,53.76559],[-1.4716,53.76549],[-1.46981,53.76574],[-1.46907,53.76576],[-1.46676,53.7656],[-1.4632,53.76519],[-1.45894,53.764],[-1.45699,53.76313],[-1.45566,53.76273],[-1.44425,53.76021],[-1.44274,53.75972],[-1.44128,53.75904],[-1.43784,53.75702],[-1.42926,53.75172],[-1.42851,53.7512],[-1.42657,53.75005],[-1.42421,53.7485],[-1.42356,53.74792]],[[-1.5484,53.7938],[-1.54796,53.79302],[-1.54758,53.79267],[-1.54653,53.7925],[-1.54567,53.79248],[-1.54489,53.79254],[-1.54387,53.79268],[-1.54283,53.79307],[-1.542,53.79379],[-1.54111,53.79422],[-1.53991,53.79447],[-1.53881,53.79456],[-1.53782,53.79428],[-1.53498,53.79371],[-1.53477,53.7936],[-1.53432,53.79311],[-1.53386,53.79284],[-1.53318,53.79262],[-1.53286,53.79243],[-1.53176,53.79214],[-1.5309,53.79208],[-1.52976,53.79178],[-1.52947,53.79165],[-1.52914,53.79144],[-1.52755,53.79011],[-1.52622,53.78869],[-1.52526,53.78738],[-1.5232,53.7848],[-1.52249,53.78358],[-1.52249,53.78302],[-1.52244,53.78297],[-1.52135,53.78249],[-1.51934,53.78145],[-1.51539,53.77927],[-1.51459,53.77875],[-1.5135,53.77791],[-1.51179,53.77631],[-1.51106,53.77603],[-1.5103,53.77579],[-1.50934,53.77574],[-1.50776,53.77555],[-1.5056,53.77543],[-1.50416,53.77556],[-1.50203,53.77598],[-1.50093,53.77587],[-1.50015,53.77559],[-1.49546,53.77332],[-1.49478,53.77292],[-1.49406,53.77228],[-1.49276,53.77087],[-1.49162,53.76951],[-1.49165,53.76914],[-1.49179,53.76877],[-1.49233,53.76809],[-1.4925,53.76771],[-1.49253,53.76743],[-1.49245,53.76648],[-1.49231,53.76606],[-1.4921,53.76591],[-1.49156,53.76572],[-1.48851,53.76527]]]}},{"type":"Feature","properties":{"NAME":"Ashton Canal"},"geometry":{"type":"MultiLineString","coordinates":[[[-2.22207,53.48038],[-2.22469,53.47953],[-2.22507,53.47943],[-2.22553,53.4794],[-2.22643,53.47945],[-2.22879,53.47973],[-2.22941,53.47954],[-2.22993,53.47953],[-2.23052,53.48006]],[[-2.22207,53.48038],[-2.22311,53.48135]],[[-2.08912,53.4852],[-2.09008,53.48561],[-2.09153,53.48575],[-2.09294,53.4858],[-2.09378,53.48556],[-2.09811,53.48314],[-2.10091,53.48202],[-2.10108,53.48189],[-2.10126,53.4816],[-2.10152,53.48087],[-2.10205,53.48003],[-2.1038,53.47913],[-2.10466,53.47857],[-2.10785,53.4762],[-2.10876,53.47575],[-2.10941,53.47551],[-2.11247,53.47481],[-2.11292,53.47476],[-2.11323,53.47477],[-2.11396,53.47499],[-2.1146,53.47563],[-2.11489,53.47584],[-2.11549,53.47611],[-2.11815,53.47674],[-2.11933,53.47689],[-2.12004,53.47683],[-2.12076,53.47666],[-2.12308,53.47584],[-2.12392,53.47565],[-2.12483,53.47555],[-2.12748,53.47557],[-2.13207,53.47538],[-2.13339,53.47522],[-2.13462,53.47489],[-2.13523,53.4748],[-2.1361,53.47485],[-2.13791,53.47513],[-2.1418,53.4755],[-2.14388,53.47542],[-2.14459,53.47545],[-2.14489,53.47548],[-2.14583,53.47575],[-2.14989,53.47761],[-2.15017,53.47768],[-2.15166,53.47744],[-2.15305,53.47713],[-2.1576,53.47599],[-2.15816,53.47592],[-2.1589,53.47593],[-2.15988,53.47618],[-2.16357,53.4779],[-2.16787,53.47919],[-2.18298,53.48106],[-2.18425,53.48129],[-2.18513,53.48158],[-2.19365,53.48496],[-2.19499,53.48544],[-2.19593,53.48567],[-2.19687,53.48578],[-2.19813,53.48577],[-2.20046,53.48555],[-2.20216,53.48559],[-2.20384,53.48542],[-2.20537,53.48535],[-2.20571,53.48542],[-2.20626,53.48585],[-2.20682,53.48616],[-2.20716,53.48629],[-2.20757,53.48635],[-2.20835,53.48633],[-2.21055,53.48603],[-2.21174,53.486],[-2.21281,53.4857],[-2.21576,53.48405],[-2.22174,53.48052],[-2.22207,53.48038]]]}},{"type":"Feature","properties":{"NAME":"Ashby Canal"},"geometry":{"type":"MultiLineString","coordinates":[[[-1.45939,52.49005],[-1.459,52.4901],[-1.45481,52.49128],[-1.45325,52.49221],[-1.4529,52.49252],[-1.45265,52.49292],[-1.4526,52.4933],[-1.45249,52.49353],[-1.45212,52.49378],[-1.45179,52.49382],[-1.45057,52.49374],[-1.44986,52.49391],[-1.44859,52.49455],[-1.44737,52.49504],[-1.4448,52.49561],[-1.44323,52.49648],[-1.44283,52.49678],[-1.44227,52.49695],[-1.44167,52.49699],[-1.44045,52.49677],[-1.43888,52.49667],[-1.43714,52.49705],[-1.43477,52.49716],[-1.43274,52.49741],[-1.42741,52.4968],[-1.42409,52.49618],[-1.4213,52.49602],[-1.41992,52.4961],[-1.41596,52.49649],[-1.41313,52.49681],[-1.41207,52.49703],[-1.41166,52.49724],[-1.41072,52.4982],[-1.41035,52.4987],[-1.41033,52.49883],[-1.41059,52.49936],[-1.41066,52.4998],[-1.41011,52.50106],[-1.40969,52.50154],[-1.40889,52.50195],[-1.40818,52.50203],[-1.40677,52.50177],[-1.40595,52.50144],[-1.40548,52.50143],[-1.40515,52.50158],[-1.40397,52.50234],[-1.40263,52.50332],[-1.40225,52.50376],[-1.40225,52.50403],[-1.40272,52.50505],[-1.4027,52.50585],[-1.40256,52.50617],[-1.40184,52.50678],[-1.40008,52.5073],[-1.39778,52.50767],[-1.39636,52.50815],[-1.3941,52.5091],[-1.39265,52.50944],[-1.39206,52.5098],[-1.39056,52.51102],[-1.38907,52.51164],[-1.38892,52.51181],[-1.38888,52.51218],[-1.38915,52.51267],[-1.38947,52.51296],[-1.3901,52.51309],[-1.39111,52.51305],[-1.39168,52.5131],[-1.39248,52.51342],[-1.3931,52.51418],[-1.39398,52.51485],[-1.39537,52.5163],[-1.39634,52.5171],[-1.39661,52.51747],[-1.39702,52.51855],[-1.39738,52.51959],[-1.39737,52.52022],[-1.39725,52.52053],[-1.39692,52.52104],[-1.39654,52.52146],[-1.39549,52.52218],[-1.39521,52.52246],[-1.39497,52.52278],[-1.39481,52.52321],[-1.39468,52.52473],[-1.39494,52.52666],[-1.3949,52.52698],[-1.39472,52.5272],[-1.39397,52.52776],[-1.39184,52.52854],[-1.39153,52.52886],[-1.39142,52.52928],[-1.39145,52.52951],[-1.39165,52.52987],[-1.39285,52.53111],[-1.39428,52.53208],[-1.39514,52.53287],[-1.39588,52.53312],[-1.39701,52.53326]],[[-1.39701,52.53326],[-1.39961,52.53351],[-1.40008,52.53374],[-1.40018,52.53398],[-1.4001,52.53453],[-1.40011,52.53594],[-1.40207,52.53991],[-1.40248,52.54026],[-1.40428,52.54107],[-1.40595,52.5416],[-1.40852,52.54215],[-1.40989,52.54223],[-1.41102,52.54243],[-1.41148,52.54261],[-1.41185,52.54287],[-1.4122,52.54327],[-1.41242,52.54393],[-1.41239,52.54656],[-1.41247,52.54697],[-1.41387,52.55046],[-1.41604,52.55484],[-1.4167,52.55569],[-1.41749,52.55642],[-1.41785,52.5567],[-1.41944,52.55762],[-1.4198,52.55795],[-1.4207,52.55988],[-1.4215,52.56095],[-1.42163,52.56122],[-1.42194,52.56143],[-1.42252,52.56219],[-1.42284,52.56277],[-1.42297,52.56331],[-1.42294,52.56371],[-1.42241,52.56495],[-1.42258,52.56633],[-1.42281,52.56741],[-1.42301,52.56885],[-1.42305,52.57035],[-1.42295,52.57099],[-1.42256,52.57229],[-1.42241,52.57261],[-1.42135,52.57361],[-1.42067,52.5741],[-1.41902,52.57458],[-1.41753,52.57527],[-1.4164,52.57559],[-1.41565,52.57569],[-1.41453,52.57569],[-1.41243,52.5755],[-1.41195,52.57554],[-1.41141,52.57573],[-1.41124,52.57589],[-1.41119,52.57623],[-1.41137,52.57782],[-1.41128,52.57983],[-1.41137,52.58099],[-1.41135,52.58159],[-1.41129,52.58171],[-1.41098,52.58195],[-1.40999,52.58237],[-1.40886,52.58313],[-1.40758,52.58363],[-1.40659,52.5838],[-1.40598,52.58375],[-1.4041,52.58322],[-1.40307,52.58319],[-1.40136,52.58333],[-1.40078,52.5833],[-1.40002,52.5831],[-1.39849,52.58221],[-1.39803,52.58207],[-1.39772,52.58206],[-1.3972,52.58218],[-1.39404,52.58353],[-1.39384,52.58369],[-1.39364,52.58412],[-1.3939,52.58516],[-1.39381,52.58566],[-1.39305,52.58672],[-1.39193,52.58872],[-1.39188,52.58886],[-1.39196,52.58923],[-1.3921,52.58946],[-1.39281,52.58987],[-1.39512,52.59071],[-1.40116,52.59154],[-1.40238,52.59161],[-1.40417,52.59146],[-1.40643,52.59148],[-1.40862,52.59122],[-1.40958,52.59125],[-1.41027,52.59137],[-1.41185,52.5918],[-1.41426,52.59264],[-1.41541,52.59319],[-1.41591,52.59359],[-1.41646,52.59436],[-1.41695,52.59565],[-1.41716,52.59605],[-1.4181,52.59701],[-1.41915,52.59783],[-1.41938,52.59814],[-1.41937,52.5984],[-1.4192,52.5987],[-1.4177,52.60015],[-1.41777,52.60048],[-1.4224,52.60274],[-1.42344,52.60339],[-1.4252,52.60493],[-1.42642,52.60666],[-1.42968,52.60878],[-1.43011,52.60921],[-1.43076,52.6102],[-1.43116,52.61048],[-1.43218,52.61101],[-1.43232,52.61123],[-1.43241,52.61168],[-1.43261,52.61196],[-1.43347,52.61272],[-1.43365,52.61308],[-1.43374,52.61346],[-1.43374,52.6139],[-1.43362,52.61444],[-1.43303,52.61541],[-1.43268,52.61626],[-1.43203,52.61694],[-1.43157,52.61723],[-1.42986,52.61777],[-1.42835,52.61777],[-1.42756,52.61795],[-1.42738,52.61813],[-1.427,52.61879],[-1.42656,52.61924],[-1.42442,52.62055],[-1.42328,52.62112],[-1.42314,52.62128],[-1.42323,52.62201],[-1.42323,52.62279],[-1.42312,52.62449],[-1.423,52.62517],[-1.42268,52.62594],[-1.42253,52.62653],[-1.42249,52.62759],[-1.42261,52.62816],[-1.42275,52.62847],[-1.42397,52.62981],[-1.42468,52.63111],[-1.42477,52.63148],[-1.42489,52.6328],[-1.42502,52.63315],[-1.42673,52.6347],[-1.42757,52.63527],[-1.42831,52.63551],[-1.43087,52.63545],[-1.4314,52.63554],[-1.43169,52.63566],[-1.43319,52.63685],[-1.43345,52.63695],[-1.43533,52.63679],[-1.43691,52.63674],[-1.44242,52.63681],[-1.44418,52.63691],[-1.44454,52.63705],[-1.44484,52.63726],[-1.44633,52.63881],[-1.44681,52.63915],[-1.44817,52.63973],[-1.4515,52.64091],[-1.45182,52.64108],[-1.45194,52.64125],[-1.45194,52.64163],[-1.45187,52.64188],[-1.4522,52.64268],[-1.45209,52.64333],[-1.45211,52.64386],[-1.45254,52.64442],[-1.45259,52.64457],[-1.45259,52.64509],[-1.45244,52.64547],[-1.45183,52.64619],[-1.45161,52.64634],[-1.44981,52.64701],[-1.44832,52.64748],[-1.44768,52.64761],[-1.44598,52.64845],[-1.44581,52.64864],[-1.44572,52.64898],[-1.44582,52.64926],[-1.44616,52.64972],[-1.44618,52.64988],[-1.44608,52.65017],[-1.44475,52.65242],[-1.44337,52.65419],[-1.44203,52.65558],[-1.44195,52.65573],[-1.44205,52.6559],[-1.44229,52.65602],[-1.44418,52.65653],[-1.44512,52.65694],[-1.44517,52.65733],[-1.44598,52.65905],[-1.44618,52.65926],[-1.44677,52.65965],[-1.44755,52.65992],[-1.45567,52.66102],[-1.45787,52.66112],[-1.45892,52.66128],[-1.45978,52.66148],[-1.46238,52.66238],[-1.46414,52.66289],[-1.46653,52.66331],[-1.47049,52.66363],[-1.47196,52.66351],[-1.4753,52.66302],[-1.47618,52.66303],[-1.47706,52.66321],[-1.48009,52.66442],[-1.48218,52.66584],[-1.48309,52.66674],[-1.48359,52.66798],[-1.48428,52.66876],[-1.48472,52.66898],[-1.48626,52.6693],[-1.4877,52.6698],[-1.48821,52.6701],[-1.48946,52.67126],[-1.48988,52.67142],[-1.49123,52.67157],[-1.49269,52.67257],[-1.49353,52.673],[-1.4944,52.67403],[-1.49455,52.67438],[-1.49445,52.67463],[-1.49399,52.67506],[-1.49392,52.6755],[-1.49412,52.67657],[-1.49414,52.6773],[-1.49443,52.67878],[-1.4946,52.68031],[-1.49519,52.6825],[-1.49505,52.68332],[-1.49453,52.68445],[-1.4941,52.68478],[-1.49336,52.68495],[-1.4922,52.68492],[-1.49144,52.68511],[-1.49,52.68582],[-1.4893,52.68637]]]}},{"type":"Feature","properties":{"NAME":"Wakefield Branch (Aire & Calder)"},"geometry":{"type":"MultiLineString","coordinates":[[[-1.48937,53.67708],[-1.48898,53.67698],[-1.48854,53.67701],[-1.48755,53.67683],[-1.48723,53.67661],[-1.4868,53.67612],[-1.48649,53.67595],[-1.4836,53.67508],[-1.48164,53.67408],[-1.48124,53.67394],[-1.48049,53.67394],[-1.4796,53.67403],[-1.4763,53.67458],[-1.47279,53.67546],[-1.47225,53.67567],[-1.4717,53.67602],[-1.47111,53.6767],[-1.47074,53.67752],[-1.47049,53.67831],[-1.46951,53.68003],[-1.46903,53.681],[-1.46887,53.68161]],[[-1.46887,53.68161],[-1.46846,53.68287],[-1.46828,53.68387],[-1.46623,53.69046]],[[-1.46811,53.6844],[-1.46768,53.68496],[-1.46734,53.68516],[-1.46643,53.68558],[-1.46581,53.68571],[-1.46516,53.68569],[-1.46482,53.68561],[-1.46384,53.68514],[-1.46293,53.68485],[-1.46153,53.68473],[-1.46075,53.68481],[-1.45998,53.68508],[-1.45963,53.68533],[-1.45933,53.6857],[-1.4593,53.68588],[-1.45939,53.6862],[-1.4597,53.6864]],[[-1.46624,53.69046],[-1.46352,53.69929]],[[-1.46353,53.69929],[-1.46287,53.70131]],[[-1.46287,53.70131],[-1.46242,53.70287],[-1.46218,53.70324]],[[-1.46287,53.70131],[-1.46232,53.70183],[-1.46209,53.70301],[-1.46218,53.70324]],[[-1.46218,53.70324],[-1.46188,53.70463],[-1.46097,53.70751],[-1.46073,53.70804]],[[-1.46074,53.70804],[-1.46002,53.70913],[-1.45952,53.70965],[-1.45861,53.71041],[-1.45723,53.71124],[-1.45596,53.71181],[-1.45434,53.71232],[-1.4533,53.71254],[-1.44929,53.71303]],[[-1.44931,53.71304],[-1.43968,53.71421],[-1.43756,53.7146],[-1.4358,53.71504],[-1.43474,53.71535],[-1.43262,53.71615],[-1.43008,53.71745],[-1.4263,53.71923],[-1.42599,53.71945],[-1.42511,53.71982],[-1.42497,53.71995],[-1.42394,53.72023],[-1.42252,53.72049]],[[-1.42252,53.72049],[-1.41675,53.72154],[-1.41423,53.72188],[-1.40671,53.72135]],[[-1.40671,53.72135],[-1.40568,53.72125],[-1.40101,53.71953],[-1.40008,53.71931],[-1.39946,53.71932],[-1.39882,53.71941],[-1.39814,53.71961],[-1.39751,53.72002],[-1.39715,53.72037],[-1.3969,53.72076],[-1.39651,53.72202]],[[-1.39651,53.72202],[-1.39615,53.72279],[-1.39578,53.72311],[-1.395,53.72355],[-1.39375,53.72394],[-1.39118,53.72448],[-1.38715,53.72544],[-1.38319,53.72618],[-1.38188,53.72653],[-1.38133,53.72671],[-1.37973,53.72744],[-1.37723,53.72903],[-1.37612,53.72945],[-1.37485,53.72973],[-1.37404,53.72979],[-1.37305,53.72975],[-1.3706,53.72941],[-1.36956,53.72939],[-1.36867,53.72948],[-1.36743,53.72972],[-1.36619,53.73008],[-1.36274,53.73152],[-1.36197,53.73175],[-1.36088,53.7319],[-1.36009,53.73193],[-1.35926,53.73182],[-1.35867,53.73155]]]}},{"type":"Feature","properties":{"NAME":"Anglesey Branch (Wyrely and Ess'n)"},"geometry":{"type":"LineString","coordinates":[[-1.9163,52.65153],[-1.91692,52.65225],[-1.91704,52.65281],[-1.91702,52.65353],[-1.91714,52.65392],[-1.91743,52.65431],[-1.91825,52.6549],[-1.91883,52.65515],[-1.92291,52.65527],[-1.92332,52.65534],[-1.92431,52.65569],[-1.92531,52.65584],[-1.92581,52.65598],[-1.92619,52.6562],[-1.92863,52.65854],[-1.93014,52.65918],[-1.93173,52.66021],[-1.93351,52.66126],[-1.93373,52.66161],[-1.93372,52.66257],[-1.93402,52.66284],[-1.93487,52.66321],[-1.93547,52.66332],[-1.9371,52.66323],[-1.93803,52.66328],[-1.93968,52.66377],[-1.9402,52.66383],[-1.94087,52.66401]]}},{"type":"Feature","properties":{"NAME":"New Mainline"},"geometry":{"type":"LineString","coordinates":[[-1.90993,52.47724],[-1.91149,52.47817],[-1.91325,52.47911],[-1.91373,52.47915],[-1.91461,52.47894],[-1.91667,52.4787],[-1.91786,52.47869],[-1.91965,52.47896],[-1.92209,52.47992],[-1.9231,52.48052],[-1.92425,52.48144],[-1.92508,52.48223],[-1.94732,52.49368],[-1.94979,52.49577],[-1.95032,52.49614],[-1.95319,52.4977],[-1.95403,52.49804],[-1.96189,52.49928],[-1.96601,52.49804],[-1.96824,52.49744],[-1.96887,52.49735],[-1.971,52.49725],[-1.97223,52.49747],[-1.97278,52.49771],[-1.97354,52.49819],[-1.97933,52.50199],[-1.98232,52.5034],[-1.98358,52.50369],[-1.99212,52.50514],[-2.00534,52.50701],[-2.00665,52.50743],[-2.00735,52.50778],[-2.00768,52.50805],[-2.00897,52.5095],[-2.00943,52.51032],[-2.01045,52.51105],[-2.01095,52.51151],[-2.01208,52.51237],[-2.01254,52.51256],[-2.02287,52.51579],[-2.02366,52.51599],[-2.02546,52.51663],[-2.02801,52.51739],[-2.06396,52.52895],[-2.06802,52.53114],[-2.0702,52.53132],[-2.07462,52.532]]}},{"type":"Feature","properties":{"NAME":"Bradley Branch (Walsall Canal)"},"geometry":{"type":"LineString","coordinates":[[-2.05056,52.55068],[-2.04779,52.55197],[-2.04169,52.55385],[-2.04099,52.55416]]}},{"type":"Feature","properties":{"NAME":"Netherton Tunnel Branch (New ML)"},"geometry":{"type":"LineString","coordinates":[[-2.04314,52.52226],[-2.06948,52.493],[-2.06981,52.49253],[-2.07009,52.49176],[-2.07023,52.49159]]}},{"type":"Feature","properties":{"NAME":"Birmingham & Fazeley Canal"},"geometry":{"type":"LineString","coordinates":[[-1.91403,52.47908],[-1.91329,52.48011],[-1.91298,52.48039],[-1.91221,52.48076],[-1.90942,52.48145],[-1.90846,52.48183],[-1.90469,52.48377],[-1.90382,52.48444],[-1.90297,52.48496],[-1.90054,52.48615],[-1.89894,52.48662],[-1.89854,52.48679],[-1.89394,52.48905],[-1.89227,52.49001],[-1.89122,52.49033],[-1.88862,52.49021],[-1.88747,52.49065],[-1.88659,52.4913],[-1.88625,52.49163],[-1.88613,52.49166],[-1.8843,52.49318],[-1.88263,52.49445],[-1.88208,52.49496],[-1.88182,52.49511],[-1.87668,52.4992],[-1.87577,52.49965],[-1.87377,52.50027],[-1.87317,52.50064],[-1.87281,52.50099],[-1.87205,52.50242],[-1.87137,52.50327],[-1.8699,52.50429],[-1.86675,52.50627],[-1.8662,52.50655],[-1.86417,52.5068],[-1.86028,52.50847],[-1.85959,52.50864],[-1.85821,52.50825],[-1.85568,52.50734],[-1.8548,52.50718],[-1.85383,52.50711],[-1.85266,52.50716],[-1.85132,52.50737],[-1.84827,52.50831],[-1.84684,52.50853],[-1.84615,52.50851],[-1.84324,52.50805],[-1.84231,52.50797],[-1.83929,52.5081],[-1.83794,52.50826],[-1.83338,52.50989],[-1.83041,52.51141],[-1.82913,52.51195],[-1.82801,52.51226],[-1.82595,52.51266],[-1.82512,52.51294],[-1.82209,52.5144],[-1.81972,52.51543],[-1.81647,52.516],[-1.81417,52.51615],[-1.81374,52.51632],[-1.81336,52.5167],[-1.81283,52.51709],[-1.81208,52.51736],[-1.80847,52.51824],[-1.80283,52.51942],[-1.80119,52.51983],[-1.79965,52.52008],[-1.79847,52.52039],[-1.79796,52.52068],[-1.79649,52.52172],[-1.79547,52.52268],[-1.7929,52.52424],[-1.79015,52.52535],[-1.78869,52.52615],[-1.78733,52.52675],[-1.78633,52.52714],[-1.78391,52.5279],[-1.77626,52.52904],[-1.77584,52.52907],[-1.77334,52.52896],[-1.77044,52.529],[-1.76938,52.5292],[-1.76704,52.52999],[-1.7662,52.53021],[-1.75679,52.53183],[-1.75589,52.53194],[-1.74635,52.53254],[-1.74497,52.53277],[-1.74413,52.53308],[-1.74331,52.53351],[-1.73652,52.53777],[-1.73494,52.53868],[-1.73369,52.53928],[-1.72703,52.54208],[-1.72571,52.54285],[-1.72062,52.54631],[-1.72002,52.54687],[-1.71924,52.54793],[-1.71079,52.55843],[-1.71032,52.55937],[-1.7092,52.56282],[-1.70847,52.56422],[-1.70817,52.56466],[-1.70405,52.57209],[-1.70361,52.57299],[-1.70349,52.57352],[-1.70348,52.57387],[-1.70391,52.57916],[-1.70464,52.58544],[-1.7049,52.58615],[-1.70874,52.59469],[-1.70886,52.59516],[-1.70887,52.59561],[-1.70874,52.59617],[-1.70713,52.59922],[-1.70626,52.60107],[-1.70608,52.60159],[-1.70614,52.6024],[-1.70669,52.60556],[-1.70657,52.60608],[-1.70611,52.60682],[-1.70548,52.60741],[-1.70466,52.6079],[-1.70375,52.60826],[-1.70353,52.60846],[-1.70343,52.6088],[-1.7037,52.60941],[-1.70368,52.60976],[-1.70126,52.61486],[-1.70103,52.61545]]}},{"type":"Feature","properties":{"NAME":"Gower Branch (New Main Line)"},"geometry":{"type":"LineString","coordinates":[[-2.02916,52.51777],[-2.03014,52.51605],[-2.03171,52.51297],[-2.03338,52.5106]]}},{"type":"Feature","properties":{"NAME":"Icknield Port Loop"},"geometry":{"type":"LineString","coordinates":[[-1.92911,52.48431],[-1.9302,52.48352],[-1.9312,52.48211],[-1.93262,52.48145],[-1.93283,52.48109],[-1.93278,52.48076],[-1.93221,52.48041],[-1.92968,52.48059],[-1.92923,52.48079],[-1.92804,52.48169],[-1.92688,52.48232],[-1.92643,52.48252],[-1.92585,52.48263]]}},{"type":"Feature","properties":{"NAME":"Ridgacre Branch (Wednesbury OC)"},"geometry":{"type":"LineString","coordinates":[[-2.0162,52.5293],[-2.01186,52.52971],[-2.01065,52.53004],[-2.00864,52.531],[-2.00654,52.53238],[-2.00524,52.53315],[-2.0029,52.53415]]}},{"type":"Feature","properties":{"NAME":"Dudley No 2 Canal"},"geometry":{"type":"LineString","coordinates":[[-2.09859,52.49749],[-2.09769,52.49728],[-2.09717,52.49704],[-2.09627,52.49621],[-2.09589,52.49575],[-2.09574,52.49535],[-2.0957,52.49487],[-2.09577,52.49446],[-2.0959,52.49426],[-2.09702,52.49359],[-2.09746,52.49295],[-2.09842,52.49225],[-2.09915,52.49114],[-2.09916,52.49072],[-2.09894,52.49015],[-2.09927,52.48948],[-2.09921,52.48929],[-2.099,52.48895],[-2.09881,52.48877],[-2.09743,52.48802],[-2.09299,52.48618],[-2.09229,52.48558],[-2.09216,52.48537],[-2.09215,52.48516],[-2.09244,52.48418],[-2.09241,52.4837],[-2.09203,52.48329],[-2.09132,52.48301],[-2.0906,52.483],[-2.08746,52.48348],[-2.08608,52.48344],[-2.08408,52.48416],[-2.08311,52.48443],[-2.08252,52.48433],[-2.08172,52.48403],[-2.08081,52.48395],[-2.07979,52.48403],[-2.07962,52.4841],[-2.07911,52.48452],[-2.07818,52.48482],[-2.0768,52.48444],[-2.07648,52.48443],[-2.07619,52.48451],[-2.07598,52.48465],[-2.07568,52.48516],[-2.07509,52.4857],[-2.0749,52.48604],[-2.07502,52.48627],[-2.07584,52.48668],[-2.07615,52.48705],[-2.07618,52.48736],[-2.07586,52.48792],[-2.07521,52.4885],[-2.07328,52.48912],[-2.07293,52.48933],[-2.07248,52.48989],[-2.07073,52.49111],[-2.07023,52.49159],[-2.06837,52.49124],[-2.06721,52.49071],[-2.06542,52.49023],[-2.06472,52.48985],[-2.06328,52.48819],[-2.06241,52.48776],[-2.06202,52.48738],[-2.06202,52.48724],[-2.06225,52.48685],[-2.06231,52.4866],[-2.06226,52.48543],[-2.06219,52.48511],[-2.06209,52.48494],[-2.06112,52.48462],[-2.06092,52.48444],[-2.06088,52.48429],[-2.06096,52.48388],[-2.06117,52.48334],[-2.06092,52.48256],[-2.06056,52.48214],[-2.05982,52.48188],[-2.05854,52.48103],[-2.05829,52.48072],[-2.05816,52.4802],[-2.058,52.47992],[-2.05636,52.47875],[-2.05615,52.47848],[-2.05606,52.4781],[-2.05626,52.47755],[-2.05622,52.47681],[-2.05636,52.4766],[-2.0568,52.47622],[-2.05695,52.47586],[-2.05671,52.47551],[-2.05597,52.47483],[-2.05591,52.47465],[-2.05593,52.47372],[-2.05588,52.4733],[-2.05584,52.47311],[-2.05549,52.47244],[-2.05552,52.47187],[-2.0554,52.47153],[-2.05452,52.47123],[-2.05309,52.47089],[-2.052,52.47029],[-2.04597,52.46659],[-2.04516,52.4658],[-2.04395,52.4651],[-2.04206,52.46286],[-2.04137,52.46243],[-2.04074,52.46214],[-2.04018,52.46166],[-2.03997,52.46113],[-2.04001,52.46012],[-2.03991,52.45972],[-2.03907,52.45851],[-2.03901,52.45834],[-2.03903,52.45812],[-2.03941,52.45754],[-2.03975,52.45725],[-2.04111,52.4567],[-2.04141,52.45651],[-2.04166,52.45624],[-2.04177,52.456],[-2.04179,52.45585],[-2.04171,52.45566]]}},{"type":"Feature","properties":{"NAME":"Boshboil Arm (Dudley No 2 Canal)"},"geometry":{"type":"LineString","coordinates":[[-2.07023,52.49159],[-2.07129,52.49153],[-2.07196,52.49172]]}},{"type":"Feature","properties":{"NAME":"Spon Lane Locks"},"geometry":{"type":"LineString","coordinates":[[-2.00595,52.5072],[-2.00415,52.50708],[-1.9997,52.50698],[-1.99497,52.50665]]}},{"type":"Feature","properties":{"NAME":"Oozells Street Loop (New ML)"},"geometry":{"type":"LineString","coordinates":[[-1.91933,52.47889],[-1.91845,52.47847],[-1.91771,52.47743],[-1.9171,52.47712],[-1.91649,52.47703],[-1.91617,52.47713],[-1.91573,52.4774],[-1.91436,52.4788],[-1.91438,52.47898]]}},{"type":"Feature","properties":{"NAME":"Dudley No 1 Canal"},"geometry":{"type":"LineString","coordinates":[[-2.12352,52.47533],[-2.12281,52.47546],[-2.1189,52.47799],[-2.11872,52.47821],[-2.11838,52.47903],[-2.11809,52.47942],[-2.11714,52.47998],[-2.11612,52.48045],[-2.11564,52.48076],[-2.11562,52.48202],[-2.1155,52.48262],[-2.11447,52.48398],[-2.11438,52.4844],[-2.11435,52.48492],[-2.11445,52.48531],[-2.11459,52.4855],[-2.1155,52.48622],[-2.1158,52.48697],[-2.11578,52.48736],[-2.11513,52.48812],[-2.11476,52.48828],[-2.11351,52.48841],[-2.11301,52.4886],[-2.11248,52.48899],[-2.1122,52.48909],[-2.11111,52.48896],[-2.11077,52.48902],[-2.11062,52.4891],[-2.11037,52.48941],[-2.11008,52.49034],[-2.10992,52.4906],[-2.10963,52.49081],[-2.10913,52.49098],[-2.10865,52.49101],[-2.10735,52.49049],[-2.10636,52.49037],[-2.10564,52.49046],[-2.10437,52.49089],[-2.10368,52.49125],[-2.10206,52.49226],[-2.10111,52.49314],[-2.10011,52.49433],[-2.0988,52.49526],[-2.09839,52.49589],[-2.09829,52.49632],[-2.0983,52.49661],[-2.09859,52.49749],[-2.0991,52.4983],[-2.09972,52.49912],[-2.10026,52.50019],[-2.10059,52.50069],[-2.10061,52.50095],[-2.10038,52.50123]]}},{"type":"Feature","properties":{"NAME":"Bow Creek"},"geometry":{"type":"LineString","coordinates":[[-0.00783,51.52726],[-0.00743,51.52674],[-0.007,51.52643],[-0.00688,51.52624],[-0.00678,51.52584],[-0.00754,51.52461],[-0.00751,51.5232],[-0.00776,51.52273],[-0.00817,51.52225],[-0.00846,51.52166],[-0.00889,51.5211],[-0.00905,51.52051],[-0.00893,51.5199],[-0.00865,51.51968],[-0.00738,51.51911],[-0.00675,51.51868],[-0.00594,51.51766],[-0.00584,51.51695],[-0.00572,51.51678],[-0.00547,51.51662],[-0.005,51.51658],[-0.0045,51.51677],[-0.00419,51.51711],[-0.00386,51.51763],[-0.00364,51.51778],[-0.00308,51.51794],[-0.0023,51.51801],[0.00023,51.51673],[0.00256,51.51588],[0.00329,51.5155],[0.00358,51.5153],[0.0039,51.51479],[0.00398,51.5144],[0.00349,51.51373],[0.00298,51.51282]]}},{"type":"Feature","properties":{"NAME":"Wednesbury Old Canal"},"geometry":{"type":"LineString","coordinates":[[-2.01666,52.51382],[-2.01683,52.51397],[-2.01714,52.51453],[-2.01735,52.51536],[-2.01755,52.51581],[-2.02128,52.52005],[-2.02127,52.52048],[-2.02085,52.52124],[-2.02079,52.5217],[-2.02101,52.52207],[-2.02209,52.52277],[-2.02211,52.52372],[-2.0224,52.52427],[-2.02254,52.5249],[-2.02243,52.52659],[-2.02224,52.5268],[-2.02165,52.52712],[-2.02111,52.52729],[-2.01953,52.52749],[-2.01933,52.52761],[-2.01924,52.52788],[-2.01923,52.5282],[-2.019,52.52847],[-2.01859,52.52867],[-2.01757,52.529]]}},{"type":"Feature","properties":{"NAME":"Soho Loop"},"geometry":{"type":"LineString","coordinates":[[-1.92904,52.48427],[-1.92825,52.48472],[-1.92733,52.48571],[-1.92735,52.48597],[-1.92767,52.48637],[-1.9277,52.48654],[-1.92767,52.48714],[-1.92757,52.48732],[-1.92702,52.48785],[-1.92608,52.48835],[-1.92577,52.48863],[-1.9256,52.48909],[-1.92567,52.48939],[-1.926,52.48977],[-1.92651,52.49006],[-1.92942,52.49144],[-1.93045,52.49173],[-1.93242,52.49211],[-1.93321,52.49207],[-1.93394,52.49173],[-1.93461,52.49159],[-1.93579,52.49151],[-1.93745,52.49158],[-1.93821,52.49153],[-1.94065,52.49155],[-1.94158,52.49144],[-1.94239,52.49114]]}},{"type":"Feature","properties":{"NAME":"Bridgwater & Taunton Canal"},"geometry":{"type":"LineString","coordinates":[[-3.00359,51.1334],[-3.00419,51.1333],[-3.00473,51.13309],[-3.00573,51.133],[-3.00683,51.13265],[-3.00733,51.13236],[-3.00866,51.13227],[-3.00907,51.13218],[-3.00965,51.13187],[-3.01212,51.12868],[-3.01245,51.12746],[-3.01246,51.12718],[-3.0123,51.12673],[-3.01193,51.12619],[-3.0093,51.12465],[-3.00879,51.12441],[-3.00746,51.12418],[-3.00044,51.12337],[-2.99981,51.12324],[-2.99884,51.12292],[-2.99774,51.12225],[-2.99721,51.12178],[-2.99675,51.12116],[-2.99655,51.12066],[-2.99616,51.11903],[-2.99633,51.11797],[-2.99626,51.11734],[-2.99595,51.11666],[-2.99527,51.11594],[-2.99459,51.11551],[-2.99277,51.11457],[-2.99174,51.11421],[-2.98924,51.11355],[-2.98873,51.11335],[-2.98655,51.11122],[-2.98547,51.11054],[-2.98389,51.11009],[-2.98157,51.10976],[-2.98065,51.10939],[-2.98028,51.10913],[-2.97952,51.10839],[-2.9783,51.10703],[-2.97602,51.10575],[-2.97556,51.10503],[-2.97465,51.10147],[-2.97429,51.10045],[-2.974,51.10001],[-2.97271,51.09864],[-2.97254,51.09842],[-2.97241,51.0981],[-2.97222,51.09662],[-2.97233,51.09623],[-2.97297,51.09499],[-2.9729,51.09336],[-2.97283,51.09305],[-2.97239,51.09237],[-2.97125,51.09125],[-2.97067,51.09042],[-2.97042,51.08979],[-2.97021,51.08826],[-2.96986,51.08747],[-2.96988,51.08704],[-2.97016,51.08661],[-2.97196,51.08535],[-2.97389,51.08375],[-2.97475,51.0833],[-2.97607,51.08279],[-2.97643,51.0826],[-2.97675,51.08232],[-2.97697,51.08193],[-2.97742,51.07965],[-2.9779,51.07893],[-2.97847,51.07856],[-2.97896,51.07839],[-2.97981,51.07832],[-2.9804,51.07842],[-2.98177,51.0788],[-2.98281,51.07899],[-2.98503,51.07898],[-2.98765,51.07935],[-2.98832,51.07937],[-2.98894,51.0793],[-2.99002,51.07894],[-2.99585,51.07562],[-2.99642,51.0752],[-2.99677,51.07478],[-2.99683,51.07443],[-2.99676,51.07424],[-2.99554,51.07264],[-2.99476,51.07113],[-2.99427,51.06983],[-2.99416,51.06947],[-2.99408,51.0688],[-2.99389,51.06842],[-2.99372,51.06822],[-2.99333,51.06798],[-2.99247,51.06762],[-2.99049,51.06701],[-2.98973,51.06666],[-2.98942,51.06644],[-2.98904,51.06605],[-2.98881,51.06563],[-2.98865,51.06529],[-2.98851,51.06457],[-2.98856,51.06405],[-2.98894,51.06318],[-2.98911,51.06249],[-2.98912,51.06233],[-2.98869,51.06146],[-2.9887,51.06091],[-2.98892,51.06007],[-2.98891,51.05887],[-2.98912,51.05829],[-2.98991,51.05696],[-2.99039,51.05556],[-2.9908,51.05391],[-2.99055,51.05307],[-2.99058,51.05166],[-2.99138,51.05046],[-2.9916,51.05023],[-2.99218,51.04989],[-2.99307,51.04957],[-2.99351,51.04933],[-2.99407,51.0488],[-2.99421,51.04853],[-2.99423,51.04816],[-2.994,51.04699],[-2.99415,51.04644],[-2.99439,51.04608],[-2.99479,51.04573],[-2.99562,51.04523],[-2.99605,51.04513],[-2.99765,51.04519],[-2.9981,51.04513],[-2.99821,51.04505],[-2.99826,51.04485],[-2.99851,51.04315],[-2.99869,51.04288],[-2.99926,51.04248],[-3.00072,51.042],[-3.00241,51.04118],[-3.00277,51.04094],[-3.00373,51.03933],[-3.00403,51.03904],[-3.00452,51.03877],[-3.0064,51.03817],[-3.00756,51.03765],[-3.01,51.03671],[-3.01038,51.03646],[-3.01064,51.03619],[-3.01147,51.03501],[-3.01262,51.03414],[-3.01333,51.03336],[-3.01392,51.03292],[-3.01566,51.03195],[-3.01589,51.03175],[-3.01666,51.03079],[-3.01765,51.02996],[-3.0188,51.02926],[-3.02152,51.02805],[-3.02282,51.02761],[-3.02496,51.02719],[-3.02571,51.02715],[-3.02803,51.02721],[-3.02956,51.02707],[-3.03092,51.02664],[-3.03276,51.02586],[-3.0342,51.02533],[-3.03757,51.02438],[-3.038,51.02435],[-3.03981,51.02461],[-3.0404,51.02477],[-3.04113,51.02507],[-3.04237,51.02536],[-3.04592,51.02586],[-3.04809,51.02628],[-3.05338,51.02674],[-3.05466,51.02695],[-3.05573,51.02704],[-3.05884,51.0271],[-3.06182,51.02758],[-3.06289,51.02789],[-3.06563,51.0294],[-3.06665,51.02984],[-3.06736,51.03009],[-3.06816,51.03023],[-3.06947,51.03032],[-3.07023,51.0303],[-3.07183,51.02989],[-3.07235,51.02983],[-3.0737,51.02997],[-3.0743,51.02997],[-3.07624,51.02952],[-3.07683,51.02952],[-3.07819,51.02976],[-3.07884,51.02979],[-3.08175,51.02947],[-3.08243,51.02935],[-3.08365,51.02892],[-3.08532,51.0279],[-3.08866,51.02571],[-3.0908,51.02463],[-3.09109,51.02437],[-3.09148,51.02387],[-3.09164,51.02334],[-3.09196,51.0228],[-3.09249,51.02221],[-3.09308,51.02188],[-3.09389,51.02165],[-3.09492,51.0216],[-3.0956,51.02167],[-3.0976,51.0222],[-3.09801,51.02223],[-3.09851,51.02188],[-3.09822,51.02142],[-3.09821,51.02127],[-3.09833,51.02109],[-3.10075,51.02007],[-3.10252,51.01916],[-3.10317,51.01858],[-3.10337,51.01814],[-3.1037,51.01773],[-3.10553,51.01649],[-3.10619,51.01591],[-3.1066,51.01586],[-3.10791,51.01622],[-3.10863,51.01626],[-3.10883,51.01634],[-3.10956,51.01692],[-3.10999,51.01702],[-3.11262,51.0167]]}},{"type":"Feature","properties":{"NAME":"Hockley Port Branch (Soho Loop)"},"geometry":{"type":"LineString","coordinates":[[-1.92863,52.49106],[-1.92624,52.49249]]}},{"type":"Feature","properties":{"NAME":"Bumble Hole Arm (Dudley No 2)"},"geometry":{"type":"LineString","coordinates":[[-2.07248,52.48989],[-2.07259,52.49014],[-2.0728,52.49035],[-2.07425,52.49085],[-2.07484,52.49132],[-2.07492,52.49171],[-2.07482,52.49199],[-2.0746,52.49212],[-2.07406,52.49222]]}},{"type":"Feature","properties":{"NAME":"Calder & Hebble Navigation"},"geometry":{"type":"MultiLineString","coordinates":[[[-1.58809,53.6614],[-1.5793,53.65708],[-1.57851,53.65676],[-1.57726,53.65654],[-1.57419,53.65644],[-1.57276,53.65621],[-1.57155,53.65583],[-1.56741,53.65392],[-1.56604,53.65337],[-1.56211,53.65209],[-1.55732,53.65085],[-1.55023,53.64913],[-1.54872,53.64882],[-1.54798,53.64873],[-1.54654,53.64878],[-1.54382,53.64928],[-1.54283,53.6494],[-1.53634,53.6505],[-1.53454,53.65096],[-1.53444,53.6511],[-1.53362,53.65149],[-1.53354,53.65166],[-1.53292,53.65213],[-1.53165,53.65345],[-1.52803,53.65683],[-1.52541,53.65871],[-1.52314,53.66069],[-1.52257,53.66112],[-1.52098,53.66199],[-1.5195,53.66241],[-1.51866,53.66286],[-1.51576,53.66411],[-1.51487,53.66437],[-1.51417,53.66449],[-1.51292,53.66439],[-1.51148,53.66416],[-1.51029,53.66424],[-1.50615,53.66513],[-1.50537,53.66564],[-1.50496,53.66583],[-1.50451,53.66618],[-1.50387,53.66638],[-1.5025,53.66637],[-1.49949,53.66598],[-1.49823,53.66591],[-1.49719,53.66598],[-1.49653,53.66611],[-1.49592,53.66633],[-1.49545,53.6666],[-1.4947,53.66719],[-1.49331,53.66848],[-1.49202,53.66982],[-1.49188,53.67011],[-1.49183,53.67048],[-1.49186,53.67093],[-1.49176,53.67257],[-1.49188,53.67347],[-1.49175,53.67359],[-1.48835,53.67431],[-1.48764,53.67438],[-1.48394,53.67323],[-1.48364,53.67319],[-1.48139,53.67398]],[[-1.5981,53.66681],[-1.59781,53.66653],[-1.59733,53.66625],[-1.59721,53.66609],[-1.59475,53.66463],[-1.58809,53.6614]],[[-1.5981,53.66681],[-1.59695,53.66668]],[[-1.73625,53.68337],[-1.73628,53.68305],[-1.73619,53.68272],[-1.73568,53.68218],[-1.73498,53.68172],[-1.73488,53.68156],[-1.73489,53.68138]],[[-1.73625,53.68337],[-1.73578,53.683],[-1.73346,53.68156],[-1.73201,53.68124],[-1.73077,53.68135],[-1.73036,53.68168],[-1.7298,53.68195],[-1.72706,53.68287],[-1.72633,53.68323],[-1.72539,53.68384],[-1.72291,53.68331],[-1.72137,53.68278],[-1.72022,53.6817],[-1.719,53.68099],[-1.71625,53.68013],[-1.7139,53.67927],[-1.71359,53.67921],[-1.71289,53.67926],[-1.71245,53.6792],[-1.71118,53.67838],[-1.7091,53.67738],[-1.70769,53.67702],[-1.70628,53.67684],[-1.70424,53.67648],[-1.70274,53.67612],[-1.70034,53.67543],[-1.69948,53.67499],[-1.69793,53.67381],[-1.6976,53.67348],[-1.69634,53.67308],[-1.69507,53.67253],[-1.69119,53.67276],[-1.68765,53.67246],[-1.68517,53.67271],[-1.68266,53.67251],[-1.68171,53.67254],[-1.67951,53.67296],[-1.67846,53.6733],[-1.67613,53.67424],[-1.67485,53.67441],[-1.67443,53.67504],[-1.67404,53.67527],[-1.67372,53.67534],[-1.67322,53.67529],[-1.67257,53.67503],[-1.67093,53.67507],[-1.6684,53.6741],[-1.66786,53.67398],[-1.66442,53.67378],[-1.66394,53.67401],[-1.66159,53.67549],[-1.66049,53.67599],[-1.65845,53.67671],[-1.65554,53.67757],[-1.65322,53.67852],[-1.65276,53.6786],[-1.65207,53.67861],[-1.64922,53.67899],[-1.64824,53.67901],[-1.64764,53.67882],[-1.64619,53.67794],[-1.64457,53.67668],[-1.64307,53.67528],[-1.64229,53.67471],[-1.64143,53.67419],[-1.64058,53.6739],[-1.63833,53.67358],[-1.63698,53.67348],[-1.62972,53.67323],[-1.62758,53.67329],[-1.62628,53.67343],[-1.62476,53.67385],[-1.62355,53.67433],[-1.62297,53.67446],[-1.62239,53.67446],[-1.62195,53.67433],[-1.61998,53.67312],[-1.61845,53.6723],[-1.61024,53.66957],[-1.60951,53.66937],[-1.60766,53.66926],[-1.60425,53.6694],[-1.603,53.6693],[-1.60245,53.66915],[-1.60052,53.66821],[-1.59879,53.66731],[-1.5981,53.66681]],[[-1.90388,53.70975],[-1.9028,53.70997],[-1.89991,53.71027],[-1.89908,53.71032],[-1.89689,53.71029],[-1.8937,53.70988],[-1.89093,53.70943],[-1.88911,53.70891],[-1.88767,53.70841],[-1.88677,53.70796],[-1.88485,53.7067],[-1.88398,53.70598],[-1.88318,53.70561],[-1.88217,53.70495],[-1.87817,53.70288],[-1.87642,53.70218],[-1.87532,53.70199],[-1.87473,53.70176],[-1.87389,53.70127],[-1.87269,53.70019],[-1.8715,53.69946],[-1.87105,53.699],[-1.87081,53.69888],[-1.86937,53.6985],[-1.86745,53.69843],[-1.86529,53.69845],[-1.8617,53.69861],[-1.86037,53.69841],[-1.85913,53.69832],[-1.8573,53.69861],[-1.85726,53.69818],[-1.85767,53.69796],[-1.85783,53.69772],[-1.85782,53.6975],[-1.85694,53.69729],[-1.85601,53.69721],[-1.85526,53.69651],[-1.85414,53.69567],[-1.85147,53.69394],[-1.85096,53.69321],[-1.85052,53.69233],[-1.84932,53.69056],[-1.84819,53.68842],[-1.84744,53.68794],[-1.8469,53.68773],[-1.8464,53.68763],[-1.84497,53.68749],[-1.84368,53.68751],[-1.84253,53.68782],[-1.84086,53.6887],[-1.83979,53.68903],[-1.83785,53.6903],[-1.83675,53.69117],[-1.83563,53.69193],[-1.83477,53.69266],[-1.83073,53.69509],[-1.82988,53.69576],[-1.82906,53.69621],[-1.82811,53.69656],[-1.8271,53.69685],[-1.8253,53.69702],[-1.8241,53.69691],[-1.82348,53.69693],[-1.81013,53.69753],[-1.80696,53.698],[-1.8054,53.69841],[-1.79775,53.70145],[-1.79691,53.7017],[-1.79625,53.70208],[-1.79357,53.70396],[-1.79318,53.70417],[-1.79255,53.70432],[-1.79197,53.70415],[-1.79099,53.70322],[-1.78957,53.70233],[-1.78946,53.70218],[-1.78712,53.70168],[-1.78545,53.70081],[-1.78467,53.70055],[-1.78423,53.70051],[-1.78259,53.70069],[-1.77737,53.7004],[-1.77628,53.70026],[-1.77601,53.69977],[-1.77547,53.69935],[-1.77314,53.69891],[-1.76985,53.69769],[-1.7651,53.69612],[-1.76442,53.69599],[-1.7631,53.69586],[-1.76266,53.69575],[-1.76223,53.69556],[-1.76195,53.69536],[-1.76158,53.69474],[-1.76147,53.69438],[-1.76147,53.69325],[-1.76117,53.69297],[-1.7603,53.69243],[-1.75963,53.69236],[-1.75809,53.69251],[-1.75671,53.69233],[-1.75309,53.69208],[-1.75196,53.69189],[-1.75121,53.69184],[-1.7501,53.6919],[-1.74871,53.69225],[-1.74821,53.69232],[-1.74578,53.6923],[-1.74298,53.69142],[-1.74246,53.69114],[-1.74172,53.69039],[-1.74084,53.68992],[-1.7408,53.6877],[-1.74062,53.6872],[-1.74028,53.68672],[-1.73961,53.68612],[-1.73919,53.68565],[-1.73863,53.68527],[-1.73829,53.68513],[-1.73722,53.68505],[-1.73675,53.68489],[-1.73659,53.68471],[-1.7364,53.68417],[-1.73625,53.68337]]]}},{"type":"Feature","properties":{"NAME":"Dewsbury Arm (Calder & Hebble Nav)"},"geometry":{"type":"LineString","coordinates":[[-1.62202,53.67436],[-1.62205,53.67456],[-1.62214,53.67466],[-1.62237,53.67526],[-1.62301,53.67614],[-1.62307,53.67643],[-1.6228,53.67679],[-1.62258,53.67739],[-1.62205,53.67838],[-1.62192,53.6792],[-1.62195,53.67948],[-1.6221,53.67967],[-1.62241,53.67988],[-1.6229,53.68007],[-1.62378,53.68028],[-1.62445,53.6806],[-1.6247,53.68079],[-1.62517,53.68135],[-1.62539,53.68186],[-1.62543,53.68239],[-1.62561,53.6832],[-1.6256,53.68341],[-1.62533,53.68391],[-1.62373,53.68386]]}},{"type":"Feature","properties":{"NAME":"Coventry Canal"},"geometry":{"type":"MultiLineString","coordinates":[[[-1.51223,52.41281],[-1.51172,52.41303],[-1.5115,52.41323],[-1.51032,52.41495],[-1.50991,52.41575],[-1.50993,52.41599],[-1.51005,52.41611],[-1.51156,52.41666],[-1.51173,52.41688],[-1.51178,52.41722],[-1.51161,52.41746],[-1.51127,52.41768],[-1.51029,52.41794],[-1.50916,52.41836],[-1.50835,52.41904],[-1.50807,52.41959],[-1.50765,52.42181],[-1.50653,52.4239],[-1.50633,52.42409],[-1.50608,52.42418],[-1.5057,52.42419],[-1.50529,52.42405],[-1.50346,52.42295],[-1.50366,52.42235],[-1.50386,52.42084],[-1.50373,52.42046],[-1.50347,52.42023],[-1.50314,52.42005],[-1.50123,52.41955],[-1.49979,52.41956],[-1.49843,52.41974],[-1.49784,52.41964],[-1.49738,52.41934],[-1.49616,52.41798],[-1.49572,52.41765],[-1.49537,52.41752],[-1.49485,52.41745],[-1.49154,52.41741],[-1.49101,52.41757],[-1.49065,52.41777],[-1.49007,52.4182],[-1.48917,52.419],[-1.48637,52.42509],[-1.48567,52.4275],[-1.48557,52.42823],[-1.4858,52.42887],[-1.4862,52.42929],[-1.48917,52.43137],[-1.48984,52.43192],[-1.49084,52.43351],[-1.49085,52.43395],[-1.49052,52.43461],[-1.48777,52.43742],[-1.48763,52.43768],[-1.48761,52.43793],[-1.48805,52.44149],[-1.48818,52.44195],[-1.48875,52.44311],[-1.48898,52.44329],[-1.48951,52.44343],[-1.48989,52.44366],[-1.49008,52.44428],[-1.49023,52.44454],[-1.49141,52.44562],[-1.49171,52.44601],[-1.49193,52.44644],[-1.49199,52.44703],[-1.49192,52.44805],[-1.49177,52.44879],[-1.4915,52.44948],[-1.49133,52.44977],[-1.49094,52.45021],[-1.49024,52.45078],[-1.48833,52.45196],[-1.48731,52.45226],[-1.48667,52.45236],[-1.48542,52.45243],[-1.48502,52.45256],[-1.48478,52.4529],[-1.48472,52.4537],[-1.48462,52.45412],[-1.4844,52.45462],[-1.48386,52.45514],[-1.48335,52.45539],[-1.47914,52.45685],[-1.47816,52.45706],[-1.47755,52.45708],[-1.47667,52.457],[-1.47435,52.45673],[-1.47299,52.45648],[-1.47245,52.45653],[-1.4717,52.45672]],[[-1.4717,52.45672],[-1.46867,52.45815],[-1.46684,52.45917],[-1.46547,52.46016],[-1.46528,52.46036],[-1.4649,52.4611],[-1.46476,52.4615],[-1.46465,52.4622],[-1.46424,52.46281],[-1.46419,52.46313],[-1.46468,52.46551],[-1.46517,52.4667],[-1.46532,52.46724],[-1.46532,52.46822],[-1.46499,52.46953],[-1.46498,52.46979],[-1.46512,52.47016],[-1.46571,52.47106],[-1.46574,52.47121],[-1.46566,52.47138],[-1.46533,52.47161],[-1.46412,52.47211],[-1.45502,52.47735],[-1.4541,52.47812],[-1.45353,52.47923],[-1.4535,52.47959],[-1.45367,52.47991],[-1.45406,52.48026],[-1.45989,52.4849],[-1.46009,52.48515],[-1.46003,52.48547],[-1.45862,52.48772],[-1.45826,52.48867],[-1.45833,52.48922],[-1.45858,52.48961],[-1.45939,52.49005],[-1.45996,52.49018],[-1.46065,52.49021],[-1.46216,52.49004],[-1.46259,52.49011],[-1.4629,52.49022],[-1.46339,52.49054],[-1.46376,52.49102],[-1.4637,52.49132],[-1.46299,52.49185],[-1.46262,52.49238],[-1.46256,52.49269],[-1.4626,52.49325],[-1.46238,52.49445],[-1.46268,52.49525],[-1.46257,52.49597],[-1.46245,52.49623],[-1.46199,52.49681],[-1.46182,52.49729],[-1.46195,52.49865],[-1.46152,52.49919],[-1.46083,52.49957],[-1.46054,52.4998],[-1.46035,52.50004],[-1.46027,52.50032],[-1.46066,52.50164],[-1.46082,52.50203],[-1.46103,52.50234],[-1.46137,52.5025],[-1.4625,52.50257],[-1.4628,52.50278],[-1.46302,52.50316],[-1.46307,52.50359],[-1.46292,52.50385],[-1.46269,52.504],[-1.46203,52.5042],[-1.46175,52.50448],[-1.46149,52.50547],[-1.46159,52.50581],[-1.46289,52.50809],[-1.4632,52.50837],[-1.46359,52.50857],[-1.46414,52.50875],[-1.46504,52.50892],[-1.4656,52.50917],[-1.46602,52.50966],[-1.46622,52.51022],[-1.46636,52.51042],[-1.46701,52.51092],[-1.46753,52.51116],[-1.46784,52.51138],[-1.46824,52.51204],[-1.46853,52.51234],[-1.46953,52.51299],[-1.47207,52.51428],[-1.47228,52.51453],[-1.47269,52.51547],[-1.47335,52.51602],[-1.47582,52.51747],[-1.47744,52.51829],[-1.47977,52.51915],[-1.48106,52.51934],[-1.48172,52.5196],[-1.48221,52.51999],[-1.48248,52.52061],[-1.48288,52.5211],[-1.48411,52.52177],[-1.48534,52.52226],[-1.4859,52.5227],[-1.48618,52.52302],[-1.4864,52.5234],[-1.48693,52.52476],[-1.48713,52.52579],[-1.48702,52.52614],[-1.48676,52.52659],[-1.48587,52.52718],[-1.48466,52.52742],[-1.48309,52.52799],[-1.48246,52.52814],[-1.4819,52.52842],[-1.48148,52.52868],[-1.48092,52.52921],[-1.48045,52.52979],[-1.48025,52.53027],[-1.48017,52.53212],[-1.48025,52.53264],[-1.48144,52.53427],[-1.48215,52.53509],[-1.48253,52.53542],[-1.48346,52.53588],[-1.4846,52.53617],[-1.48536,52.53621],[-1.48727,52.5361],[-1.48786,52.53612],[-1.48865,52.53622],[-1.48918,52.53642],[-1.48934,52.53661],[-1.48939,52.53687],[-1.48906,52.53764],[-1.48906,52.5379],[-1.48933,52.53826],[-1.48987,52.53851],[-1.49037,52.53856],[-1.49099,52.53853],[-1.49151,52.53864],[-1.49186,52.53891],[-1.49194,52.53927],[-1.49192,52.53961],[-1.49205,52.53987],[-1.49237,52.54014],[-1.49274,52.54029],[-1.49408,52.54053],[-1.49598,52.5413],[-1.4973,52.5424],[-1.4985,52.54327],[-1.49871,52.54354],[-1.49889,52.54408],[-1.49905,52.54435],[-1.49949,52.54473],[-1.5011,52.54525],[-1.50175,52.54563],[-1.50235,52.54612],[-1.50296,52.54646],[-1.50376,52.54682],[-1.5049,52.5472],[-1.5052,52.54741],[-1.50573,52.54796],[-1.50693,52.54876],[-1.50736,52.54892],[-1.50787,52.54899],[-1.50824,52.54917],[-1.50895,52.54995],[-1.50941,52.55022],[-1.51007,52.55046],[-1.51168,52.55063],[-1.5121,52.55078],[-1.51238,52.55097],[-1.51291,52.55155],[-1.5138,52.552],[-1.51426,52.55235],[-1.51519,52.55288],[-1.51615,52.55359],[-1.51675,52.55392],[-1.51734,52.55416],[-1.51783,52.55426],[-1.51973,52.55444],[-1.52085,52.5545],[-1.52429,52.55431],[-1.52458,52.55433],[-1.52509,52.55451],[-1.52548,52.55485],[-1.52574,52.55526],[-1.52617,52.55563],[-1.52654,52.55584],[-1.52753,52.55612],[-1.52794,52.55634],[-1.52831,52.55677],[-1.52874,52.55747],[-1.52942,52.55812],[-1.53064,52.55853],[-1.53088,52.55869],[-1.531,52.55887],[-1.53109,52.55933],[-1.53108,52.56015],[-1.53125,52.56047],[-1.53158,52.56078],[-1.53215,52.56116],[-1.53249,52.56165],[-1.53335,52.56233],[-1.53438,52.56288],[-1.5349,52.56302],[-1.53561,52.56298],[-1.53614,52.56287],[-1.53657,52.56291],[-1.53748,52.56349],[-1.53841,52.56372],[-1.53888,52.56395],[-1.53962,52.56484],[-1.54039,52.56559],[-1.54046,52.56578],[-1.54041,52.56601],[-1.5402,52.56634],[-1.54018,52.56696],[-1.53932,52.56827],[-1.53931,52.56849],[-1.53952,52.5687],[-1.53998,52.56901],[-1.54046,52.5692],[-1.54108,52.56919],[-1.54154,52.56908],[-1.54204,52.56913],[-1.54275,52.56961],[-1.54375,52.57011],[-1.54426,52.5703],[-1.54558,52.57064],[-1.5461,52.5709],[-1.54756,52.57222],[-1.54902,52.57401],[-1.54982,52.57453],[-1.55212,52.57572],[-1.55241,52.57595],[-1.55267,52.57635],[-1.55439,52.57971],[-1.5549,52.58031],[-1.55567,52.58077],[-1.56008,52.5828],[-1.56051,52.58311],[-1.56702,52.59006],[-1.56862,52.59235],[-1.56941,52.59318],[-1.56977,52.59343],[-1.57253,52.59492],[-1.57449,52.59621],[-1.57565,52.59665],[-1.58147,52.5992],[-1.58299,52.60001],[-1.58427,52.60143],[-1.58689,52.60362],[-1.58705,52.60389],[-1.58705,52.60423],[-1.58686,52.60541],[-1.58754,52.60838],[-1.58855,52.6097],[-1.58885,52.61091],[-1.58921,52.61158],[-1.58958,52.61203],[-1.59015,52.61251],[-1.59225,52.61333],[-1.59486,52.61368],[-1.59665,52.61428],[-1.59727,52.61471],[-1.59762,52.61507],[-1.59788,52.61563],[-1.5981,52.61642],[-1.59835,52.61684],[-1.5987,52.6171],[-1.59952,52.61736],[-1.60043,52.61736],[-1.60248,52.61694],[-1.60464,52.61626],[-1.60596,52.61543],[-1.6066,52.61527],[-1.61101,52.6154],[-1.61324,52.61573],[-1.6144,52.61559],[-1.61531,52.61559],[-1.61927,52.61689],[-1.61956,52.6171],[-1.61969,52.61735],[-1.61967,52.61756],[-1.6193,52.61844],[-1.61958,52.61952],[-1.61963,52.62074],[-1.61945,52.62134],[-1.61923,52.62172],[-1.61873,52.62223],[-1.61863,52.62241],[-1.61799,52.62433],[-1.61771,52.62486],[-1.61751,52.62545],[-1.61739,52.62608],[-1.61739,52.62663],[-1.61742,52.6269],[-1.61767,52.6276],[-1.6181,52.62811],[-1.61864,52.62848],[-1.61909,52.62868],[-1.62011,52.62898],[-1.62166,52.62927],[-1.62777,52.63012],[-1.6285,52.63035],[-1.62878,52.63051],[-1.6301,52.63168],[-1.63043,52.63206],[-1.63062,52.63243],[-1.63068,52.63282],[-1.63034,52.63444],[-1.62997,52.63522],[-1.62981,52.63575],[-1.62991,52.63604],[-1.63018,52.63621],[-1.63277,52.63673],[-1.63457,52.63696],[-1.63645,52.63676],[-1.63711,52.63677],[-1.64349,52.63743],[-1.64417,52.63742],[-1.64639,52.63717],[-1.64718,52.63716],[-1.64801,52.63732],[-1.65209,52.63866],[-1.65257,52.63879],[-1.65317,52.63884],[-1.65389,52.63871],[-1.65445,52.63845],[-1.6554,52.63787],[-1.65575,52.63774],[-1.6564,52.63758],[-1.6574,52.63748],[-1.6581,52.63703],[-1.65915,52.63666],[-1.66269,52.63581],[-1.67205,52.63408],[-1.67261,52.63385],[-1.67302,52.63348],[-1.67337,52.63305],[-1.6782,52.62951],[-1.67895,52.62887],[-1.68433,52.62365],[-1.68499,52.62331],[-1.68901,52.62182],[-1.68947,52.62154],[-1.68991,52.62112],[-1.69023,52.62055],[-1.69031,52.62003],[-1.69027,52.618],[-1.69035,52.61781],[-1.69055,52.61764],[-1.69116,52.61745],[-1.69987,52.61552],[-1.70055,52.61543],[-1.70121,52.61545],[-1.70181,52.61553],[-1.70229,52.61572],[-1.70357,52.61651],[-1.70431,52.61706],[-1.70766,52.61908],[-1.70809,52.61956],[-1.70842,52.62009],[-1.70883,52.62059],[-1.70981,52.62138],[-1.71006,52.6221],[-1.71105,52.62414],[-1.71199,52.62535],[-1.71237,52.62559],[-1.71275,52.62573],[-1.71462,52.62617],[-1.72033,52.62814],[-1.72126,52.62853],[-1.72387,52.63053],[-1.72575,52.63184],[-1.72631,52.63212],[-1.72729,52.63234],[-1.72855,52.63238],[-1.73025,52.63232],[-1.73071,52.63238],[-1.73128,52.63257],[-1.7317,52.63287],[-1.73192,52.63317],[-1.73208,52.63442],[-1.7324,52.63484],[-1.73295,52.6352],[-1.73347,52.63541],[-1.73487,52.63571],[-1.73561,52.63616],[-1.73593,52.63661],[-1.73605,52.63708],[-1.73598,52.63788],[-1.73622,52.63855],[-1.73643,52.6396],[-1.73632,52.64013],[-1.73636,52.64052],[-1.73703,52.64158],[-1.73734,52.64266],[-1.73767,52.64344],[-1.73771,52.64376],[-1.73762,52.644],[-1.7374,52.64422],[-1.73663,52.64459],[-1.73626,52.64498],[-1.73628,52.64559],[-1.73642,52.64648],[-1.73625,52.64732],[-1.73622,52.6483],[-1.73603,52.64877],[-1.73543,52.64956],[-1.73519,52.65017],[-1.73491,52.65317],[-1.73483,52.65348],[-1.73442,52.65422],[-1.73449,52.65524],[-1.73432,52.65594],[-1.73385,52.65657],[-1.73275,52.65715],[-1.73245,52.6575],[-1.73244,52.6578],[-1.73273,52.65852],[-1.73273,52.65903],[-1.73259,52.65963],[-1.73268,52.66006],[-1.73287,52.66027],[-1.73439,52.66127],[-1.73462,52.66152],[-1.735,52.66198],[-1.73535,52.66268],[-1.73636,52.66425],[-1.73651,52.66478],[-1.73671,52.66515],[-1.74019,52.66884],[-1.74079,52.66935],[-1.7413,52.66959],[-1.7422,52.66979],[-1.74271,52.66973],[-1.7439,52.66941],[-1.74499,52.66945],[-1.74651,52.66975],[-1.74765,52.6706],[-1.74794,52.67067],[-1.75001,52.67076],[-1.75171,52.67066],[-1.75334,52.67068],[-1.75406,52.67062],[-1.75446,52.67067],[-1.75495,52.67085],[-1.75517,52.67103],[-1.75546,52.67153],[-1.75552,52.67205]],[[-1.75551,52.67205],[-1.75564,52.67283],[-1.75558,52.67406],[-1.75546,52.67464],[-1.75519,52.67523],[-1.75517,52.67541],[-1.75528,52.67603],[-1.75559,52.67642],[-1.75827,52.67753],[-1.7592,52.6777],[-1.76142,52.67779],[-1.76336,52.67767],[-1.76433,52.67773],[-1.76488,52.67796],[-1.76511,52.67812],[-1.76614,52.6793],[-1.76716,52.67988],[-1.76771,52.68008],[-1.76986,52.68063],[-1.77159,52.68146],[-1.77209,52.68164],[-1.77504,52.68208],[-1.77592,52.68238],[-1.77674,52.68283],[-1.77706,52.68335],[-1.77705,52.68408],[-1.77689,52.68465],[-1.7769,52.68484],[-1.77709,52.68532],[-1.77735,52.68563],[-1.77823,52.68635],[-1.78,52.68692],[-1.78148,52.68775],[-1.78197,52.68809],[-1.78226,52.68867],[-1.78227,52.68919],[-1.78174,52.69044],[-1.7816,52.69097],[-1.7816,52.69136],[-1.78173,52.69192],[-1.78272,52.69363],[-1.78309,52.69472],[-1.78329,52.69507],[-1.78347,52.69657],[-1.78339,52.69684],[-1.78214,52.69793],[-1.78164,52.69845],[-1.78008,52.6996],[-1.7783,52.70103],[-1.77778,52.70129],[-1.77714,52.70142],[-1.77583,52.70136],[-1.77462,52.70152],[-1.77218,52.70127],[-1.77084,52.70101],[-1.77003,52.70104],[-1.76944,52.7012],[-1.76858,52.70162],[-1.76742,52.70205],[-1.76645,52.7025],[-1.76579,52.703],[-1.76525,52.70363],[-1.76434,52.70552],[-1.76429,52.70583],[-1.76435,52.70612],[-1.76453,52.70643],[-1.76573,52.70769],[-1.76586,52.70805],[-1.76583,52.71057],[-1.76589,52.71091],[-1.76623,52.71157],[-1.76613,52.71222],[-1.76587,52.71323],[-1.76586,52.71351],[-1.76592,52.71376],[-1.76614,52.71412],[-1.76634,52.71439],[-1.76678,52.71474],[-1.76743,52.71507],[-1.76787,52.71522],[-1.77055,52.71585],[-1.77131,52.71588],[-1.77283,52.71581],[-1.77356,52.7159],[-1.77575,52.71675],[-1.77693,52.71731],[-1.77997,52.71795],[-1.78045,52.7181],[-1.78095,52.71834],[-1.78125,52.7186],[-1.78168,52.7194],[-1.78198,52.7197],[-1.78269,52.72008],[-1.78389,52.72037],[-1.78486,52.72113],[-1.78541,52.72136],[-1.78594,52.72145],[-1.78878,52.72184],[-1.78991,52.72186],[-1.79054,52.72197],[-1.7911,52.7222],[-1.79314,52.72337],[-1.79349,52.72363]]]}},{"type":"Feature","properties":{"NAME":"Clarence Dock"},"geometry":{"type":"LineString","coordinates":[[-1.53377,53.79282],[-1.53279,53.79008]]}},{"type":"Feature","properties":{"NAME":"Chesterfield Canal"},"geometry":{"type":"MultiLineString","coordinates":[[[-1.05529,53.31347],[-1.05586,53.31315],[-1.0575,53.31273],[-1.05801,53.3125],[-1.05893,53.31179],[-1.05973,53.31127],[-1.06252,53.30962],[-1.06307,53.30945],[-1.06442,53.30936],[-1.06552,53.30912],[-1.06712,53.30871],[-1.0679,53.30839],[-1.07062,53.30694],[-1.07152,53.30639],[-1.07226,53.3058],[-1.07265,53.30503],[-1.07381,53.30438],[-1.07795,53.30363],[-1.08115,53.30362],[-1.08171,53.30356],[-1.08299,53.30323],[-1.08522,53.30221],[-1.08659,53.30166],[-1.08742,53.30164],[-1.08786,53.30155],[-1.08873,53.30112],[-1.08909,53.30109],[-1.09029,53.30117],[-1.09135,53.3014],[-1.09464,53.3023],[-1.09643,53.30312],[-1.0983,53.30373],[-1.09978,53.30395],[-1.10042,53.30398],[-1.10383,53.30394],[-1.1041,53.30398],[-1.10435,53.30419],[-1.10454,53.3053],[-1.10461,53.30542],[-1.10502,53.30557],[-1.1058,53.30559],[-1.10687,53.3055],[-1.10756,53.30556],[-1.10925,53.30586],[-1.11078,53.30638],[-1.11299,53.30666],[-1.11907,53.30699],[-1.11989,53.30702],[-1.12508,53.30677],[-1.12633,53.30691],[-1.1275,53.30678],[-1.12912,53.3067],[-1.12981,53.30679],[-1.13035,53.307],[-1.13117,53.30756],[-1.1314,53.30782],[-1.13166,53.30829],[-1.13274,53.30945],[-1.13318,53.30981],[-1.13382,53.31015],[-1.13438,53.3103],[-1.13748,53.3105],[-1.13878,53.3107],[-1.14107,53.31125],[-1.14617,53.31271],[-1.14679,53.31297],[-1.14739,53.31339],[-1.14936,53.31547],[-1.15011,53.3158],[-1.15315,53.31642],[-1.15813,53.31689],[-1.15862,53.31696],[-1.15932,53.31716],[-1.15981,53.31745],[-1.16121,53.31888],[-1.16374,53.3201],[-1.16475,53.32083],[-1.16602,53.32253],[-1.16659,53.32298],[-1.16792,53.32424],[-1.16891,53.32474],[-1.17017,53.32505],[-1.17132,53.32516],[-1.1723,53.32504],[-1.17309,53.32484],[-1.17386,53.3248],[-1.17429,53.32487],[-1.17585,53.32542],[-1.17769,53.32566],[-1.18234,53.32598],[-1.18356,53.32583],[-1.18428,53.32586],[-1.18618,53.32612],[-1.18706,53.32632],[-1.18779,53.3268],[-1.18835,53.32704],[-1.18885,53.32703],[-1.18963,53.32675],[-1.19003,53.3267],[-1.19039,53.32674],[-1.19298,53.32744],[-1.19465,53.32781],[-1.19822,53.32804],[-1.19927,53.32835],[-1.2,53.32867],[-1.20171,53.32918],[-1.20231,53.32916],[-1.20288,53.32895],[-1.20343,53.32853],[-1.20387,53.32776],[-1.20415,53.32756],[-1.20461,53.32737],[-1.20547,53.32726],[-1.20688,53.32738],[-1.20985,53.32827],[-1.21068,53.3286],[-1.21268,53.32989],[-1.21438,53.33078],[-1.21587,53.33178],[-1.22055,53.33341],[-1.22107,53.33346],[-1.22147,53.3334],[-1.22181,53.33346],[-1.22275,53.334],[-1.22361,53.33418],[-1.22526,53.3344],[-1.22741,53.33441],[-1.22865,53.33468],[-1.2316,53.33517],[-1.23276,53.33543],[-1.23419,53.33589],[-1.23575,53.33611],[-1.23781,53.33657],[-1.23831,53.33658],[-1.23905,53.33645],[-1.2403,53.33606],[-1.2413,53.33586],[-1.24298,53.3358],[-1.24665,53.33659],[-1.249,53.33728],[-1.24989,53.33742],[-1.25033,53.33741],[-1.25495,53.33694],[-1.26072,53.33609],[-1.26739,53.33521]],[[-1.04126,53.31555],[-1.04266,53.31553],[-1.0433,53.31546],[-1.04559,53.31497],[-1.04672,53.31465],[-1.04818,53.31457],[-1.04871,53.31447],[-1.05189,53.31342],[-1.05232,53.31342],[-1.05408,53.31377],[-1.0547,53.31373],[-1.05529,53.31347]],[[-1.03226,53.31856],[-1.03252,53.3182],[-1.03264,53.31788],[-1.03265,53.31759],[-1.03251,53.31679],[-1.03255,53.31664],[-1.03278,53.31648],[-1.03312,53.31643],[-1.03425,53.31679],[-1.03474,53.31668],[-1.03502,53.31642],[-1.03513,53.31621],[-1.03526,53.31532],[-1.03537,53.31518],[-1.03566,53.31503],[-1.03713,53.31468],[-1.03777,53.31466],[-1.03825,53.31478],[-1.03949,53.31538],[-1.03999,53.31547],[-1.04127,53.31555]],[[-1.0256,53.32213],[-1.0247,53.32178],[-1.02448,53.32151],[-1.02446,53.32139],[-1.0246,53.3211],[-1.02529,53.32071],[-1.02547,53.32046],[-1.02552,53.31994],[-1.02522,53.31933],[-1.02534,53.31911],[-1.02572,53.31901],[-1.02631,53.31901],[-1.02652,53.31911],[-1.02683,53.31945],[-1.02802,53.32024],[-1.02858,53.32024],[-1.02918,53.32008],[-1.03028,53.31961],[-1.03148,53.31919],[-1.03227,53.31856]],[[-1.02646,53.33085],[-1.02642,53.33041],[-1.02654,53.32838],[-1.02638,53.32592],[-1.02625,53.32531],[-1.02628,53.32402],[-1.02635,53.32382],[-1.02669,53.32359],[-1.02675,53.32346],[-1.02658,53.32312],[-1.02621,53.32262],[-1.02589,53.32231],[-1.02559,53.32213]],[[-1.01589,53.33317],[-1.01711,53.33312],[-1.01818,53.33283],[-1.01854,53.33282],[-1.01909,53.33297],[-1.02178,53.33417],[-1.02241,53.3343],[-1.02284,53.33426],[-1.02344,53.33395],[-1.02662,53.33166],[-1.02663,53.33146],[-1.02646,53.33085]],[[-0.91096,53.34783],[-0.91002,53.34579],[-0.9101,53.34569],[-0.91185,53.34481],[-0.91241,53.34438],[-0.91477,53.34185],[-0.91536,53.34045],[-0.91589,53.33872],[-0.91592,53.33829],[-0.91586,53.338],[-0.91573,53.3377],[-0.91384,53.33509],[-0.9137,53.33474],[-0.91368,53.3345],[-0.91379,53.33416],[-0.91432,53.33349],[-0.91644,53.33126],[-0.91697,53.3309],[-0.91759,53.33065],[-0.92161,53.32962],[-0.92332,53.32891],[-0.92369,53.32862],[-0.92377,53.328],[-0.92395,53.32771],[-0.92477,53.32721],[-0.92532,53.32707],[-0.92658,53.32713],[-0.92732,53.32691],[-0.92777,53.32659],[-0.92795,53.3263],[-0.92802,53.32599],[-0.92791,53.32456],[-0.92808,53.32423],[-0.92831,53.32404],[-0.92907,53.32375],[-0.93174,53.32315],[-0.93275,53.32255],[-0.93354,53.32229],[-0.93425,53.32223],[-0.93506,53.32233],[-0.93534,53.32227],[-0.93564,53.32211],[-0.93574,53.32184],[-0.93596,53.32163],[-0.93611,53.32136],[-0.93663,53.32088],[-0.93961,53.31947],[-0.94042,53.31911],[-0.9408,53.31901],[-0.94221,53.319],[-0.9435,53.31909],[-0.94836,53.31923],[-0.94922,53.31941],[-0.94941,53.31956],[-0.94953,53.3198],[-0.94976,53.32126],[-0.95158,53.32203],[-0.95216,53.32234],[-0.95231,53.32258],[-0.9524,53.32342],[-0.95276,53.32378],[-0.9567,53.32592],[-0.9571,53.32608],[-0.95778,53.32619],[-0.96097,53.32614],[-0.96254,53.32644],[-0.96463,53.32698],[-0.96678,53.32809],[-0.96848,53.32854],[-0.96946,53.3285],[-0.9719,53.32826],[-0.97247,53.32841],[-0.97266,53.32856],[-0.97271,53.3287],[-0.9727,53.32883],[-0.97243,53.32921],[-0.97241,53.32941],[-0.97248,53.32967],[-0.97376,53.33123],[-0.97423,53.33162],[-0.97462,53.33177],[-0.9766,53.33223],[-0.97689,53.33235],[-0.9774,53.33271],[-0.97772,53.33283],[-0.97987,53.33319],[-0.98231,53.3345],[-0.98396,53.3349],[-0.98429,53.33509],[-0.98613,53.33671],[-0.9872,53.33778],[-0.98922,53.33917],[-0.99021,53.33968],[-0.99164,53.34013],[-0.99455,53.34125],[-0.99514,53.34125],[-0.99592,53.34109],[-0.99705,53.34056],[-0.99792,53.34032],[-1.00369,53.33918],[-1.00492,53.33865],[-1.00498,53.33844],[-1.00478,53.33744],[-1.00494,53.33721],[-1.00545,53.33691],[-1.00615,53.33665],[-1.01032,53.33567],[-1.01185,53.33523],[-1.01324,53.33448],[-1.01493,53.33339],[-1.01518,53.33329],[-1.01589,53.33317]],[[-0.9096,53.35625],[-0.90892,53.35365],[-0.909,53.35308],[-0.90915,53.3526],[-0.90933,53.35231],[-0.91156,53.35022],[-0.91183,53.34986],[-0.91183,53.34965],[-0.91096,53.34783]],[[-0.90428,53.36449],[-0.90614,53.36269],[-0.9064,53.36234],[-0.90789,53.35919],[-0.9084,53.35863],[-0.9091,53.35801],[-0.90953,53.35746],[-0.90973,53.35697],[-0.90973,53.35672],[-0.90961,53.35625]],[[-0.89405,53.37077],[-0.89476,53.37021],[-0.89544,53.36986],[-0.89637,53.36956],[-0.89772,53.36934],[-0.89955,53.36837],[-0.90261,53.36612],[-0.90428,53.36449]],[[-0.89622,53.37853],[-0.89466,53.37746],[-0.89383,53.37664],[-0.89253,53.37566],[-0.89229,53.37539],[-0.89157,53.37405],[-0.89153,53.37371],[-0.89172,53.37332],[-0.89348,53.37131],[-0.89405,53.37077]],[[-0.90703,53.38072],[-0.90661,53.38023],[-0.90629,53.38003],[-0.90563,53.37984],[-0.90503,53.37982],[-0.9041,53.38003],[-0.90371,53.38018],[-0.90353,53.38028],[-0.90239,53.38145],[-0.90203,53.38159],[-0.90159,53.38161],[-0.90123,53.38148],[-0.90056,53.38102],[-0.89622,53.37853]],[[-0.9138,53.38758],[-0.91438,53.38657],[-0.91448,53.38614],[-0.91449,53.3854],[-0.91418,53.38481],[-0.91395,53.38461],[-0.91354,53.38442],[-0.91277,53.38424],[-0.91197,53.38416],[-0.91094,53.38372],[-0.9094,53.38258],[-0.90782,53.38153],[-0.90704,53.38072]],[[-0.91864,53.39538],[-0.91585,53.39373],[-0.91549,53.39337],[-0.91502,53.39273],[-0.91469,53.39245],[-0.91392,53.39203],[-0.9136,53.39173],[-0.91349,53.39147],[-0.91339,53.39083],[-0.91336,53.39017],[-0.91338,53.38998],[-0.91356,53.38966],[-0.9135,53.38829],[-0.91379,53.38758]],[[-0.81881,53.44214],[-0.81959,53.44267],[-0.82061,53.44283],[-0.83452,53.44289],[-0.83689,53.44255],[-0.83783,53.44256],[-0.83886,53.44277],[-0.84113,53.44237],[-0.84331,53.4419],[-0.84477,53.44133],[-0.84655,53.44096],[-0.84747,53.44055],[-0.84985,53.43973],[-0.85069,53.43972],[-0.85154,53.43994],[-0.85186,53.44022],[-0.85201,53.44087],[-0.85213,53.44102],[-0.85241,53.44117],[-0.85273,53.44123],[-0.85315,53.44117],[-0.85508,53.44034],[-0.85549,53.4403],[-0.85718,53.44037],[-0.85831,53.44035],[-0.86193,53.43897],[-0.86357,53.43814],[-0.86441,53.43757],[-0.86683,53.4353],[-0.86717,53.4347],[-0.86728,53.43433],[-0.8673,53.43306],[-0.86694,53.43193],[-0.86661,53.43124],[-0.86628,53.43069],[-0.86562,53.42985],[-0.86557,53.42963],[-0.8656,53.42936],[-0.8658,53.42904],[-0.86683,53.42809],[-0.86718,53.42746],[-0.8679,53.42577],[-0.86827,53.42526],[-0.86902,53.42464],[-0.86997,53.42405],[-0.87054,53.42378],[-0.87163,53.42347],[-0.8778,53.42243],[-0.88251,53.42098],[-0.88321,53.42097],[-0.8855,53.42142],[-0.88612,53.42145],[-0.88692,53.42138],[-0.88804,53.4211],[-0.88844,53.42094],[-0.89052,53.41933],[-0.89123,53.41904],[-0.89698,53.41807],[-0.89835,53.41773],[-0.90389,53.41705],[-0.9052,53.4167],[-0.90657,53.4162],[-0.90781,53.41596],[-0.90951,53.41573],[-0.91194,53.41558],[-0.91529,53.41521],[-0.91836,53.41428],[-0.9193,53.41405],[-0.92141,53.41367],[-0.9268,53.41296],[-0.92809,53.41273],[-0.93159,53.41172],[-0.93344,53.4113],[-0.93507,53.41084],[-0.93837,53.41019],[-0.93977,53.41004],[-0.94017,53.40985],[-0.94025,53.40952],[-0.9398,53.40886],[-0.93862,53.40566],[-0.93518,53.4056],[-0.93389,53.40594],[-0.93328,53.40602],[-0.93281,53.40598],[-0.93131,53.40556],[-0.93031,53.40535],[-0.92488,53.40442],[-0.92298,53.40426],[-0.92242,53.40415],[-0.92088,53.40364],[-0.91933,53.40275],[-0.91896,53.40235],[-0.91878,53.40202],[-0.91874,53.40115],[-0.91884,53.39999],[-0.91909,53.39965],[-0.91943,53.39943],[-0.91987,53.39934],[-0.92088,53.39932],[-0.92125,53.39922],[-0.92164,53.399],[-0.9218,53.39875],[-0.92187,53.39749],[-0.92171,53.39708],[-0.92135,53.39676],[-0.92015,53.39626],[-0.91864,53.39538]]]}},{"type":"Feature","properties":{"NAME":"City Mill River"},"geometry":{"type":"LineString","coordinates":[[-0.01658,51.54131],[-0.0156,51.54081],[-0.01391,51.53948],[-0.01385,51.53921],[-0.01432,51.53773],[-0.01431,51.5374],[-0.01423,51.53727],[-0.0137,51.53659],[-0.01339,51.53633],[-0.01212,51.53553],[-0.01138,51.53516],[-0.01109,51.53485],[-0.01003,51.53411],[-0.00973,51.53382],[-0.00951,51.5335],[-0.00959,51.53293]]}},{"type":"Feature","properties":{"NAME":"Leek Branch (Caldon Canal)"},"geometry":{"type":"LineString","coordinates":[[-2.07996,53.08116],[-2.07966,53.08096],[-2.07873,53.08067],[-2.07745,53.0801],[-2.0767,53.07986],[-2.07573,53.07985],[-2.07511,53.07993],[-2.07448,53.08011],[-2.07372,53.08043],[-2.07323,53.08048],[-2.07187,53.08035],[-2.07128,53.0802],[-2.07024,53.07977],[-2.06997,53.07977],[-2.06821,53.0803],[-2.06723,53.08039],[-2.06532,53.08004],[-2.06408,53.07957],[-2.06355,53.07948],[-2.0611,53.08005],[-2.06076,53.08024],[-2.05984,53.08104],[-2.05918,53.08137],[-2.0589,53.08142],[-2.05842,53.08134],[-2.05803,53.08118],[-2.05665,53.08024],[-2.05623,53.08006],[-2.05589,53.08],[-2.05547,53.07999],[-2.05426,53.08016],[-2.05254,53.08003],[-2.05199,53.08019],[-2.05157,53.08046],[-2.05127,53.08056],[-2.05093,53.08056],[-2.05036,53.0804],[-2.05,53.08042],[-2.04907,53.08093],[-2.04772,53.08192],[-2.04755,53.08197],[-2.04622,53.08194],[-2.04593,53.08199],[-2.0455,53.08218],[-2.04452,53.08285],[-2.04336,53.08318],[-2.04209,53.08377],[-2.04164,53.0838],[-2.04076,53.08369],[-2.04034,53.08388],[-2.03993,53.08457],[-2.0395,53.08597],[-2.0392,53.08613],[-2.03668,53.08706],[-2.03588,53.08746],[-2.03549,53.08786],[-2.03517,53.08845],[-2.03483,53.08918],[-2.03471,53.08975],[-2.03438,53.09033],[-2.03398,53.09059],[-2.03376,53.09066],[-2.03224,53.091],[-2.03177,53.09134],[-2.03087,53.09218],[-2.03074,53.09244],[-2.03074,53.09264],[-2.03102,53.09297],[-2.03154,53.0932],[-2.03221,53.09336],[-2.03281,53.09342],[-2.03293,53.09351],[-2.03299,53.09372]]}},{"type":"Feature","properties":{"NAME":"Caldon Canal"},"geometry":{"type":"MultiLineString","coordinates":[[[-2.19408,53.02009],[-2.19275,53.01942],[-2.19236,53.01931],[-2.19163,53.01934],[-2.19115,53.01955],[-2.19071,53.01942],[-2.18982,53.01881],[-2.18964,53.01859],[-2.18973,53.01768],[-2.18958,53.01743],[-2.18938,53.01728],[-2.18804,53.01679],[-2.18735,53.01605],[-2.18716,53.01592],[-2.18466,53.01555],[-2.18193,53.01526],[-2.18131,53.01527],[-2.17936,53.01554],[-2.1783,53.01523],[-2.17718,53.01474],[-2.17561,53.0144],[-2.17406,53.01422],[-2.17304,53.01423],[-2.17237,53.01437],[-2.17143,53.01475],[-2.17079,53.01553],[-2.17071,53.01569],[-2.17071,53.01591],[-2.17101,53.01683],[-2.17127,53.01707],[-2.17197,53.01737],[-2.17204,53.01761],[-2.1719,53.01777],[-2.17095,53.01821],[-2.16986,53.01913],[-2.16921,53.01952],[-2.16877,53.01987],[-2.16865,53.02006],[-2.16856,53.02108],[-2.16837,53.02141],[-2.16813,53.02159],[-2.16785,53.02169],[-2.16705,53.02181],[-2.16484,53.02203],[-2.16344,53.02232],[-2.15939,53.0225],[-2.15901,53.02268],[-2.15874,53.02327],[-2.15855,53.0235],[-2.15738,53.02428],[-2.15723,53.02452],[-2.15739,53.0255],[-2.15694,53.02643],[-2.15689,53.02678],[-2.15749,53.02746],[-2.15782,53.02771],[-2.15789,53.02786],[-2.15783,53.02801],[-2.15751,53.02836],[-2.15737,53.02865],[-2.1573,53.0291],[-2.15732,53.02948],[-2.15754,53.03011],[-2.1573,53.03046],[-2.15695,53.03056],[-2.15593,53.03052],[-2.15502,53.03035],[-2.15393,53.02989],[-2.15301,53.02983],[-2.15265,53.0299],[-2.15233,53.03018],[-2.1514,53.0316],[-2.15056,53.03252],[-2.15026,53.03268],[-2.14916,53.03296],[-2.14836,53.03345],[-2.1471,53.03378],[-2.14689,53.03403],[-2.1467,53.03451],[-2.14672,53.03474],[-2.14708,53.03544],[-2.14715,53.03585],[-2.14793,53.03731],[-2.14817,53.03768],[-2.14874,53.03813],[-2.14954,53.0391],[-2.14963,53.0393],[-2.14961,53.03996],[-2.15043,53.04092],[-2.15054,53.04127],[-2.1506,53.04197],[-2.15096,53.04253],[-2.15136,53.04296],[-2.15141,53.04312],[-2.1512,53.04372],[-2.15162,53.04437],[-2.15152,53.04469],[-2.15122,53.04514],[-2.15106,53.04579],[-2.15111,53.04611],[-2.15142,53.04698],[-2.15045,53.04805],[-2.15023,53.04811],[-2.14988,53.04809],[-2.14845,53.04747],[-2.14787,53.0473],[-2.14708,53.04741],[-2.14672,53.04779],[-2.14671,53.04819],[-2.14714,53.04907],[-2.14711,53.04932],[-2.14696,53.04967],[-2.14698,53.04979],[-2.14742,53.05029],[-2.14756,53.05111],[-2.14929,53.05285],[-2.14994,53.05365],[-2.15023,53.05441],[-2.15074,53.05541],[-2.15104,53.05647],[-2.15099,53.05711],[-2.15066,53.05797],[-2.15035,53.06007],[-2.15018,53.06067],[-2.14885,53.06222],[-2.14813,53.06274],[-2.14664,53.06324],[-2.14555,53.06329],[-2.14387,53.06357],[-2.14358,53.06381],[-2.14345,53.06432],[-2.14331,53.0645],[-2.14291,53.06482],[-2.14276,53.06487],[-2.14227,53.06497],[-2.14004,53.0652],[-2.13816,53.06557],[-2.13696,53.06549],[-2.13647,53.06539],[-2.13586,53.06512],[-2.13479,53.06504],[-2.13144,53.06551],[-2.12886,53.06555],[-2.12806,53.06572],[-2.1277,53.06573],[-2.12486,53.06444],[-2.12423,53.06421],[-2.12203,53.06401],[-2.12092,53.0641],[-2.12044,53.06438],[-2.11515,53.06905],[-2.11499,53.0693],[-2.1147,53.07026],[-2.11439,53.07089],[-2.11409,53.07122],[-2.11339,53.07168],[-2.11242,53.072],[-2.11211,53.07202],[-2.11008,53.07158],[-2.10937,53.0715],[-2.10886,53.07153],[-2.10802,53.07178],[-2.10746,53.07203],[-2.10568,53.07323],[-2.10299,53.07409],[-2.10252,53.07432],[-2.10236,53.07453],[-2.1023,53.07503],[-2.1014,53.07726],[-2.10132,53.07778],[-2.10128,53.07926],[-2.10079,53.07992],[-2.10028,53.08029],[-2.09933,53.08053],[-2.09727,53.08081],[-2.0956,53.08114],[-2.09401,53.08125],[-2.09207,53.08131],[-2.08944,53.08122],[-2.08793,53.08142],[-2.08738,53.08142],[-2.08455,53.08121],[-2.08232,53.08122],[-2.08147,53.08128],[-2.08042,53.08121]],[[-2.04529,53.07206],[-2.04528,53.07206]],[[-2.04529,53.07206],[-2.04446,53.07168],[-2.04416,53.07145],[-2.04378,53.07105],[-2.04356,53.07063],[-2.04311,53.07036],[-2.03966,53.06957],[-2.03757,53.06888],[-2.03457,53.06843],[-2.03324,53.06844],[-2.03193,53.06818],[-2.03075,53.06812],[-2.03033,53.06797],[-2.03014,53.06779],[-2.02984,53.06732],[-2.02926,53.06677],[-2.02885,53.06556],[-2.02824,53.06503],[-2.02811,53.06478],[-2.02801,53.06438],[-2.02797,53.06373],[-2.02816,53.06276],[-2.02836,53.06213],[-2.0291,53.06084],[-2.02919,53.06055],[-2.02726,53.05668],[-2.02697,53.05578],[-2.02673,53.05539],[-2.02613,53.05492],[-2.02543,53.05452],[-2.02422,53.05409],[-2.02397,53.05394],[-2.02384,53.05376],[-2.02371,53.05339],[-2.0237,53.05261],[-2.0236,53.05241],[-2.02325,53.0521],[-2.02205,53.05155],[-2.02107,53.05096],[-2.01939,53.04945],[-2.01894,53.04918],[-2.01765,53.04861],[-2.01726,53.04836],[-2.0169,53.04789],[-2.01554,53.04721],[-2.01525,53.04708],[-2.01491,53.04704],[-2.01407,53.0472],[-2.01369,53.04719],[-2.01321,53.04707],[-2.01265,53.04683],[-2.01179,53.04693],[-2.01088,53.04682],[-2.00984,53.04711],[-2.00951,53.04716],[-2.00908,53.04713],[-2.00858,53.04698],[-2.00731,53.04637],[-2.00618,53.04596],[-2.00515,53.04525],[-2.00459,53.04466],[-2.0043,53.04413],[-2.00426,53.04395],[-2.0043,53.04344],[-2.0037,53.04263],[-2.0031,53.04213],[-2.00287,53.04179],[-2.00266,53.04131],[-2.00255,53.04086],[-2.00259,53.04006],[-2.00239,53.03986],[-2.00142,53.03932],[-2.00119,53.03907],[-2.00113,53.03892],[-2.00121,53.03856],[-2.00115,53.03813],[-2.00063,53.03681],[-2.00035,53.03633],[-1.99955,53.03537],[-1.99884,53.03476],[-1.99819,53.0344],[-1.99723,53.03373],[-1.99589,53.03321],[-1.99371,53.03297],[-1.99353,53.0329],[-1.99282,53.03235],[-1.99224,53.03213],[-1.99088,53.03131],[-1.98955,53.03087],[-1.98824,53.03076],[-1.98763,53.03077],[-1.98702,53.03112],[-1.98634,53.03127],[-1.9843,53.03105],[-1.98306,53.03099],[-1.98263,53.031],[-1.98194,53.03127],[-1.98163,53.03132],[-1.9807,53.03113],[-1.98,53.03071],[-1.97938,53.03063],[-1.97907,53.03051],[-1.97832,53.02963],[-1.97812,53.02924],[-1.97804,53.02884],[-1.97776,53.02844],[-1.97701,53.02787],[-1.97612,53.02731],[-1.97558,53.02673],[-1.97427,53.0258],[-1.97321,53.02525],[-1.97179,53.02477],[-1.97115,53.02443],[-1.97004,53.02417],[-1.96911,53.02409],[-1.96776,53.02425],[-1.96663,53.0245],[-1.96581,53.02439],[-1.96558,53.02442],[-1.96452,53.02474],[-1.96443,53.02482],[-1.96428,53.02518],[-1.9639,53.02559],[-1.96365,53.02609],[-1.96336,53.02634],[-1.96279,53.02651],[-1.96086,53.02656]],[[-2.08042,53.08121],[-2.07586,53.08055],[-2.07498,53.08058],[-2.07296,53.08094],[-2.07249,53.08091],[-2.07146,53.08062],[-2.0697,53.07985],[-2.06944,53.0796],[-2.06935,53.07888],[-2.06914,53.07871],[-2.06864,53.07865],[-2.06665,53.07879],[-2.06606,53.07842],[-2.06575,53.07836],[-2.06407,53.07829],[-2.06283,53.07839],[-2.0613,53.07833],[-2.06082,53.07846],[-2.05945,53.07907],[-2.05639,53.07922],[-2.05542,53.07915],[-2.05365,53.07884],[-2.05236,53.07869],[-2.05209,53.07857],[-2.05189,53.07833],[-2.05043,53.07585],[-2.04944,53.07461],[-2.04848,53.07364],[-2.04835,53.07337],[-2.04796,53.07305],[-2.04719,53.07267],[-2.04633,53.07246],[-2.04529,53.07206]]]}},{"type":"Feature","properties":{"NAME":"Cromford Canal"},"geometry":{"type":"MultiLineString","coordinates":[[[-1.32444,53.02308],[-1.32462,53.02262],[-1.32457,53.02231],[-1.32462,53.0222],[-1.32456,53.02207],[-1.32465,53.02156],[-1.32466,53.02104],[-1.32439,53.02027],[-1.3244,53.02002]],[[-1.36295,53.05771],[-1.36182,53.05823],[-1.36171,53.05852],[-1.36155,53.05863],[-1.36067,53.05894],[-1.35934,53.0592],[-1.35638,53.05937],[-1.35582,53.05944],[-1.35566,53.05954],[-1.35539,53.05959],[-1.35485,53.05949],[-1.35361,53.05959],[-1.35322,53.05965],[-1.35179,53.0601],[-1.34749,53.06067],[-1.34571,53.06063],[-1.34471,53.06051],[-1.34408,53.06036]],[[-1.42566,53.05807],[-1.42473,53.05851],[-1.42277,53.05927]]]}},{"type":"Feature","properties":{"NAME":"Cape Arm (New Main Line)"},"geometry":{"type":"LineString","coordinates":[[-1.94855,52.49001],[-1.94793,52.49084],[-1.94793,52.49097],[-1.94861,52.4914],[-1.94916,52.49203],[-1.94929,52.49234],[-1.94921,52.49266],[-1.94882,52.49298],[-1.94777,52.4933],[-1.94737,52.49373]]}},{"type":"Feature","properties":{"NAME":"Channelsea River"},"geometry":{"type":"LineString","coordinates":[[-0.00678,51.52584],[-0.00616,51.5261],[-0.00518,51.52627],[-0.00377,51.52671],[-0.00254,51.52701],[-0.00211,51.52716],[-0.00169,51.52753],[-0.00143,51.52767],[-0.0003,51.52799],[0.00037,51.52827],[0.00047,51.52834],[0.0005,51.5288],[0.00073,51.52943],[0.00114,51.52974],[0.00126,51.52991],[0.00112,51.53041],[0.00115,51.53109]]}},{"type":"Feature","properties":{"NAME":"Halifax Branch (Calder & Hebble)"},"geometry":{"type":"LineString","coordinates":[[-1.8573,53.69861],[-1.85663,53.69883],[-1.85645,53.69902],[-1.85607,53.69977],[-1.8555,53.70056],[-1.85443,53.7014],[-1.85385,53.70204]]}},{"type":"Feature","properties":{"NAME":"Canning Dock"},"geometry":{"type":"MultiLineString","coordinates":[[[-2.99229,53.40205],[-2.99232,53.40212],[-2.9922,53.40214],[-2.99222,53.40219],[-2.99233,53.40231],[-2.99257,53.40231],[-2.99256,53.40243],[-2.99241,53.40245],[-2.99251,53.40258],[-2.99269,53.40259],[-2.99269,53.4027],[-2.99262,53.40273],[-2.99282,53.40298]],[[-2.99282,53.40298],[-2.99283,53.40299]],[[-2.99282,53.40298],[-2.99227,53.40301],[-2.99164,53.40221],[-2.99229,53.40205]],[[-2.99283,53.40299],[-2.99336,53.40373],[-2.9931,53.40373],[-2.9928,53.40336],[-2.99205,53.40343],[-2.99091,53.40262],[-2.99037,53.40215],[-2.99126,53.40193],[-2.99151,53.4018],[-2.99199,53.40199],[-2.99225,53.40198],[-2.99229,53.40205]]]}},{"type":"Feature","properties":{"NAME":"Canning Half Tide Dock"},"geometry":{"type":"MultiLineString","coordinates":[[[-2.99402,53.40131],[-2.99409,53.40129],[-2.99413,53.40137],[-2.99426,53.40137],[-2.99472,53.40163],[-2.99499,53.4016],[-2.99504,53.40172],[-2.99526,53.4017],[-2.99534,53.40178],[-2.99516,53.40185],[-2.99519,53.40196],[-2.99391,53.40207],[-2.99232,53.40212],[-2.99225,53.40198],[-2.99246,53.40194],[-2.9924,53.40174],[-2.99394,53.40138],[-2.99394,53.40132],[-2.99402,53.40131]],[[-2.99229,53.40205],[-2.99409,53.40174],[-2.9941,53.40145],[-2.99402,53.40131]]]}},{"type":"Feature","properties":{"NAME":"Droitwich Barge Canal"},"geometry":{"type":"LineString","coordinates":[[-2.23267,52.2372],[-2.23215,52.23749],[-2.23195,52.23807],[-2.23151,52.2386],[-2.23125,52.23873],[-2.23082,52.23881],[-2.22966,52.23881],[-2.22733,52.2385],[-2.22656,52.23815],[-2.22483,52.23749],[-2.22464,52.23747],[-2.22404,52.23754],[-2.22311,52.2378],[-2.22136,52.2379],[-2.21999,52.23811],[-2.21903,52.23877],[-2.21879,52.23907],[-2.21872,52.2393],[-2.21878,52.23979],[-2.21892,52.24034],[-2.21913,52.2406],[-2.22019,52.2412],[-2.22047,52.24142],[-2.22068,52.24175],[-2.22079,52.2422],[-2.22078,52.2428],[-2.22066,52.24337],[-2.22048,52.2436],[-2.21985,52.24385],[-2.21926,52.2439],[-2.21635,52.24404],[-2.21512,52.24406],[-2.21486,52.24401],[-2.2131,52.24308],[-2.21289,52.24291],[-2.21167,52.24115],[-2.2094,52.23935],[-2.20889,52.23912],[-2.20746,52.23903],[-2.20612,52.23923],[-2.20521,52.23985],[-2.20478,52.24027],[-2.20444,52.24082],[-2.20354,52.24165],[-2.20351,52.24204],[-2.20357,52.24245],[-2.20384,52.2431],[-2.20383,52.24334],[-2.20373,52.24352],[-2.20352,52.24368],[-2.20317,52.24381],[-2.2022,52.24398],[-2.20039,52.24459],[-2.19794,52.24474],[-2.1974,52.2449],[-2.19682,52.24516],[-2.19593,52.24595],[-2.19574,52.24615],[-2.19548,52.24671],[-2.19518,52.24714],[-2.19279,52.24944],[-2.19237,52.25014],[-2.19219,52.25077],[-2.19218,52.25128],[-2.19212,52.2514],[-2.19103,52.25211],[-2.19056,52.25259],[-2.1904,52.25319],[-2.19034,52.25372],[-2.19037,52.25408],[-2.19074,52.25486],[-2.19071,52.25508],[-2.19049,52.25528],[-2.18922,52.25563],[-2.18711,52.25608],[-2.18478,52.25584],[-2.18467,52.25592],[-2.1843,52.25733],[-2.18405,52.25761],[-2.18383,52.25773],[-2.18294,52.25791],[-2.18194,52.25802],[-2.17909,52.2588],[-2.17742,52.2588],[-2.17651,52.25896],[-2.17571,52.2596],[-2.17544,52.25972],[-2.17389,52.26003],[-2.17337,52.2602],[-2.17302,52.26045],[-2.17195,52.26095],[-2.17171,52.26111],[-2.17165,52.26124],[-2.17165,52.26193],[-2.1714,52.26231],[-2.17113,52.26255],[-2.17076,52.26275],[-2.16968,52.263],[-2.16889,52.26352],[-2.16723,52.26401],[-2.16642,52.26447],[-2.16587,52.2646],[-2.16553,52.26476],[-2.16497,52.26533],[-2.16491,52.26556],[-2.16493,52.26607],[-2.16466,52.26659],[-2.16337,52.26805],[-2.16358,52.26897],[-2.16352,52.26928],[-2.16308,52.26973],[-2.16119,52.27086],[-2.15943,52.27109],[-2.15766,52.27072],[-2.15703,52.27065],[-2.15634,52.27064],[-2.15506,52.27078],[-2.15434,52.27073],[-2.15412,52.27071],[-2.15357,52.27053],[-2.15311,52.2703],[-2.15278,52.27023],[-2.15218,52.27024],[-2.15066,52.27047],[-2.15029,52.27047],[-2.14984,52.27038],[-2.14845,52.26971],[-2.1472,52.26946],[-2.1463,52.26947],[-2.14602,52.26952],[-2.14567,52.26969],[-2.14493,52.26971]]}},{"type":"Feature","properties":{"NAME":"Dearne & Dove Canal"},"geometry":{"type":"LineString","coordinates":[[-1.30539,53.48968],[-1.30505,53.48811],[-1.30301,53.48504],[-1.30265,53.48426]]}},{"type":"Feature","properties":{"NAME":"Daw End Canal"},"geometry":{"type":"LineString","coordinates":[[-1.9278,52.64109],[-1.92801,52.64091],[-1.92803,52.64077],[-1.92825,52.64044],[-1.92852,52.64027],[-1.92884,52.64014],[-1.93062,52.63978],[-1.93131,52.63946],[-1.9337,52.6376],[-1.93397,52.63732],[-1.93437,52.6367],[-1.93441,52.63644],[-1.93436,52.6363],[-1.93337,52.63484],[-1.93321,52.63415],[-1.9328,52.63314],[-1.93292,52.63288],[-1.93305,52.63279],[-1.93495,52.6318],[-1.93544,52.63149],[-1.93554,52.6313],[-1.93553,52.63102],[-1.93525,52.63002],[-1.9345,52.62912],[-1.93426,52.62773],[-1.93369,52.6266],[-1.93372,52.62639],[-1.93385,52.62616],[-1.93466,52.62532],[-1.93465,52.62518],[-1.93449,52.62494],[-1.93425,52.62474],[-1.93424,52.62455],[-1.93537,52.62347],[-1.93554,52.62308],[-1.93566,52.62231],[-1.9358,52.62206],[-1.93608,52.62192],[-1.93617,52.62176],[-1.93587,52.62133],[-1.9353,52.62015],[-1.93524,52.61987],[-1.93527,52.61931],[-1.93519,52.61902],[-1.93445,52.61762],[-1.93397,52.61699],[-1.93216,52.61533],[-1.93129,52.61439],[-1.93122,52.61424],[-1.93125,52.61378],[-1.93088,52.61286],[-1.93065,52.6125],[-1.92898,52.6113],[-1.92882,52.61113],[-1.92846,52.61024],[-1.92774,52.6093],[-1.92779,52.60883],[-1.92759,52.60822],[-1.92693,52.60748],[-1.92674,52.60717],[-1.9267,52.60701],[-1.9268,52.60674],[-1.92712,52.60649],[-1.92742,52.60639],[-1.92904,52.60609],[-1.92962,52.60607],[-1.93085,52.60631],[-1.93129,52.60632],[-1.93238,52.60606],[-1.93297,52.60566],[-1.93339,52.60505],[-1.93353,52.60453],[-1.93373,52.60425],[-1.93507,52.60343],[-1.9357,52.60328],[-1.93644,52.60331],[-1.94135,52.604],[-1.9417,52.60418],[-1.94201,52.6045],[-1.94272,52.6058],[-1.94311,52.60611],[-1.94354,52.60629],[-1.94472,52.6066],[-1.94626,52.60697],[-1.94694,52.60705],[-1.94882,52.60705],[-1.94925,52.60692],[-1.94993,52.60654],[-1.95196,52.60613],[-1.95225,52.60601],[-1.95278,52.60566],[-1.95336,52.60511],[-1.9536,52.60469],[-1.95361,52.60435],[-1.95326,52.6035],[-1.95305,52.60315],[-1.95299,52.60289],[-1.95317,52.60233],[-1.9536,52.60144],[-1.95367,52.60103],[-1.95364,52.60083],[-1.95351,52.60051],[-1.95287,52.59958],[-1.95197,52.59806],[-1.95165,52.59778],[-1.95096,52.59739],[-1.95014,52.59672],[-1.94978,52.59651],[-1.94725,52.59566],[-1.9463,52.59514],[-1.94569,52.59447],[-1.94525,52.59341],[-1.9444,52.59233],[-1.94405,52.5921],[-1.94279,52.59181],[-1.9424,52.59161],[-1.94228,52.5914],[-1.94235,52.59041],[-1.94172,52.58915],[-1.94156,52.589],[-1.94129,52.58889]]}},{"type":"Feature","properties":{"NAME":"Droitwich Junction Canal"},"geometry":{"type":"LineString","coordinates":[[-2.11484,52.26489],[-2.11635,52.26495],[-2.1224,52.26574],[-2.12288,52.2659],[-2.12365,52.26631],[-2.12631,52.26747],[-2.12657,52.26753],[-2.12713,52.26756],[-2.1303,52.26725],[-2.13269,52.26714],[-2.1352,52.2678],[-2.13613,52.2678],[-2.13822,52.26804],[-2.13834,52.26807],[-2.13851,52.26823],[-2.13947,52.2683],[-2.14079,52.26856],[-2.14119,52.26865],[-2.14187,52.26912],[-2.1433,52.26921],[-2.14421,52.26957],[-2.14469,52.26971],[-2.14493,52.26971]]}},{"type":"Feature","properties":{"NAME":"Duke's Dock"},"geometry":{"type":"MultiLineString","coordinates":[[[-2.98883,53.39898],[-2.98905,53.39897],[-2.98907,53.3989],[-2.99019,53.39888],[-2.99051,53.39881],[-2.99047,53.39873],[-2.99078,53.39863],[-2.99092,53.39871],[-2.99255,53.39833],[-2.99271,53.39851],[-2.99215,53.39869],[-2.99181,53.39864],[-2.99166,53.39869],[-2.99166,53.39875],[-2.99028,53.39907],[-2.98913,53.39914],[-2.98908,53.39908],[-2.98886,53.3991]],[[-2.98834,53.39908],[-2.99013,53.39898],[-2.9925,53.39845]]]}},{"type":"Feature","properties":{"NAME":"Egerton Dock"},"geometry":{"type":"LineString","coordinates":[[-3.02125,53.39926],[-3.01917,53.39878],[-3.0194,53.39856],[-3.01906,53.39847],[-3.01923,53.3983],[-3.01967,53.39837],[-3.02009,53.398],[-3.02151,53.39832],[-3.02151,53.39888],[-3.02126,53.39926]]}},{"type":"Feature","properties":{"NAME":"Morpeth Dock"},"geometry":{"type":"LineString","coordinates":[[-3.01906,53.39847],[-3.01875,53.39841],[-3.01783,53.39919],[-3.01237,53.3992],[-3.01204,53.39868],[-3.015,53.39854],[-3.01512,53.39862],[-3.01568,53.39862],[-3.01623,53.39785],[-3.01617,53.39783],[-3.0162,53.39778],[-3.01626,53.39779],[-3.01639,53.39761],[-3.01923,53.3983],[-3.01907,53.39846]]}},{"type":"Feature","properties":{"NAME":"Erewash Canal"},"geometry":{"type":"LineString","coordinates":[[-1.3244,53.02002],[-1.3243,53.01952],[-1.32409,53.01912],[-1.32235,53.01727],[-1.32197,53.01694],[-1.32099,53.01659],[-1.3207,53.01613],[-1.31935,53.01455],[-1.31834,53.01388],[-1.31823,53.01373],[-1.31831,53.01348],[-1.31899,53.01287],[-1.31905,53.01245],[-1.31946,53.01201],[-1.31959,53.01171],[-1.31961,53.01126],[-1.31929,53.01033],[-1.31912,53.01006],[-1.31845,53.00968],[-1.31578,53.00869],[-1.31539,53.00839],[-1.3145,53.00721],[-1.31354,53.00672],[-1.31339,53.00653],[-1.31333,53.0063],[-1.31334,53.00439],[-1.31313,53.00399],[-1.31286,53.00377],[-1.31218,53.00346],[-1.30999,53.00274],[-1.30691,53.00016],[-1.30654,52.99957],[-1.30658,52.99881],[-1.30644,52.99853],[-1.30584,52.99775],[-1.30554,52.99746],[-1.30492,52.99702],[-1.30457,52.99656],[-1.30394,52.99538],[-1.30384,52.99499],[-1.30395,52.99391],[-1.30378,52.99267],[-1.30382,52.9925],[-1.30423,52.99197],[-1.30427,52.99155],[-1.3039,52.99128],[-1.30335,52.99115],[-1.30278,52.99091],[-1.30204,52.99049],[-1.30179,52.99025],[-1.30159,52.98979],[-1.30084,52.98627],[-1.30085,52.98615],[-1.30113,52.9859],[-1.30207,52.98547],[-1.30246,52.98504],[-1.30253,52.98474],[-1.30246,52.98252],[-1.30225,52.98217],[-1.301,52.98104],[-1.30035,52.98057],[-1.29958,52.97974],[-1.29941,52.97936],[-1.29946,52.97875],[-1.29962,52.97797],[-1.30025,52.9774],[-1.30056,52.97703],[-1.30062,52.97688],[-1.30055,52.97666],[-1.30012,52.97631],[-1.29985,52.97597],[-1.29835,52.97335],[-1.29796,52.97293],[-1.29775,52.97281],[-1.2974,52.97276],[-1.29661,52.97284],[-1.29614,52.97281],[-1.29539,52.97247],[-1.29482,52.97204],[-1.29461,52.97164],[-1.29419,52.97118],[-1.29366,52.9709],[-1.29169,52.97024],[-1.29106,52.96974],[-1.29071,52.96929],[-1.29065,52.96911],[-1.29071,52.9687],[-1.29143,52.96754],[-1.29156,52.96659],[-1.29189,52.96582],[-1.29203,52.96506],[-1.29169,52.96426],[-1.29159,52.96352],[-1.29136,52.9632],[-1.29094,52.96285],[-1.29075,52.96261],[-1.29058,52.9623],[-1.29057,52.96204],[-1.29078,52.96166],[-1.2914,52.96109],[-1.29186,52.96096],[-1.29295,52.9609],[-1.29312,52.96084],[-1.2936,52.96039],[-1.29383,52.95985],[-1.29388,52.95895],[-1.294,52.95834],[-1.29454,52.9568],[-1.29452,52.95663],[-1.29441,52.95631],[-1.29387,52.95532],[-1.29359,52.95504],[-1.28925,52.95334],[-1.28877,52.95305],[-1.28799,52.95233],[-1.28777,52.95204],[-1.28678,52.94988],[-1.28537,52.94642],[-1.28428,52.94477],[-1.28422,52.94456],[-1.28399,52.94133],[-1.28374,52.94087],[-1.2832,52.94045],[-1.28281,52.94003],[-1.28262,52.93953],[-1.28246,52.93932],[-1.28242,52.93911],[-1.28189,52.93837],[-1.28182,52.93692],[-1.28167,52.93641],[-1.28154,52.93538],[-1.28163,52.93499],[-1.28197,52.93439],[-1.28323,52.93315],[-1.28361,52.9326],[-1.28502,52.92821],[-1.28531,52.92752],[-1.28652,52.92586],[-1.28728,52.92506],[-1.28759,52.92447],[-1.28771,52.92396],[-1.28835,52.92306],[-1.2888,52.92118],[-1.28878,52.92045],[-1.28869,52.92021],[-1.28849,52.91998],[-1.28777,52.91938],[-1.2847,52.91772],[-1.28434,52.91697],[-1.28427,52.91658],[-1.28494,52.91548],[-1.28507,52.91463],[-1.28504,52.91435],[-1.28486,52.91407],[-1.28396,52.91331],[-1.28352,52.91263],[-1.28331,52.91213],[-1.28324,52.91126],[-1.28303,52.91058],[-1.28031,52.90754],[-1.27763,52.90617],[-1.27725,52.9059],[-1.27554,52.90308],[-1.27504,52.90247],[-1.27487,52.90213],[-1.27483,52.90171],[-1.27489,52.90059],[-1.27503,52.90009],[-1.27505,52.89928],[-1.27554,52.89713],[-1.27612,52.89378],[-1.27622,52.89346],[-1.27634,52.89325],[-1.27728,52.89225],[-1.27976,52.88991],[-1.28052,52.88937],[-1.28057,52.88925],[-1.28036,52.88889],[-1.2805,52.88868],[-1.28117,52.88804],[-1.28134,52.88767],[-1.28135,52.88747],[-1.28129,52.88724],[-1.28078,52.88646],[-1.28,52.88506],[-1.27607,52.87959],[-1.27584,52.87938],[-1.27524,52.87916],[-1.27509,52.87902],[-1.27466,52.87828],[-1.27393,52.87758],[-1.27335,52.87672],[-1.27308,52.87645],[-1.27181,52.87542],[-1.27089,52.87485]]}},{"type":"Feature","properties":{"NAME":"Fens Branch (Stourbridge Canal)"},"geometry":{"type":"LineString","coordinates":[[-2.14155,52.48354],[-2.13894,52.48543],[-2.13828,52.48594],[-2.13795,52.48628],[-2.13603,52.48742],[-2.13451,52.48855],[-2.13352,52.48901],[-2.13216,52.4893],[-2.13168,52.48954],[-2.13131,52.48998],[-2.13123,52.49035]]}},{"type":"Feature","properties":{"NAME":"Fairies Hill Cut"},"geometry":{"type":"LineString","coordinates":[[-1.40006,53.71931],[-1.40432,53.71874],[-1.40554,53.71864],[-1.40662,53.71879],[-1.40732,53.71903],[-1.41255,53.72179]]}},{"type":"Feature","properties":{"NAME":"Foxton Incline Arm"},"geometry":{"type":"LineString","coordinates":[[-0.98374,52.49725],[-0.98319,52.49744],[-0.98192,52.49859],[-0.98159,52.49899],[-0.9816,52.49934],[-0.98217,52.49998],[-0.98098,52.50045],[-0.98164,52.50116],[-0.98199,52.50143]]}},{"type":"Feature","properties":{"NAME":"Stainforth & Keadby Canal"},"geometry":{"type":"MultiLineString","coordinates":[[[-1.07602,53.58968],[-1.0722,53.59204],[-1.07053,53.59314],[-1.06835,53.59434],[-1.06632,53.59514],[-1.06552,53.59538],[-1.06404,53.59568],[-1.06334,53.59591],[-1.06095,53.5971],[-1.05443,53.60002],[-1.05092,53.60043],[-1.04878,53.60046],[-1.03537,53.60094],[-1.03303,53.60122],[-1.03079,53.60186],[-1.02895,53.60283],[-1.02782,53.60332],[-1.02565,53.60385],[-1.02417,53.60429],[-1.02228,53.60466],[-1.01895,53.60563],[-1.0182,53.60565],[-1.01621,53.60548],[-1.01249,53.60593],[-1.01195,53.60596],[-1.01074,53.60589],[-1.00852,53.60625],[-1.007,53.60641],[-1.00278,53.60813],[-1.00162,53.60895],[-1.00108,53.60923],[-1.00028,53.60949],[-0.99895,53.60981],[-0.99726,53.60994],[-0.99558,53.60975],[-0.99512,53.60975],[-0.9916,53.61058],[-0.98953,53.61072],[-0.98735,53.61063],[-0.98678,53.61067],[-0.9834,53.61126],[-0.97954,53.61217],[-0.97834,53.61229],[-0.97766,53.61229],[-0.97711,53.61218],[-0.97547,53.61158],[-0.97395,53.61146],[-0.97242,53.61087],[-0.96795,53.61037],[-0.96702,53.61014],[-0.96612,53.60982],[-0.96568,53.6095],[-0.9641,53.60797],[-0.96359,53.6055],[-0.96251,53.60397],[-0.96172,53.60307],[-0.9605,53.60236],[-0.95912,53.60179],[-0.95832,53.60158],[-0.95718,53.60141],[-0.95165,53.60082],[-0.95024,53.60088],[-0.9496,53.601],[-0.9486,53.60092],[-0.94708,53.60092],[-0.94654,53.60101],[-0.94606,53.60117],[-0.94321,53.60241],[-0.94288,53.60243],[-0.94161,53.60231],[-0.94128,53.60234],[-0.93642,53.6032],[-0.93562,53.60328],[-0.9347,53.60316],[-0.93113,53.60146],[-0.92853,53.60054],[-0.92769,53.60028],[-0.92536,53.59988],[-0.92463,53.59994],[-0.91588,53.60156],[-0.9149,53.60168],[-0.8836,53.60055],[-0.87254,53.60138],[-0.8716,53.60137],[-0.86231,53.59973],[-0.8604,53.5995],[-0.8558,53.59867],[-0.8555,53.59852],[-0.85193,53.59591],[-0.85034,53.59519],[-0.84824,53.59437],[-0.84552,53.59353],[-0.83425,53.59027],[-0.81567,53.58954],[-0.80496,53.58818],[-0.80386,53.58812],[-0.80223,53.58832],[-0.78956,53.59041]],[[-0.78957,53.59041],[-0.77854,53.59222],[-0.76515,53.59389],[-0.76463,53.59391],[-0.73974,53.59267]]]}},{"type":"Feature","properties":{"NAME":"Fossdyke Canal"},"geometry":{"type":"MultiLineString","coordinates":[[[-0.58055,53.23951],[-0.57338,53.23679],[-0.57222,53.23642],[-0.57126,53.23601],[-0.5709,53.23577],[-0.56989,53.2345],[-0.56937,53.23417],[-0.56559,53.23306],[-0.5624,53.23221],[-0.55847,53.23138],[-0.55348,53.23063],[-0.55137,53.23052],[-0.54965,53.23021],[-0.54864,53.22994],[-0.54687,53.22903],[-0.54498,53.2282],[-0.54307,53.22842],[-0.54227,53.22863],[-0.54193,53.22865],[-0.54066,53.22852]],[[-0.59321,53.24432],[-0.58055,53.23951]],[[-0.60298,53.25103],[-0.60025,53.24909],[-0.59792,53.24758],[-0.59706,53.24695],[-0.59652,53.24635],[-0.59614,53.2458],[-0.59546,53.2453],[-0.59321,53.24432]],[[-0.68224,53.26013],[-0.67679,53.26155],[-0.67166,53.26326],[-0.67073,53.26363],[-0.66866,53.2646],[-0.66717,53.26519],[-0.66588,53.2656],[-0.66477,53.26577],[-0.6612,53.26603],[-0.6569,53.26546],[-0.6561,53.26543],[-0.65492,53.26528]],[[-0.6253,53.26266],[-0.62354,53.26228],[-0.62189,53.26156],[-0.6178,53.2604],[-0.60298,53.25103]],[[-0.64012,53.2638],[-0.63753,53.26373],[-0.63414,53.2635],[-0.62735,53.26297],[-0.6253,53.26266]],[[-0.65492,53.26528],[-0.64323,53.26393],[-0.6417,53.2638],[-0.64012,53.2638]],[[-0.70297,53.26702],[-0.70073,53.26434],[-0.6979,53.26078],[-0.69738,53.26021],[-0.69618,53.25936],[-0.69501,53.25871],[-0.69409,53.25832],[-0.69303,53.25798],[-0.69184,53.25786],[-0.69086,53.25797],[-0.68741,53.25877],[-0.68224,53.26013]],[[-0.70881,53.27529],[-0.70477,53.26946],[-0.70297,53.26702]],[[-0.71526,53.2834],[-0.71392,53.28169],[-0.71105,53.27827],[-0.70965,53.27648],[-0.70881,53.27529]],[[-0.72215,53.29134],[-0.72148,53.29095],[-0.72114,53.2906],[-0.71526,53.2834]],[[-0.73678,53.29271],[-0.73258,53.2928],[-0.73132,53.29277],[-0.723,53.29163],[-0.72214,53.29134]],[[-0.7509,53.29359],[-0.74991,53.29342],[-0.74432,53.29296],[-0.74112,53.29197],[-0.74041,53.29187],[-0.73949,53.29194],[-0.73736,53.29264],[-0.73675,53.29271]]]}},{"type":"Feature","properties":{"NAME":"Sheffield & Tinsley Canal"},"geometry":{"type":"LineString","coordinates":[[-1.46039,53.38459],[-1.45819,53.38477],[-1.45804,53.38484],[-1.45694,53.38582],[-1.45593,53.38688],[-1.45518,53.38711],[-1.45458,53.38722],[-1.45141,53.38735],[-1.44874,53.38732],[-1.44712,53.38705],[-1.44551,53.38723],[-1.44237,53.38816],[-1.43924,53.38944],[-1.43667,53.39102],[-1.43604,53.39134],[-1.42608,53.39254],[-1.42554,53.39301],[-1.42432,53.39435],[-1.42259,53.39537],[-1.42236,53.39571],[-1.42209,53.39677],[-1.42196,53.39696],[-1.42017,53.39807],[-1.41922,53.39839],[-1.41699,53.39899],[-1.41313,53.39956],[-1.41277,53.39967],[-1.41187,53.40022],[-1.41168,53.40041],[-1.4116,53.4006],[-1.41172,53.40277],[-1.41161,53.40321],[-1.41117,53.40378],[-1.41023,53.40457],[-1.40972,53.40515],[-1.40911,53.40626],[-1.40866,53.40683],[-1.40816,53.40727],[-1.40642,53.40802],[-1.40553,53.40852],[-1.40472,53.40939],[-1.40364,53.41211],[-1.40367,53.41247],[-1.40419,53.4134],[-1.40409,53.41363],[-1.40395,53.41374],[-1.40263,53.41429],[-1.40187,53.41476],[-1.4015,53.4153],[-1.40135,53.41568],[-1.40106,53.41704],[-1.40048,53.41752],[-1.39947,53.41784],[-1.39918,53.418]]}},{"type":"Feature","properties":{"NAME":"Aylesbury Arm (Grand Union Canal)"},"geometry":{"type":"LineString","coordinates":[[-0.66952,51.82053],[-0.67007,51.82057],[-0.67435,51.82176],[-0.67535,51.82194],[-0.67655,51.82195],[-0.67827,51.82182],[-0.69,51.82083],[-0.71808,51.81689],[-0.71983,51.81666],[-0.72089,51.81661],[-0.72253,51.81663],[-0.75493,51.81888],[-0.75987,51.81941],[-0.76755,51.82054],[-0.77444,51.82053],[-0.77858,51.82029],[-0.78645,51.81949],[-0.7912,51.81911],[-0.79244,51.81891],[-0.79519,51.81832],[-0.80232,51.81656],[-0.80521,51.81561],[-0.80915,51.81373]]}},{"type":"Feature","properties":{"NAME":"Birmingham & Warwick Junction Cnl"},"geometry":{"type":"LineString","coordinates":[[-1.87723,52.47561],[-1.87669,52.47613],[-1.87592,52.47659],[-1.86772,52.48062],[-1.86472,52.48336],[-1.86406,52.48417],[-1.86365,52.48485],[-1.86336,52.48549],[-1.86319,52.48615],[-1.86273,52.49035],[-1.86337,52.49231],[-1.8642,52.49367],[-1.86432,52.494],[-1.86432,52.49429],[-1.86412,52.49471],[-1.85909,52.50057],[-1.85874,52.5013],[-1.85842,52.50553],[-1.85837,52.50707],[-1.85855,52.50765],[-1.85922,52.50855]]}},{"type":"Feature","properties":{"NAME":"Coburg Dock"},"geometry":{"type":"MultiLineString","coordinates":[[[-2.98389,53.39101],[-2.98389,53.391]],[[-2.98389,53.39101],[-2.98411,53.39093],[-2.98418,53.3911],[-2.98664,53.39069],[-2.98667,53.39075],[-2.98713,53.39069],[-2.98749,53.39155],[-2.98554,53.39189],[-2.98539,53.39178],[-2.98446,53.39192],[-2.98441,53.39198],[-2.98449,53.39216],[-2.98434,53.3922],[-2.984,53.39223],[-2.98395,53.392],[-2.98324,53.39211],[-2.98289,53.39133],[-2.98362,53.3912],[-2.9837,53.39112],[-2.98365,53.39098],[-2.98389,53.39101]],[[-2.98426,53.3922],[-2.98389,53.39101]]]}},{"type":"Feature","properties":{"NAME":"Stratford Arm (Grand Union Canal)"},"geometry":{"type":"LineString","coordinates":[[-0.84199,52.07351],[-0.84203,52.07312],[-0.84233,52.07227],[-0.84273,52.07182],[-0.84356,52.07121],[-0.84445,52.07026],[-0.84637,52.06917],[-0.84731,52.06879],[-0.84941,52.06832],[-0.85027,52.0682],[-0.85152,52.06851],[-0.85253,52.06863],[-0.85392,52.06911],[-0.85422,52.06915],[-0.85501,52.06912],[-0.85606,52.06889],[-0.85708,52.06885],[-0.85802,52.06893],[-0.85854,52.06891],[-0.85909,52.06865],[-0.85987,52.06788],[-0.86002,52.06758],[-0.86038,52.06626]]}},{"type":"Feature","properties":{"NAME":"Welford Arm (Leicester Line)"},"geometry":{"type":"LineString","coordinates":[[-1.07826,52.43736],[-1.07757,52.43738],[-1.07516,52.43718],[-1.07471,52.43701],[-1.07442,52.43677],[-1.07425,52.43651],[-1.07399,52.43578],[-1.07385,52.43557],[-1.07365,52.43542],[-1.07325,52.43524],[-1.07182,52.43503],[-1.07117,52.43486],[-1.06954,52.43426],[-1.0688,52.4339],[-1.0685,52.43366],[-1.06816,52.43325],[-1.06809,52.43306],[-1.06798,52.43209],[-1.06768,52.43079],[-1.0675,52.4303],[-1.06704,52.42978],[-1.06632,52.42935],[-1.06544,52.42907],[-1.06363,52.42881],[-1.06302,52.42859],[-1.06167,52.42772],[-1.06124,52.4273],[-1.06076,52.42647],[-1.06072,52.42631],[-1.0609,52.42509],[-1.06079,52.42492],[-1.05957,52.42401],[-1.05894,52.42377],[-1.05558,52.42321],[-1.05496,52.42296],[-1.05424,52.42243]]}},{"type":"Feature","properties":{"NAME":"Saltisford Arm (Grand Union Canal)"},"geometry":{"type":"LineString","coordinates":[[-1.60457,52.28749],[-1.60254,52.28771],[-1.60179,52.28773],[-1.59931,52.28741],[-1.59865,52.28725],[-1.59805,52.28701]]}},{"type":"Feature","properties":{"NAME":"Slough Arm (Grand Union Canal)"},"geometry":{"type":"LineString","coordinates":[[-0.47992,51.51764],[-0.50051,51.51419],[-0.51918,51.51095],[-0.52164,51.51061],[-0.52351,51.51045],[-0.55134,51.50919],[-0.55331,51.5092],[-0.55561,51.50935],[-0.5646,51.51042],[-0.56609,51.51065],[-0.5678,51.51108],[-0.57397,51.51311],[-0.58971,51.51738]]}},{"type":"Feature","properties":{"NAME":"Market Harborough Arm (GU Cnl)"},"geometry":{"type":"LineString","coordinates":[[-0.98248,52.50152],[-0.98139,52.50139],[-0.97955,52.50174],[-0.97781,52.50251],[-0.97682,52.50312],[-0.97493,52.50364],[-0.97411,52.50372],[-0.97337,52.50356],[-0.97182,52.50306],[-0.97024,52.50211],[-0.96851,52.50119],[-0.96823,52.50105],[-0.96762,52.50091],[-0.96622,52.50104],[-0.96565,52.50103],[-0.9616,52.50064],[-0.95962,52.50083],[-0.95538,52.50091],[-0.95111,52.50049],[-0.9492,52.50056],[-0.94835,52.50065],[-0.94776,52.5009],[-0.94742,52.50118],[-0.94549,52.50317],[-0.94457,52.50379],[-0.94307,52.50449],[-0.94251,52.50467],[-0.94188,52.50473],[-0.94145,52.5047],[-0.94005,52.50438],[-0.93733,52.50442],[-0.93642,52.50429],[-0.93413,52.50365],[-0.93228,52.50299],[-0.93101,52.50244],[-0.93068,52.50236],[-0.92789,52.50204],[-0.92466,52.50204],[-0.92226,52.50192],[-0.92129,52.50172],[-0.92023,52.50122],[-0.91978,52.50084],[-0.91948,52.50039],[-0.91938,52.50006],[-0.91947,52.49961],[-0.91964,52.49935],[-0.92003,52.49904],[-0.92154,52.49837],[-0.92201,52.49806],[-0.92258,52.49686],[-0.92314,52.49473],[-0.92328,52.49443],[-0.9237,52.49401],[-0.9247,52.49369],[-0.92581,52.49364],[-0.92631,52.49366],[-0.92738,52.49384],[-0.92881,52.49417],[-0.92958,52.49425],[-0.9308,52.49422],[-0.93178,52.49399],[-0.93681,52.49214],[-0.9371,52.49198],[-0.93744,52.49168],[-0.9376,52.49127],[-0.93763,52.49101],[-0.93765,52.49041],[-0.93754,52.48996],[-0.93724,52.48953],[-0.93571,52.48785],[-0.93527,52.48749],[-0.93521,52.48726],[-0.93545,52.48678],[-0.93577,52.4864],[-0.93622,52.48606],[-0.93703,52.48561],[-0.93755,52.48513],[-0.93804,52.48423],[-0.93838,52.48392],[-0.93858,52.48362],[-0.93856,52.48306],[-0.93842,52.48269],[-0.9383,52.48246],[-0.93768,52.48183],[-0.93732,52.48115],[-0.93698,52.48082],[-0.93649,52.48049],[-0.93597,52.4804],[-0.9353,52.48047],[-0.93484,52.48081],[-0.93473,52.4811],[-0.93498,52.48229],[-0.93484,52.48295],[-0.93454,52.48346],[-0.93401,52.48395],[-0.93336,52.48427],[-0.93299,52.48433],[-0.93165,52.48429],[-0.93049,52.48436]]}},{"type":"Feature","properties":{"NAME":"Buckingham Arm (Grand Union Canal)"},"geometry":{"type":"LineString","coordinates":[[-0.8605,52.06576],[-0.86083,52.06492],[-0.86269,52.0651]]}},{"type":"Feature","properties":{"NAME":"Leicester Line (Grand Union Canal)"},"geometry":{"type":"MultiLineString","coordinates":[[[-1.11826,52.28588],[-1.12155,52.28745],[-1.12198,52.28782],[-1.12213,52.28804],[-1.12229,52.28839],[-1.1224,52.28915],[-1.12143,52.29168],[-1.12134,52.2922],[-1.12153,52.29266],[-1.12171,52.29283],[-1.12282,52.2933]],[[-1.12282,52.2933],[-1.12432,52.29388],[-1.12507,52.29438],[-1.12605,52.29564],[-1.12719,52.2977],[-1.12743,52.29834],[-1.12754,52.29882],[-1.12752,52.29908],[-1.12704,52.29977],[-1.12591,52.30104]],[[-1.12591,52.30104],[-1.12551,52.30148],[-1.12515,52.30173],[-1.1241,52.3022],[-1.1234,52.30267],[-1.1232,52.30287],[-1.12291,52.30336],[-1.12287,52.30352],[-1.12291,52.30397],[-1.12315,52.30458],[-1.12361,52.30528],[-1.12437,52.3067],[-1.1247,52.30819],[-1.12498,52.30853],[-1.1253,52.30936],[-1.12577,52.31002],[-1.12632,52.31043],[-1.12759,52.311],[-1.13045,52.31174],[-1.13099,52.31204],[-1.13157,52.3125],[-1.13208,52.31324],[-1.13204,52.3135],[-1.13138,52.31503],[-1.13098,52.31541],[-1.13046,52.31576]],[[-1.13046,52.31576],[-1.1295,52.3164],[-1.12902,52.3169],[-1.12873,52.31708],[-1.12623,52.31986],[-1.1261,52.32041],[-1.12629,52.32077],[-1.12691,52.32138],[-1.1283,52.32237],[-1.12907,52.32267],[-1.13003,52.32281],[-1.13123,52.32309],[-1.13155,52.32324],[-1.13182,52.32352],[-1.13177,52.32373],[-1.13131,52.32434],[-1.13109,52.32484],[-1.13146,52.32564],[-1.13188,52.32633],[-1.13284,52.32756],[-1.13304,52.32795],[-1.13299,52.32833],[-1.13275,52.32896],[-1.13271,52.32937],[-1.13319,52.33117],[-1.12832,52.34404],[-1.12752,52.34602],[-1.12717,52.34705],[-1.12718,52.34748],[-1.12729,52.34783],[-1.12722,52.3483]],[[-1.12722,52.3483],[-1.12518,52.35282],[-1.12518,52.35316],[-1.12542,52.35366],[-1.12577,52.35396],[-1.12978,52.35577],[-1.13027,52.35609],[-1.13047,52.35638],[-1.13184,52.35917],[-1.13195,52.35943],[-1.132,52.35979],[-1.1307,52.36231],[-1.13038,52.36253],[-1.12991,52.36266],[-1.12893,52.36265],[-1.12687,52.36227],[-1.12475,52.36214],[-1.12056,52.36248],[-1.11982,52.36266],[-1.11941,52.36289],[-1.11549,52.3665],[-1.11539,52.36669],[-1.11546,52.36837],[-1.11539,52.36862],[-1.11516,52.36894],[-1.11456,52.36938],[-1.11401,52.36968],[-1.11346,52.36981],[-1.11184,52.36979],[-1.1072,52.36812],[-1.10703,52.36793],[-1.10699,52.3677],[-1.10739,52.36608],[-1.10741,52.36578],[-1.10731,52.36549],[-1.10693,52.36485],[-1.10659,52.36444],[-1.10605,52.36341],[-1.10586,52.36316],[-1.10528,52.36282],[-1.10461,52.3627],[-1.09745,52.36303],[-1.09658,52.3629],[-1.09572,52.36267],[-1.09531,52.36273],[-1.09377,52.36325],[-1.09326,52.36348],[-1.09152,52.36448],[-1.09122,52.36476],[-1.09121,52.36485],[-1.09149,52.36554],[-1.09151,52.36572],[-1.0914,52.36595],[-1.09093,52.36631],[-1.08905,52.36727]],[[-1.08905,52.36727],[-1.08874,52.36764],[-1.08867,52.36799],[-1.08871,52.36854],[-1.08893,52.36895],[-1.0893,52.36932],[-1.09152,52.37064],[-1.09377,52.37158],[-1.09427,52.37187],[-1.09447,52.37207],[-1.09496,52.37285],[-1.0957,52.37333],[-1.0964,52.37361],[-1.09749,52.37384],[-1.09852,52.3743],[-1.09907,52.37485],[-1.0994,52.37542],[-1.09939,52.37571],[-1.09843,52.37787],[-1.09758,52.37874],[-1.09684,52.3793],[-1.09632,52.37955],[-1.09525,52.37991],[-1.09393,52.38027],[-1.09147,52.38065],[-1.08893,52.38069],[-1.08857,52.38076],[-1.08811,52.38098],[-1.08775,52.38126],[-1.0872,52.38195],[-1.08691,52.38254],[-1.08683,52.38283],[-1.08713,52.38458],[-1.08734,52.38488],[-1.08838,52.38587],[-1.08854,52.38618],[-1.0889,52.38763],[-1.08914,52.38812],[-1.08954,52.38863],[-1.09091,52.38976],[-1.09165,52.39053],[-1.09182,52.39084],[-1.09218,52.39249],[-1.09247,52.39342],[-1.09284,52.39404],[-1.09345,52.39472]],[[-1.09345,52.39472],[-1.09665,52.3982],[-1.09716,52.39837],[-1.09902,52.39872],[-1.09939,52.39894],[-1.09958,52.39922],[-1.09953,52.40057],[-1.09978,52.40094],[-1.10004,52.40112],[-1.10075,52.40143],[-1.10516,52.40278],[-1.10553,52.40306],[-1.10561,52.40317],[-1.10564,52.40339],[-1.10557,52.40356],[-1.10526,52.40384],[-1.10339,52.40499],[-1.10246,52.40575],[-1.09978,52.40677],[-1.09612,52.40847],[-1.09572,52.4086],[-1.09289,52.4091],[-1.09252,52.40926],[-1.0922,52.40957],[-1.09197,52.4101],[-1.09182,52.41069],[-1.09186,52.41114],[-1.09199,52.41156],[-1.0924,52.41236],[-1.093,52.41302],[-1.09497,52.41454],[-1.09579,52.4151],[-1.09659,52.41575],[-1.09699,52.41623],[-1.09707,52.41738],[-1.09663,52.41848],[-1.09615,52.41938],[-1.09541,52.41984],[-1.09444,52.42033],[-1.09414,52.42057],[-1.09359,52.42134],[-1.09318,52.42174],[-1.09231,52.42219],[-1.08982,52.42273],[-1.0891,52.42276],[-1.0876,52.42252],[-1.08689,52.42247],[-1.08465,52.42282],[-1.08417,52.42295],[-1.08368,52.42326],[-1.08271,52.42418],[-1.08119,52.42531],[-1.081,52.42558],[-1.081,52.42597],[-1.08118,52.42626],[-1.08174,52.42673],[-1.08225,52.427],[-1.08528,52.4281],[-1.0871,52.429],[-1.08825,52.42977],[-1.08858,52.43029],[-1.08855,52.43055],[-1.08843,52.43076],[-1.08647,52.43203],[-1.08567,52.43227],[-1.08421,52.43254],[-1.08326,52.43287],[-1.08252,52.43323],[-1.08135,52.43417],[-1.07961,52.43472],[-1.07948,52.43486],[-1.07826,52.43736],[-1.07958,52.43813],[-1.07982,52.43841],[-1.07988,52.43878],[-1.07964,52.43918],[-1.07938,52.43939],[-1.07755,52.44028],[-1.07735,52.44045],[-1.07721,52.44068],[-1.07715,52.44098],[-1.07722,52.4413],[-1.07763,52.44196],[-1.07785,52.44254],[-1.07775,52.44405],[-1.07777,52.44472],[-1.07828,52.44539],[-1.07859,52.44593],[-1.07935,52.4476],[-1.0795,52.44773],[-1.08069,52.44834],[-1.08118,52.44883],[-1.08138,52.44917],[-1.08145,52.44953],[-1.08132,52.44996],[-1.08122,52.45008],[-1.07801,52.45276],[-1.07749,52.45301],[-1.07699,52.45316],[-1.07446,52.4537],[-1.07396,52.45393],[-1.07291,52.45468],[-1.07229,52.45491],[-1.05213,52.45872],[-1.05046,52.45917],[-1.04953,52.45966],[-1.04708,52.46192],[-1.04422,52.46423],[-1.04203,52.46611],[-1.04171,52.46647],[-1.04154,52.46683],[-1.04161,52.46718],[-1.042,52.46776],[-1.04251,52.46837],[-1.04285,52.46865],[-1.0433,52.46885],[-1.04739,52.46998],[-1.04771,52.47014],[-1.04808,52.47053],[-1.04822,52.47075],[-1.04816,52.47106],[-1.04754,52.47161],[-1.04723,52.47208],[-1.04739,52.47404],[-1.04733,52.47438],[-1.04721,52.4746],[-1.04668,52.47509],[-1.04575,52.47557],[-1.04445,52.4759],[-1.04181,52.47644],[-1.03987,52.47672],[-1.0389,52.47703],[-1.03825,52.47747],[-1.0366,52.47974],[-1.03612,52.48018],[-1.03573,52.4804],[-1.03321,52.48104],[-1.03109,52.481],[-1.02937,52.4812],[-1.02694,52.48174],[-1.02258,52.48288],[-1.02201,52.4829],[-1.02141,52.48282],[-1.02009,52.4825],[-1.01876,52.48248],[-1.0174,52.48283],[-1.01476,52.48393],[-1.01237,52.48468],[-1.01154,52.48503],[-1.01004,52.48589],[-1.0095,52.4861],[-1.00881,52.4862],[-1.00739,52.48626],[-1.00647,52.48624],[-1.00442,52.48599],[-1.0023,52.486],[-1.00162,52.48609],[-0.99913,52.48665],[-0.99846,52.48687],[-0.99606,52.48809],[-0.99528,52.48839],[-0.99463,52.4885],[-0.99029,52.48889],[-0.98949,52.489],[-0.98899,52.48924],[-0.98853,52.48981],[-0.98832,52.49023],[-0.98808,52.49252],[-0.98788,52.49311],[-0.9876,52.49345],[-0.98643,52.49449],[-0.98594,52.49505],[-0.98508,52.49648],[-0.98485,52.49668],[-0.98388,52.49714],[-0.98352,52.49743],[-0.98331,52.49779],[-0.98296,52.50018],[-0.98272,52.50117],[-0.98248,52.50152],[-0.98313,52.50199],[-0.98345,52.50259],[-0.9836,52.50304],[-0.98363,52.5038],[-0.98311,52.50526],[-0.98196,52.50791],[-0.98132,52.50885],[-0.9805,52.50961],[-0.9758,52.51234],[-0.97559,52.51255],[-0.97544,52.51287],[-0.97543,52.51323],[-0.97566,52.51384],[-0.97652,52.51506],[-0.97692,52.51592],[-0.9771,52.51658],[-0.97714,52.51724],[-0.97723,52.51749],[-0.97721,52.51803],[-0.97732,52.51847],[-0.97762,52.51871],[-0.97806,52.5189],[-0.97833,52.51898],[-0.97982,52.51911],[-0.98046,52.51904],[-0.98156,52.51868],[-0.98337,52.51793],[-0.98755,52.51708],[-0.98828,52.51686],[-0.98966,52.5163],[-0.99009,52.51622],[-0.99044,52.51624],[-0.99505,52.51739],[-0.99838,52.51745],[-0.99946,52.51767],[-0.99977,52.51782],[-1.00006,52.51836],[-1.00036,52.51869],[-1.00115,52.51917],[-1.00162,52.51937],[-1.00338,52.51968],[-1.00394,52.51985],[-1.00483,52.52039],[-1.00527,52.52097],[-1.00553,52.52118],[-1.00685,52.52149],[-1.00736,52.52169],[-1.00775,52.52203],[-1.0081,52.52249],[-1.00806,52.52271],[-1.0076,52.52309],[-1.00765,52.52324],[-1.00781,52.52337],[-1.00812,52.52351],[-1.00872,52.5235],[-1.00945,52.52328],[-1.01126,52.52296],[-1.0117,52.52304],[-1.01281,52.52367],[-1.01309,52.52375],[-1.01343,52.52372],[-1.01405,52.52337],[-1.01444,52.52331],[-1.01528,52.52345],[-1.01607,52.52373],[-1.01644,52.524],[-1.01678,52.52458],[-1.01733,52.52502],[-1.02199,52.52788],[-1.02272,52.52827],[-1.03202,52.53409],[-1.03345,52.53518],[-1.0341,52.53603],[-1.03457,52.53696],[-1.03474,52.53774],[-1.03478,52.53847],[-1.03466,52.54025],[-1.03449,52.54127],[-1.03433,52.54156],[-1.03347,52.54237],[-1.03331,52.54258],[-1.0331,52.54316],[-1.03278,52.54345],[-1.03037,52.54438],[-1.02924,52.54496],[-1.02791,52.54548],[-1.02718,52.54586],[-1.026,52.5466],[-1.02582,52.54677],[-1.02532,52.54751],[-1.02516,52.54789],[-1.02545,52.54911],[-1.02597,52.54967],[-1.02647,52.54998],[-1.02884,52.55096],[-1.02981,52.55117],[-1.0303,52.5514],[-1.03053,52.55166],[-1.03065,52.55195],[-1.03054,52.55279],[-1.03065,52.55315],[-1.03188,52.55417],[-1.03352,52.55538],[-1.03403,52.55625],[-1.03442,52.55671],[-1.03471,52.5569],[-1.03708,52.55776],[-1.03769,52.55791],[-1.03839,52.5579],[-1.0404,52.55766],[-1.04111,52.55774],[-1.04185,52.55791],[-1.04395,52.55852],[-1.04547,52.55959],[-1.04608,52.55979],[-1.04872,52.56039],[-1.04918,52.56055],[-1.0496,52.56085],[-1.04975,52.5611],[-1.04993,52.56163],[-1.05012,52.56184],[-1.05255,52.56339],[-1.05275,52.56366],[-1.05302,52.56439],[-1.05313,52.56452],[-1.05355,52.56475],[-1.05449,52.56503],[-1.05598,52.56502],[-1.06325,52.5646],[-1.06851,52.56398],[-1.06968,52.56371],[-1.07116,52.56321],[-1.07283,52.56217],[-1.07542,52.56078],[-1.07711,52.55943],[-1.07781,52.55901],[-1.07824,52.5589],[-1.07867,52.55889],[-1.0808,52.55926],[-1.083,52.55932],[-1.08585,52.55991],[-1.08849,52.56076],[-1.089,52.56104],[-1.08916,52.56123],[-1.08923,52.56158],[-1.08921,52.56251],[-1.08912,52.56322],[-1.08917,52.56361],[-1.08928,52.56389],[-1.08973,52.56451],[-1.08994,52.56471],[-1.09048,52.56499],[-1.09217,52.56522],[-1.09514,52.56587],[-1.09677,52.56642],[-1.10048,52.56677],[-1.10113,52.56702],[-1.10219,52.56721],[-1.10413,52.56813],[-1.10429,52.56826],[-1.10547,52.56863],[-1.10601,52.56873],[-1.10689,52.56872],[-1.10808,52.56857],[-1.11124,52.56795],[-1.11425,52.56759],[-1.11621,52.56767],[-1.11733,52.56775],[-1.11758,52.56782],[-1.11818,52.5683],[-1.1192,52.56929],[-1.11983,52.56973],[-1.12062,52.57011],[-1.1213,52.57067],[-1.12155,52.57095],[-1.12193,52.5717],[-1.12254,52.57224],[-1.12324,52.57312],[-1.124,52.57379],[-1.12531,52.57481],[-1.12667,52.57531],[-1.12707,52.57537],[-1.12772,52.57533],[-1.13061,52.57463],[-1.13183,52.57446],[-1.13362,52.57427],[-1.13448,52.57428],[-1.13516,52.57447],[-1.1364,52.57513],[-1.13837,52.57567],[-1.1392,52.57603],[-1.14044,52.57642],[-1.1414,52.57657],[-1.14537,52.57659],[-1.14601,52.57669],[-1.14677,52.57692],[-1.14714,52.57712],[-1.14742,52.57744],[-1.14799,52.57853],[-1.14823,52.57887],[-1.14852,52.57914],[-1.14899,52.57938],[-1.15076,52.57967],[-1.15227,52.58032],[-1.15264,52.58042],[-1.15504,52.58079],[-1.15623,52.58107],[-1.16053,52.58164],[-1.16254,52.58235],[-1.16354,52.58247],[-1.16661,52.58248],[-1.16976,52.58191],[-1.17122,52.58188],[-1.17229,52.58201],[-1.17252,52.58211],[-1.17333,52.58218],[-1.17771,52.58215],[-1.17893,52.58236],[-1.17956,52.58257],[-1.17981,52.58285],[-1.17982,52.5831],[-1.17933,52.5841],[-1.17876,52.58549],[-1.17857,52.58577],[-1.17811,52.58615],[-1.17748,52.58681],[-1.17704,52.58706],[-1.17635,52.58721],[-1.17447,52.58821],[-1.17226,52.58898],[-1.17195,52.58916],[-1.17165,52.58949],[-1.17159,52.58964],[-1.17168,52.59094],[-1.17164,52.59121],[-1.17184,52.59186],[-1.17182,52.59246],[-1.17151,52.59276],[-1.1705,52.59322],[-1.17009,52.59361],[-1.17004,52.59408],[-1.17021,52.5944],[-1.17024,52.5948],[-1.17011,52.59521],[-1.16982,52.59571],[-1.16986,52.59637],[-1.16971,52.59716],[-1.16946,52.59782],[-1.16919,52.59817],[-1.16802,52.59902],[-1.16765,52.59941],[-1.16704,52.5999],[-1.1646,52.60138],[-1.16349,52.60215],[-1.16208,52.60343],[-1.16143,52.60373],[-1.16028,52.60408],[-1.15925,52.60475],[-1.15819,52.60513],[-1.15734,52.6053],[-1.15652,52.60561],[-1.15607,52.60586],[-1.15568,52.60628],[-1.15519,52.60656],[-1.1549,52.60667],[-1.15391,52.60676],[-1.15361,52.60694],[-1.1531,52.60754],[-1.15277,52.60772],[-1.1524,52.60783],[-1.15153,52.60778],[-1.15094,52.60794],[-1.15068,52.60811],[-1.15031,52.60861],[-1.15017,52.60871],[-1.14731,52.60985],[-1.14529,52.61089],[-1.14476,52.6113],[-1.14455,52.61156],[-1.14448,52.61174],[-1.14442,52.61278],[-1.14442,52.61303],[-1.14455,52.61339],[-1.14476,52.61352],[-1.14541,52.61373],[-1.14554,52.61387],[-1.14565,52.61424],[-1.14581,52.61437],[-1.14683,52.61465],[-1.14774,52.61511],[-1.14793,52.6156],[-1.14849,52.61629],[-1.14891,52.61657],[-1.149,52.61676],[-1.14889,52.61683],[-1.14867,52.61721],[-1.1486,52.61748],[-1.14715,52.61891],[-1.1469,52.61964],[-1.14646,52.6199],[-1.14533,52.6209],[-1.14505,52.62127],[-1.14459,52.62168],[-1.14372,52.6223],[-1.14364,52.62249],[-1.14318,52.62479],[-1.14202,52.63275],[-1.14202,52.63327],[-1.14214,52.63356],[-1.14228,52.6337]]]}},{"type":"Feature","properties":{"NAME":"Northampton Arm (GU Canal)"},"geometry":{"type":"LineString","coordinates":[[-0.94899,52.18872],[-0.94868,52.1889],[-0.94775,52.18982],[-0.94729,52.18999],[-0.94651,52.19016],[-0.94607,52.19034],[-0.94567,52.19067],[-0.94536,52.19105],[-0.94469,52.19227],[-0.94391,52.19424],[-0.94332,52.19502],[-0.94341,52.19525],[-0.9443,52.19649],[-0.94467,52.19725],[-0.94468,52.1974],[-0.94443,52.1978],[-0.94408,52.19819],[-0.94019,52.20195],[-0.93964,52.20266],[-0.93948,52.20306],[-0.93932,52.20401],[-0.93906,52.20492],[-0.93861,52.20593],[-0.9384,52.2067],[-0.93824,52.20837],[-0.93815,52.20862],[-0.93816,52.20906],[-0.93931,52.21316],[-0.93975,52.21451],[-0.93993,52.21489],[-0.94035,52.21546],[-0.94215,52.21774],[-0.94227,52.21805],[-0.94235,52.21914],[-0.94251,52.21949],[-0.94277,52.21976],[-0.9437,52.22036],[-0.94409,52.22077],[-0.9442,52.22129],[-0.94399,52.22168],[-0.94365,52.22193],[-0.94247,52.22249],[-0.94141,52.22283],[-0.93983,52.22322],[-0.9389,52.22329],[-0.93773,52.22362],[-0.93581,52.22402],[-0.93537,52.2242],[-0.93348,52.22564],[-0.93243,52.22656],[-0.93158,52.22758],[-0.93088,52.22866],[-0.93034,52.22933],[-0.92965,52.22977],[-0.92877,52.23009],[-0.92511,52.23046],[-0.92372,52.23044],[-0.9223,52.23027],[-0.91944,52.22979],[-0.91841,52.22951],[-0.91628,52.2288],[-0.91545,52.22874],[-0.90965,52.22878],[-0.90913,52.22885],[-0.90803,52.22931],[-0.90694,52.22968],[-0.90592,52.22987],[-0.89909,52.23013],[-0.89835,52.23029],[-0.89814,52.23046]]}},{"type":"Feature","properties":{"NAME":"Gospel Oak Branch (Walsall Canal)"},"geometry":{"type":"LineString","coordinates":[[-2.03677,52.54931],[-2.03786,52.5492],[-2.03879,52.54899],[-2.03962,52.54865]]}},{"type":"Feature","properties":{"NAME":"Paddington Arm (Grand Union Canal)"},"geometry":{"type":"LineString","coordinates":[[-0.40683,51.49978],[-0.40518,51.50149],[-0.40419,51.50262],[-0.40368,51.5031],[-0.40326,51.50339],[-0.40235,51.50377],[-0.4006,51.50418],[-0.39991,51.50442],[-0.39404,51.50673],[-0.39329,51.50722],[-0.39307,51.50746],[-0.39282,51.50791],[-0.39039,51.5134],[-0.38993,51.51402],[-0.38953,51.5144],[-0.38877,51.51485],[-0.38511,51.51631],[-0.3847,51.51652],[-0.38392,51.51708],[-0.38199,51.51867],[-0.38125,51.51956],[-0.37972,51.52111],[-0.3776,51.52377],[-0.37653,51.52482],[-0.37627,51.52515],[-0.37614,51.5256],[-0.37643,51.5269],[-0.37647,51.52739],[-0.37636,51.5291],[-0.37492,51.53255],[-0.37466,51.53291],[-0.37435,51.53319],[-0.37376,51.53352],[-0.36905,51.53582],[-0.36827,51.53594],[-0.36632,51.53593],[-0.36595,51.53605],[-0.36568,51.53624],[-0.36521,51.53685],[-0.36503,51.53725],[-0.36506,51.5375],[-0.36522,51.53778],[-0.36582,51.53835],[-0.366,51.53863],[-0.36601,51.53892],[-0.36562,51.54058],[-0.36548,51.54083],[-0.3651,51.54125],[-0.36275,51.54276],[-0.36157,51.54411],[-0.36105,51.54439],[-0.3599,51.54468],[-0.3473,51.5465],[-0.34643,51.54685],[-0.34597,51.54718],[-0.34541,51.54771],[-0.34506,51.54789],[-0.34367,51.54793],[-0.3433,51.54786],[-0.34304,51.54764],[-0.34293,51.54702],[-0.3426,51.54651],[-0.3421,51.5462],[-0.34173,51.54607],[-0.34136,51.546],[-0.34094,51.54601],[-0.33917,51.5463],[-0.33867,51.5462],[-0.33791,51.54584],[-0.3376,51.54551],[-0.33641,51.54335],[-0.3358,51.54289],[-0.33549,51.54275],[-0.33478,51.54251],[-0.33385,51.54234],[-0.33199,51.54226],[-0.32995,51.54167],[-0.32917,51.5417],[-0.32808,51.5421],[-0.32757,51.54221],[-0.32522,51.54231],[-0.32452,51.54223],[-0.32315,51.54183],[-0.32252,51.5418],[-0.32202,51.54185],[-0.32118,51.54211],[-0.32003,51.54292],[-0.31929,51.54322],[-0.31275,51.54459],[-0.31165,51.5447],[-0.31078,51.54462],[-0.30993,51.54429],[-0.30958,51.54403],[-0.30624,51.54089],[-0.30453,51.53969],[-0.30349,51.53936],[-0.29828,51.53923],[-0.29669,51.53902],[-0.29443,51.53854],[-0.29381,51.53852],[-0.29345,51.53857],[-0.29258,51.53885],[-0.28885,51.54042],[-0.28817,51.54059],[-0.28694,51.54066],[-0.285,51.54061],[-0.28416,51.54025],[-0.2786,51.53561],[-0.27791,51.53522],[-0.27726,51.53514],[-0.27319,51.53562],[-0.26925,51.53596],[-0.26748,51.53594],[-0.26608,51.53575],[-0.25595,51.53309],[-0.25451,51.53265],[-0.25385,51.53228],[-0.25309,51.53171],[-0.25109,51.52988],[-0.24993,51.52908],[-0.24915,51.52867],[-0.24532,51.52776],[-0.24406,51.52779],[-0.24367,51.52772],[-0.24303,51.5273],[-0.2419,51.52629],[-0.24136,51.526],[-0.24112,51.52594],[-0.23991,51.52591],[-0.23309,51.52611],[-0.23126,51.52623],[-0.22849,51.52657],[-0.22603,51.52647],[-0.22515,51.52651],[-0.22344,51.5269],[-0.22083,51.52768],[-0.22033,51.52779],[-0.21978,51.5278],[-0.21905,51.52761],[-0.21828,51.52708],[-0.21798,51.52695],[-0.21699,51.52672],[-0.21605,51.52668],[-0.21305,51.52689],[-0.21007,51.52665],[-0.20661,51.52609],[-0.20613,51.52591],[-0.20574,51.52558],[-0.20443,51.52391],[-0.20381,51.52343],[-0.20306,51.52314],[-0.20154,51.52271],[-0.19886,51.52176],[-0.19819,51.52159],[-0.19637,51.52147],[-0.1954,51.5216],[-0.19058,51.52299],[-0.18979,51.52304],[-0.18863,51.52278],[-0.18374,51.52119],[-0.18337,51.52112],[-0.18204,51.52116],[-0.18134,51.52103],[-0.17805,51.51882],[-0.17698,51.51819],[-0.17651,51.51804],[-0.17559,51.51809],[-0.17081,51.51892]]}},{"type":"Feature","properties":{"NAME":"Grantham Canal"},"geometry":{"type":"LineString","coordinates":[[-0.66633,52.89831],[-0.66777,52.89774],[-0.67054,52.89615],[-0.67102,52.89596],[-0.67184,52.89581],[-0.68703,52.89453],[-0.69276,52.8946],[-0.69426,52.89473],[-0.69727,52.89486],[-0.69814,52.89498],[-0.69947,52.89549],[-0.70019,52.89625],[-0.70074,52.89666],[-0.70279,52.89756],[-0.70362,52.89782],[-0.70519,52.89799],[-0.70707,52.89796],[-0.70759,52.89785],[-0.70843,52.89792],[-0.7104,52.89835],[-0.71318,52.89846],[-0.71405,52.8988],[-0.71498,52.89953],[-0.71647,52.90033],[-0.71684,52.90062],[-0.71701,52.90097],[-0.71697,52.90133],[-0.71614,52.90269],[-0.71609,52.90298],[-0.71628,52.90352],[-0.71673,52.90386],[-0.71709,52.90399],[-0.71774,52.9041],[-0.71937,52.90423],[-0.72126,52.90417],[-0.72267,52.90423],[-0.72337,52.90413],[-0.72501,52.90359],[-0.72599,52.9035],[-0.72676,52.90356],[-0.72785,52.90376],[-0.72914,52.90414],[-0.72989,52.90449],[-0.7315,52.90551],[-0.73228,52.90573],[-0.73429,52.90584],[-0.73659,52.90618],[-0.73789,52.90624],[-0.74153,52.90608],[-0.74461,52.9058],[-0.74605,52.90593],[-0.747,52.90616],[-0.7475,52.90651],[-0.74836,52.90757],[-0.74862,52.908],[-0.7541,52.91872],[-0.75443,52.91923],[-0.7554,52.91996],[-0.75577,52.92014],[-0.76046,52.92177],[-0.7616,52.92211],[-0.76217,52.92218],[-0.76451,52.92218],[-0.76716,52.92201],[-0.76814,52.9218],[-0.76894,52.92152],[-0.76968,52.92116],[-0.77102,52.92037],[-0.77142,52.92005],[-0.77182,52.91995],[-0.77238,52.91966],[-0.7741,52.91895],[-0.77671,52.91805],[-0.77907,52.9171],[-0.77958,52.91679],[-0.78084,52.91585],[-0.78155,52.91543],[-0.7821,52.91519],[-0.78382,52.91471],[-0.78546,52.91442],[-0.78677,52.91445],[-0.78777,52.91468],[-0.78923,52.91523],[-0.78973,52.91547],[-0.79011,52.91576],[-0.79044,52.91621],[-0.79055,52.91662],[-0.79042,52.91744],[-0.79044,52.91797],[-0.79064,52.91844],[-0.79099,52.91892],[-0.79354,52.92124],[-0.7957,52.92307],[-0.79841,52.92487],[-0.79865,52.92512],[-0.80002,52.9272],[-0.80032,52.92751],[-0.80096,52.92782],[-0.80172,52.92794],[-0.80267,52.92797],[-0.80352,52.92783],[-0.80399,52.92762],[-0.806,52.92638],[-0.8064,52.92602],[-0.8065,52.92586],[-0.80664,52.9251],[-0.80732,52.92375],[-0.80793,52.92263],[-0.8084,52.92205],[-0.80951,52.92105],[-0.81067,52.91977],[-0.81131,52.9194],[-0.81266,52.91879],[-0.81312,52.9185],[-0.8145,52.91738],[-0.81561,52.91618],[-0.8158,52.91579],[-0.81583,52.91554],[-0.81547,52.91487],[-0.81538,52.91456],[-0.81542,52.91384],[-0.81565,52.91297],[-0.8156,52.91278],[-0.81588,52.91264],[-0.81606,52.91244],[-0.81643,52.91219],[-0.81908,52.91102],[-0.81996,52.91077],[-0.82132,52.91071],[-0.82252,52.91083],[-0.82374,52.91117],[-0.82438,52.9115],[-0.82483,52.91189],[-0.82526,52.9124],[-0.82568,52.91328],[-0.82608,52.91369],[-0.8269,52.91431],[-0.82774,52.91479],[-0.82821,52.91497],[-0.82879,52.91507],[-0.8305,52.91512],[-0.83186,52.91509],[-0.83312,52.91498],[-0.83576,52.91462],[-0.83712,52.91437],[-0.83819,52.91408],[-0.83991,52.91348],[-0.84143,52.91274],[-0.84337,52.91164],[-0.85106,52.90813],[-0.85151,52.90783],[-0.85193,52.90744],[-0.85233,52.90672],[-0.85275,52.90621],[-0.8546,52.90468],[-0.85685,52.90348],[-0.85835,52.90284],[-0.86064,52.90174],[-0.86188,52.90099],[-0.86221,52.90064],[-0.86318,52.89909],[-0.86342,52.89833],[-0.86371,52.89786],[-0.86371,52.8977],[-0.86691,52.8962],[-0.86832,52.89532],[-0.86852,52.89512],[-0.8686,52.89491],[-0.86865,52.89429],[-0.86886,52.89375],[-0.86911,52.89342],[-0.86941,52.89321],[-0.87008,52.89286],[-0.87063,52.89267],[-0.87397,52.89177],[-0.87465,52.89153],[-0.87579,52.89106],[-0.87625,52.89076],[-0.87723,52.88937],[-0.87738,52.88898],[-0.87749,52.88828],[-0.87734,52.88734],[-0.87698,52.88643],[-0.87629,52.88551],[-0.87626,52.88533],[-0.87632,52.88508],[-0.87648,52.88488],[-0.87686,52.88461],[-0.8776,52.88412],[-0.87858,52.88358],[-0.87883,52.88336],[-0.87969,52.88298],[-0.88171,52.88184],[-0.8824,52.88109],[-0.88284,52.88002],[-0.88301,52.8798],[-0.88339,52.8795],[-0.88422,52.8791],[-0.88851,52.87781],[-0.89099,52.87718],[-0.894,52.87659],[-0.89574,52.87612],[-0.89657,52.87603],[-0.89792,52.87618],[-0.89854,52.87619],[-0.89947,52.87607],[-0.90053,52.87583],[-0.90167,52.87547],[-0.90269,52.87506],[-0.90314,52.87476],[-0.90382,52.87402],[-0.90507,52.87337],[-0.90549,52.87292],[-0.90566,52.87256],[-0.90572,52.87224],[-0.90562,52.87166],[-0.90519,52.87049],[-0.90522,52.87024],[-0.90541,52.86998],[-0.9067,52.86866],[-0.9086,52.86703],[-0.9091,52.86652],[-0.91001,52.86536],[-0.91056,52.86484],[-0.91327,52.86325],[-0.91476,52.8622],[-0.91493,52.86187],[-0.91491,52.86142],[-0.91501,52.86112],[-0.91621,52.85964],[-0.91679,52.85906],[-0.91766,52.85855],[-0.91893,52.85799],[-0.91953,52.85781],[-0.92027,52.85781],[-0.92081,52.85796],[-0.92205,52.85853],[-0.92289,52.85881],[-0.92521,52.85912],[-0.92603,52.85929],[-0.92667,52.8595],[-0.92745,52.85986],[-0.92809,52.86028],[-0.92878,52.86094],[-0.92895,52.86103],[-0.9294,52.86115],[-0.93076,52.86121],[-0.93245,52.86185],[-0.93308,52.86191],[-0.93368,52.8618],[-0.93424,52.86151],[-0.93584,52.86018],[-0.93642,52.85946],[-0.93731,52.85856],[-0.93807,52.85804],[-0.93954,52.85752],[-0.94472,52.856],[-0.94673,52.85559],[-0.94743,52.85555],[-0.94793,52.8556],[-0.94902,52.85593],[-0.95094,52.85669],[-0.95187,52.85711],[-0.95249,52.85755],[-0.95287,52.85804],[-0.95298,52.85844],[-0.95295,52.85891],[-0.95259,52.85972],[-0.95263,52.8605],[-0.95276,52.86077],[-0.9538,52.86189],[-0.95435,52.86234],[-0.95492,52.86255],[-0.95569,52.86264],[-0.95797,52.86252],[-0.95935,52.8623],[-0.95992,52.86208],[-0.96025,52.86178],[-0.96045,52.86134],[-0.96047,52.86111],[-0.96031,52.86017],[-0.96032,52.8599],[-0.96045,52.85946],[-0.96087,52.85907],[-0.96142,52.85887],[-0.96187,52.85882],[-0.9722,52.85864],[-0.97776,52.85816],[-0.97938,52.85808],[-0.98024,52.85821],[-0.98122,52.85849],[-0.98231,52.85892],[-0.98311,52.85942],[-0.98347,52.85984],[-0.98368,52.86023],[-0.98395,52.86085],[-0.98445,52.86253],[-0.98476,52.86312],[-0.98501,52.86344],[-0.9854,52.86381],[-0.98604,52.86409],[-0.98675,52.8642],[-0.9881,52.8642],[-0.98852,52.8643],[-0.98884,52.86446],[-0.98925,52.8649],[-0.98963,52.8656],[-0.98969,52.86585],[-0.98964,52.86652],[-0.98973,52.86677],[-0.9899,52.86699],[-0.99043,52.86743],[-0.99101,52.86758],[-0.9922,52.86746],[-0.99258,52.86749],[-0.99351,52.86769],[-0.99524,52.86788],[-0.99613,52.86807],[-0.99672,52.86831],[-0.99717,52.86858],[-0.99761,52.86896],[-0.99796,52.86938],[-0.99849,52.86978],[-1.00106,52.8705],[-1.00176,52.87076],[-1.00245,52.87112],[-1.00378,52.87227],[-1.0047,52.87339],[-1.00631,52.87511],[-1.00685,52.87598],[-1.00746,52.87762],[-1.00747,52.87813],[-1.00728,52.87852],[-1.00683,52.87876],[-1.00562,52.87906],[-1.00309,52.88033],[-0.99751,52.8829],[-0.99606,52.88367],[-0.9948,52.88464],[-0.99437,52.88482],[-0.9936,52.88496],[-0.99106,52.88492],[-0.99001,52.88514],[-0.98951,52.88538],[-0.98897,52.88578],[-0.98857,52.88627],[-0.98841,52.88669],[-0.9884,52.88688],[-0.98867,52.88828],[-0.9885,52.88882],[-0.98846,52.88948],[-0.98904,52.8906],[-0.98939,52.89102],[-0.98973,52.8913],[-0.99098,52.8921],[-0.99271,52.89304],[-0.99311,52.89344],[-0.99326,52.89378],[-0.99301,52.8944],[-0.99259,52.89509],[-0.98891,52.89944],[-0.98812,52.90048],[-0.98768,52.9013],[-0.9876,52.90174],[-0.98765,52.90231],[-0.98788,52.9026],[-0.98814,52.90279],[-0.98973,52.90344],[-0.99106,52.90424],[-0.99213,52.90506],[-0.99239,52.90541],[-0.99253,52.90598],[-0.99254,52.90626],[-0.99247,52.90644],[-0.99232,52.90664],[-0.99174,52.9071],[-0.99128,52.90761],[-0.99091,52.9081],[-0.99079,52.90857],[-0.99091,52.90942],[-0.99118,52.90997],[-0.993,52.91209],[-0.99326,52.91254],[-0.99313,52.91306],[-0.99191,52.9152],[-0.99181,52.91572],[-0.99189,52.91616],[-0.99235,52.91696],[-0.99355,52.91867],[-0.99389,52.91906],[-0.99423,52.91925],[-0.99554,52.91972],[-0.99638,52.92012],[-0.99696,52.92054],[-0.99733,52.92092],[-0.99755,52.92128],[-0.99769,52.92185],[-0.99765,52.923],[-0.99774,52.92319],[-0.99803,52.92347],[-0.9996,52.92418],[-1.00053,52.92449],[-1.00261,52.92474],[-1.00346,52.92471],[-1.0039,52.92461],[-1.00476,52.92428],[-1.00583,52.9237],[-1.00768,52.9223],[-1.00875,52.92141],[-1.01004,52.92053],[-1.01226,52.91923],[-1.01452,52.91803],[-1.01527,52.91736],[-1.01557,52.91722],[-1.01617,52.91712],[-1.0168,52.91713],[-1.0177,52.91726],[-1.01904,52.91724],[-1.02033,52.91714],[-1.02254,52.91712],[-1.02413,52.91684],[-1.02575,52.91623],[-1.02782,52.91601],[-1.0305,52.91597],[-1.03317,52.91618],[-1.03408,52.91651],[-1.03449,52.9168],[-1.03466,52.91702],[-1.03473,52.91752],[-1.03465,52.91833],[-1.03502,52.91897],[-1.03566,52.91933],[-1.03754,52.91999],[-1.03801,52.92021],[-1.04067,52.92234],[-1.04125,52.92274],[-1.04506,52.92461],[-1.04569,52.92481],[-1.04649,52.92493],[-1.04774,52.92491],[-1.0483,52.9248],[-1.05029,52.92398],[-1.05207,52.9234],[-1.05281,52.92322],[-1.05889,52.92248],[-1.06026,52.92238],[-1.07068,52.92477],[-1.07179,52.92545],[-1.07306,52.92647],[-1.07344,52.92668],[-1.0773,52.92843],[-1.07765,52.92855],[-1.07802,52.92859],[-1.08087,52.9278],[-1.08224,52.92762],[-1.08453,52.92717],[-1.08742,52.92684],[-1.08967,52.92632],[-1.09212,52.92597],[-1.09386,52.92564],[-1.09516,52.92524],[-1.09615,52.92478],[-1.0972,52.92439],[-1.09804,52.92433],[-1.0994,52.92446],[-1.10005,52.92466],[-1.10148,52.92528],[-1.10222,52.92547],[-1.1027,52.92547],[-1.10592,52.92488],[-1.10676,52.92492],[-1.10745,52.92517],[-1.10809,52.92565],[-1.11024,52.92888],[-1.1106,52.92956],[-1.11076,52.93],[-1.11097,52.93151],[-1.11116,52.93181],[-1.11144,52.93205],[-1.11178,52.93227],[-1.11308,52.93271],[-1.11818,52.9338],[-1.1214,52.93492],[-1.12193,52.93529],[-1.1229,52.93614],[-1.12325,52.93648],[-1.12366,52.93703],[-1.12401,52.93728],[-1.12544,52.93796],[-1.13014,52.93996],[-1.13162,52.9408],[-1.13194,52.94106],[-1.1322,52.94141],[-1.13257,52.94208],[-1.13261,52.94232]]}},{"type":"Feature","properties":{"NAME":"Gloucester & Sharpness Canal"},"geometry":{"type":"MultiLineString","coordinates":[[[-2.4826,51.71732],[-2.47804,51.71867],[-2.47686,51.71918],[-2.47614,51.71956],[-2.4756,51.71993],[-2.47496,51.72066],[-2.47476,51.72102],[-2.47423,51.72293],[-2.47394,51.72363]],[[-2.47394,51.72363],[-2.47373,51.72426],[-2.47349,51.72467],[-2.47309,51.72503],[-2.47062,51.72647],[-2.46911,51.72726],[-2.46779,51.72809],[-2.46678,51.72858],[-2.46476,51.72974],[-2.4643,51.7301]],[[-2.46429,51.7301],[-2.46254,51.73151],[-2.46215,51.73173],[-2.46068,51.73281],[-2.46061,51.73297],[-2.45819,51.7349],[-2.45674,51.73591],[-2.455,51.73696]],[[-2.44431,51.73312],[-2.44374,51.73282],[-2.44298,51.73262],[-2.44152,51.73243],[-2.44023,51.73243],[-2.43816,51.73291],[-2.43533,51.73381],[-2.43246,51.73429],[-2.43039,51.7344],[-2.428,51.73429],[-2.41802,51.73283],[-2.41011,51.73267],[-2.40712,51.73267],[-2.40527,51.73275],[-2.40429,51.73297],[-2.40173,51.73374],[-2.39942,51.73456],[-2.39644,51.73575],[-2.39016,51.7388],[-2.38014,51.74389],[-2.37977,51.74416],[-2.37958,51.74445],[-2.37686,51.75115],[-2.37545,51.75674],[-2.37527,51.7575],[-2.37523,51.75795],[-2.37474,51.75962],[-2.37295,51.76782],[-2.37212,51.77104],[-2.37179,51.7719],[-2.37133,51.77248],[-2.3707,51.7731],[-2.37008,51.77355],[-2.36898,51.77417],[-2.35827,51.77912],[-2.35732,51.77973],[-2.35585,51.78121],[-2.35529,51.78159],[-2.34851,51.7852],[-2.34708,51.78586],[-2.34437,51.78741],[-2.34399,51.78739],[-2.34363,51.78754],[-2.34356,51.78759],[-2.34348,51.78787],[-2.3427,51.78829],[-2.33926,51.78994],[-2.33729,51.79069],[-2.3338,51.7915],[-2.32673,51.79348],[-2.32514,51.79399],[-2.32453,51.79434],[-2.32415,51.79461],[-2.32375,51.79501],[-2.32225,51.79713],[-2.32178,51.79785],[-2.32135,51.79885],[-2.32102,51.79942],[-2.3174,51.80493],[-2.31593,51.807],[-2.31529,51.8078],[-2.31451,51.80848],[-2.31366,51.80909],[-2.31164,51.81025],[-2.30394,51.81346],[-2.30312,51.8139],[-2.29869,51.81763],[-2.29781,51.81846],[-2.29758,51.81876],[-2.29732,51.8194],[-2.29722,51.81991],[-2.29726,51.82055],[-2.29755,51.82164],[-2.29752,51.8219],[-2.29842,51.8248],[-2.29929,51.82613],[-2.29975,51.82726],[-2.29989,51.82804],[-2.29973,51.82841],[-2.29956,51.82858],[-2.29894,51.82899],[-2.29824,51.8292],[-2.29489,51.82925],[-2.29441,51.82931],[-2.29051,51.83042],[-2.28821,51.83123],[-2.28655,51.83206],[-2.28399,51.83352],[-2.28084,51.83576],[-2.27816,51.83782],[-2.27699,51.83863],[-2.27632,51.83888],[-2.27534,51.83899]],[[-2.45503,51.73698],[-2.45406,51.73738],[-2.45325,51.73758],[-2.45197,51.73773],[-2.4503,51.73742],[-2.44818,51.73678],[-2.44775,51.7365],[-2.44434,51.73314]],[[-2.27534,51.83899],[-2.27314,51.83798]],[[-2.27534,51.83899],[-2.2715,51.83921],[-2.27087,51.83935],[-2.27015,51.83966]],[[-2.27015,51.83966],[-2.27034,51.83917],[-2.27056,51.83886],[-2.27145,51.83829]],[[-2.27015,51.83966],[-2.26969,51.83997],[-2.26627,51.84352],[-2.26567,51.84423],[-2.26168,51.8483],[-2.26061,51.84951],[-2.25948,51.85189],[-2.25854,51.85428],[-2.25786,51.85568],[-2.25758,51.8564]],[[-2.25758,51.8564],[-2.2568,51.85763],[-2.25619,51.85834],[-2.25552,51.85931],[-2.25366,51.86162],[-2.25323,51.86225]],[[-2.25995,51.85692],[-2.25758,51.8564]],[[-2.25323,51.86225],[-2.25158,51.86173]],[[-2.25323,51.86225],[-2.25297,51.86293],[-2.25276,51.86329]],[[-2.25276,51.86329],[-2.25107,51.86279],[-2.25053,51.86273]],[[-2.25276,51.86329],[-2.25264,51.86377],[-2.25269,51.864]]]}},{"type":"Feature","properties":{"NAME":"Grand Union Canal"},"geometry":{"type":"MultiLineString","coordinates":[[[-0.30555,51.48208],[-0.30501,51.48221],[-0.30391,51.48235]],[[-0.30555,51.48208],[-0.30462,51.48216],[-0.30391,51.48235]],[[-0.30555,51.48208],[-0.30633,51.48195],[-0.30785,51.48191],[-0.3085,51.48166],[-0.30887,51.48114],[-0.30964,51.48088],[-0.31059,51.48082],[-0.31124,51.48091],[-0.31233,51.48136],[-0.31242,51.48166],[-0.31239,51.48177],[-0.31216,51.48245],[-0.31192,51.48271]],[[-0.30391,51.48235],[-0.30022,51.48299]],[[-0.31192,51.48271],[-0.31161,51.4833],[-0.31144,51.48346]],[[-0.31192,51.48271],[-0.31163,51.48295],[-0.31145,51.48325],[-0.31144,51.48346]],[[-0.37954,51.49611],[-0.37988,51.49658]],[[-0.37954,51.49611],[-0.36602,51.50081],[-0.35874,51.50349],[-0.35698,51.50403],[-0.352,51.50526],[-0.34983,51.50546],[-0.34867,51.50548],[-0.34779,51.50541],[-0.34642,51.5049],[-0.34416,51.50353],[-0.34376,51.50336],[-0.34149,51.50289],[-0.34065,51.50285],[-0.34016,51.50268],[-0.3397,51.50239],[-0.33926,51.50193],[-0.3376,51.49986],[-0.33757,51.49967],[-0.33762,51.49952],[-0.33818,51.49883],[-0.33819,51.49859],[-0.33802,51.49834],[-0.3375,51.49799],[-0.3368,51.49775],[-0.3356,51.49756],[-0.33473,51.49764],[-0.33384,51.49759],[-0.33335,51.49745],[-0.33305,51.49727],[-0.33249,51.49654],[-0.33172,51.49599],[-0.33124,51.49546],[-0.33081,51.49414],[-0.33016,51.49277],[-0.32989,51.49253],[-0.32835,51.49199],[-0.32736,51.49173],[-0.32651,51.49168],[-0.32494,51.49182],[-0.32387,51.49177],[-0.32342,51.49165],[-0.32214,51.49105],[-0.32165,51.49066],[-0.3215,51.49046],[-0.32137,51.49011],[-0.32154,51.4887],[-0.32146,51.48815],[-0.32131,51.48785],[-0.32068,51.4873],[-0.32006,51.48708],[-0.31875,51.48708],[-0.31759,51.48691],[-0.31656,51.48661],[-0.31552,51.48668],[-0.31504,51.48654],[-0.3144,51.48609],[-0.31429,51.48579],[-0.31404,51.48555],[-0.3115,51.48368],[-0.31144,51.48346]],[[-0.8271,52.06534],[-0.82606,52.06478],[-0.82558,52.06461],[-0.82102,52.06425],[-0.81949,52.06434],[-0.81721,52.06484],[-0.81619,52.06496],[-0.81563,52.06492],[-0.81302,52.06441],[-0.8124,52.06442],[-0.81171,52.06456],[-0.81041,52.06496],[-0.80928,52.06504],[-0.80788,52.06532],[-0.80671,52.06526],[-0.80502,52.06493],[-0.8045,52.06471],[-0.80408,52.06423],[-0.80387,52.06384],[-0.80387,52.06289],[-0.8037,52.06243],[-0.80341,52.06211],[-0.8027,52.06166],[-0.80219,52.06095],[-0.8017,52.06054],[-0.801,52.06023],[-0.80025,52.06009],[-0.79912,52.06002],[-0.79776,52.06008],[-0.79573,52.06057],[-0.79185,52.06197],[-0.79154,52.06219],[-0.79117,52.06284],[-0.79092,52.06306],[-0.78838,52.06412],[-0.78716,52.0645],[-0.78505,52.06475],[-0.78445,52.06489],[-0.78328,52.06545],[-0.78169,52.06634],[-0.78068,52.0671],[-0.78043,52.06744],[-0.78037,52.06825],[-0.78006,52.06943],[-0.78005,52.0703],[-0.78018,52.07059],[-0.78101,52.07158],[-0.78127,52.07199],[-0.78158,52.07267],[-0.78206,52.07332],[-0.78208,52.07359],[-0.78198,52.07378],[-0.7816,52.07404],[-0.78095,52.07417],[-0.78016,52.07417],[-0.77827,52.07386],[-0.77653,52.0741],[-0.77389,52.07419],[-0.77005,52.07397],[-0.7689,52.0737],[-0.76606,52.07243],[-0.76534,52.07229],[-0.76472,52.07238],[-0.76316,52.07301],[-0.75497,52.07441],[-0.75427,52.0743],[-0.75292,52.07377],[-0.75198,52.07352],[-0.75111,52.07351],[-0.74941,52.07369],[-0.74852,52.07365],[-0.74733,52.07345],[-0.74665,52.07322],[-0.74631,52.07304],[-0.74594,52.07269],[-0.74575,52.07237],[-0.74561,52.0715],[-0.74579,52.07072],[-0.74624,52.06975],[-0.74632,52.06939],[-0.74632,52.06889],[-0.74605,52.06838],[-0.74517,52.06774],[-0.74503,52.06761],[-0.74499,52.06744],[-0.74505,52.06719],[-0.74572,52.06647],[-0.74583,52.06622],[-0.74588,52.06578],[-0.74559,52.06535],[-0.74517,52.06498],[-0.745,52.06466],[-0.74495,52.06433],[-0.74485,52.06412],[-0.74433,52.06377],[-0.74388,52.06364],[-0.74178,52.06368],[-0.74088,52.06349],[-0.74037,52.06326],[-0.73956,52.06254],[-0.73919,52.06198],[-0.73874,52.06107],[-0.73821,52.06036],[-0.73731,52.05954],[-0.73652,52.05903],[-0.73579,52.05867],[-0.73309,52.0579],[-0.73267,52.05769],[-0.73217,52.05723],[-0.73208,52.05692],[-0.73223,52.05658],[-0.73327,52.05594],[-0.73401,52.05537],[-0.73569,52.0532],[-0.73599,52.05269],[-0.73607,52.05226],[-0.73592,52.05183],[-0.73525,52.05121],[-0.73477,52.05098],[-0.73349,52.05058],[-0.73314,52.05038],[-0.73293,52.05013],[-0.73288,52.0499],[-0.73298,52.04956],[-0.73378,52.04846],[-0.73413,52.04766],[-0.73429,52.04705],[-0.73419,52.0466],[-0.734,52.04634],[-0.7334,52.04578],[-0.73122,52.04441],[-0.73074,52.04405],[-0.73049,52.04381],[-0.73019,52.04333],[-0.73027,52.04165],[-0.7304,52.04127],[-0.73086,52.04041],[-0.73225,52.03823],[-0.7325,52.03757],[-0.73252,52.03706],[-0.73221,52.03635],[-0.73188,52.03605],[-0.73083,52.03546],[-0.7305,52.0352],[-0.73031,52.03497],[-0.73009,52.03432],[-0.73022,52.03394],[-0.73093,52.03301],[-0.73131,52.0324],[-0.73165,52.032],[-0.73183,52.03188],[-0.7319,52.03177],[-0.73191,52.03153],[-0.7313,52.03051],[-0.73054,52.02781],[-0.73019,52.02717],[-0.72992,52.02687],[-0.7293,52.02645],[-0.72881,52.02624],[-0.72842,52.02617],[-0.72781,52.0262],[-0.72654,52.02653],[-0.72594,52.0265],[-0.72524,52.02626],[-0.72474,52.0259],[-0.72434,52.025],[-0.72378,52.02432],[-0.72366,52.024],[-0.72366,52.02318],[-0.72317,52.02265],[-0.72269,52.02223],[-0.72238,52.02207],[-0.72093,52.02167],[-0.7201,52.02129],[-0.71911,52.02059],[-0.71865,52.0201],[-0.71822,52.01923],[-0.71821,52.01853],[-0.71783,52.01763],[-0.71782,52.0173],[-0.71804,52.01699],[-0.71861,52.01661],[-0.72003,52.0162],[-0.72022,52.01604],[-0.72029,52.01585],[-0.72026,52.01569],[-0.71916,52.01441],[-0.71881,52.01413],[-0.71837,52.01398],[-0.71696,52.0138],[-0.71646,52.01359],[-0.71613,52.01328],[-0.71592,52.0127],[-0.71598,52.01124],[-0.71636,52.00937],[-0.71634,52.00795],[-0.71641,52.00778],[-0.71695,52.00729],[-0.71705,52.00713],[-0.71705,52.00673],[-0.71685,52.00605],[-0.71685,52.00584],[-0.71716,52.00451],[-0.71684,52.00392],[-0.71637,52.00379],[-0.71602,52.00359],[-0.71519,52.00245],[-0.71466,52.00161],[-0.71384,51.99943],[-0.71383,51.99917],[-0.71465,51.99785],[-0.71473,51.99716],[-0.71467,51.99643],[-0.71451,51.9958],[-0.71401,51.99453],[-0.71384,51.99393],[-0.71419,51.99313],[-0.71462,51.99269],[-0.71527,51.99231],[-0.71627,51.99188],[-0.71646,51.99164],[-0.71655,51.99143],[-0.71689,51.98918],[-0.71725,51.98843],[-0.7178,51.98661],[-0.71786,51.98614],[-0.71775,51.98564],[-0.71778,51.98515],[-0.71842,51.98412],[-0.71905,51.98282],[-0.71931,51.98246],[-0.71938,51.98202],[-0.71923,51.98162],[-0.71901,51.98132],[-0.71826,51.98069],[-0.71788,51.98019],[-0.71475,51.97532],[-0.71456,51.97475],[-0.71459,51.97381],[-0.71443,51.97354],[-0.71417,51.97328],[-0.71409,51.97293],[-0.71421,51.97255],[-0.7151,51.97182],[-0.71649,51.97036],[-0.71678,51.96995],[-0.71688,51.96962],[-0.7169,51.96925],[-0.71667,51.96819],[-0.71667,51.96794],[-0.71671,51.96772],[-0.71698,51.96712],[-0.71702,51.96682],[-0.71644,51.96615],[-0.71584,51.96517],[-0.71527,51.96445],[-0.71478,51.96349],[-0.71392,51.96291],[-0.71362,51.96251],[-0.71345,51.9624],[-0.71293,51.96218],[-0.71204,51.96204],[-0.7114,51.96174],[-0.71065,51.96101],[-0.71033,51.96045],[-0.70989,51.96003],[-0.70925,51.95965],[-0.70791,51.95904],[-0.70757,51.95872],[-0.70749,51.95855],[-0.70748,51.95818],[-0.70791,51.95729],[-0.70802,51.95661],[-0.70799,51.95631],[-0.70782,51.95505],[-0.70703,51.95349],[-0.70698,51.9531],[-0.70778,51.95142],[-0.70812,51.95061],[-0.70812,51.95041],[-0.70744,51.94941],[-0.70703,51.94848],[-0.7069,51.948],[-0.70672,51.94778],[-0.7063,51.94756],[-0.704,51.9467],[-0.70283,51.94604],[-0.70248,51.94563],[-0.7024,51.94485],[-0.70232,51.94469],[-0.7003,51.94281],[-0.69984,51.94257],[-0.699,51.94243],[-0.69838,51.94225],[-0.69802,51.94199],[-0.69768,51.94164],[-0.697,51.94117],[-0.69587,51.94025],[-0.69379,51.93907],[-0.69344,51.93898],[-0.69077,51.93868],[-0.68695,51.93875],[-0.68633,51.93867],[-0.6855,51.93842],[-0.68445,51.9382],[-0.6841,51.93801],[-0.68397,51.93783],[-0.68398,51.9376],[-0.68416,51.93725],[-0.68413,51.93703],[-0.68334,51.93619],[-0.68292,51.93584],[-0.68147,51.93505],[-0.6798,51.93443],[-0.67937,51.93407],[-0.67894,51.93384],[-0.67805,51.9336],[-0.67687,51.93375],[-0.67479,51.93371],[-0.67423,51.93355],[-0.67375,51.93327],[-0.67365,51.93317],[-0.67362,51.93294],[-0.6739,51.93261],[-0.67459,51.93219],[-0.67656,51.93126],[-0.67684,51.93107],[-0.67721,51.93063],[-0.67753,51.9297],[-0.67764,51.92898],[-0.67755,51.92827],[-0.67745,51.92812],[-0.6772,51.92797],[-0.67561,51.9275],[-0.67445,51.92739],[-0.67278,51.92751],[-0.6714,51.92774],[-0.66962,51.92815],[-0.66825,51.92838],[-0.66758,51.92841],[-0.66601,51.92829],[-0.66544,51.92806],[-0.66498,51.92766],[-0.66488,51.92727],[-0.66515,51.92654],[-0.66596,51.92521],[-0.66648,51.92451],[-0.667,51.92346],[-0.66736,51.92307],[-0.66895,51.92171],[-0.66989,51.92029],[-0.67028,51.91732],[-0.67036,51.91716],[-0.67045,51.91616],[-0.67041,51.91601],[-0.66993,51.91571],[-0.66973,51.9154],[-0.66978,51.91504],[-0.67007,51.91441],[-0.67012,51.91389],[-0.67007,51.91365],[-0.66982,51.91284],[-0.66867,51.91034],[-0.66867,51.90998],[-0.66902,51.9096],[-0.66918,51.90933],[-0.66923,51.90853],[-0.66963,51.90734],[-0.66963,51.90716],[-0.66952,51.90688],[-0.6691,51.90636],[-0.6688,51.90582],[-0.66871,51.90538],[-0.6688,51.90487],[-0.6692,51.90433],[-0.66948,51.9041],[-0.67177,51.90296],[-0.67311,51.90211],[-0.67327,51.90177],[-0.67322,51.90097],[-0.67283,51.90003],[-0.67222,51.89884],[-0.67172,51.89827],[-0.67061,51.89733],[-0.66888,51.89662],[-0.6676,51.89564],[-0.66682,51.89526],[-0.6635,51.89416],[-0.66308,51.89388],[-0.66226,51.89309],[-0.66214,51.89281],[-0.66236,51.89184],[-0.66222,51.89098],[-0.66224,51.89062],[-0.6624,51.89002],[-0.66281,51.88933],[-0.66279,51.88914],[-0.66264,51.88892],[-0.66172,51.88806],[-0.66118,51.88774],[-0.66045,51.88748],[-0.65781,51.88576],[-0.65714,51.88554],[-0.65592,51.88533],[-0.65562,51.88519],[-0.65541,51.88494],[-0.65538,51.88457],[-0.65557,51.88392],[-0.65602,51.88307],[-0.6563,51.88273],[-0.65703,51.88214],[-0.65811,51.88164],[-0.65934,51.88117],[-0.6595,51.88098],[-0.65953,51.88068],[-0.65848,51.87904],[-0.65742,51.87823],[-0.65569,51.8762],[-0.65558,51.87599],[-0.65554,51.87568],[-0.65564,51.8748],[-0.6554,51.87433],[-0.65517,51.87415],[-0.65476,51.87396],[-0.65134,51.87304],[-0.65096,51.87289],[-0.65055,51.8726],[-0.64912,51.87049],[-0.64877,51.86958],[-0.64864,51.86899],[-0.64868,51.86645],[-0.64862,51.86599],[-0.64827,51.86514],[-0.64803,51.86395],[-0.64706,51.86111],[-0.64665,51.85703],[-0.6465,51.8567],[-0.64589,51.85605],[-0.64573,51.85574],[-0.64554,51.85456],[-0.64541,51.85419],[-0.64514,51.85387],[-0.64474,51.85357],[-0.64445,51.85326],[-0.64385,51.852],[-0.64381,51.85164],[-0.64388,51.85044],[-0.64397,51.84999],[-0.64421,51.84946],[-0.6447,51.84889],[-0.64474,51.84866],[-0.64471,51.84835],[-0.64417,51.84729],[-0.644,51.84641],[-0.64412,51.84571],[-0.64436,51.84533],[-0.64516,51.84474],[-0.64555,51.84459],[-0.64615,51.8445],[-0.64705,51.84467],[-0.64757,51.84465],[-0.64789,51.84457],[-0.64883,51.84414],[-0.64924,51.84384],[-0.65013,51.84288],[-0.65026,51.84249],[-0.65029,51.84197],[-0.65044,51.84172],[-0.65348,51.83961],[-0.65398,51.8392],[-0.65481,51.83773],[-0.65487,51.83745],[-0.65486,51.83692],[-0.65503,51.83667],[-0.6554,51.83644],[-0.65626,51.83611],[-0.65658,51.83584],[-0.65667,51.83559],[-0.65665,51.8354],[-0.65602,51.83427],[-0.65567,51.83314],[-0.65542,51.83255],[-0.65482,51.83195],[-0.65471,51.83172],[-0.65473,51.83127],[-0.65492,51.83079],[-0.65528,51.8306],[-0.65669,51.8301],[-0.65792,51.82935],[-0.65914,51.82906],[-0.66051,51.82852],[-0.66161,51.828],[-0.66291,51.82714],[-0.66356,51.82634],[-0.66383,51.82611],[-0.66446,51.82585],[-0.66648,51.82477],[-0.66738,51.82409],[-0.66813,51.82366],[-0.66904,51.82289],[-0.66958,51.82218],[-0.66964,51.82195],[-0.66955,51.82154],[-0.6696,51.8208],[-0.66946,51.82045],[-0.66919,51.82013],[-0.66881,51.81983],[-0.66771,51.81925],[-0.66738,51.81901],[-0.66648,51.8181],[-0.66639,51.8179],[-0.66639,51.81769],[-0.66673,51.81708],[-0.66676,51.81689],[-0.66675,51.81669],[-0.6666,51.81643],[-0.6661,51.81619],[-0.66543,51.81619],[-0.66341,51.81689],[-0.66295,51.81701],[-0.66271,51.817],[-0.66069,51.81669],[-0.66053,51.81658],[-0.66023,51.81606],[-0.65926,51.81569],[-0.65881,51.81573],[-0.6577,51.81613],[-0.65667,51.81614],[-0.65511,51.81606],[-0.65351,51.81569],[-0.65109,51.81547],[-0.65014,51.81511],[-0.64901,51.81455],[-0.64752,51.81347],[-0.64639,51.81286],[-0.64494,51.81184],[-0.6431,51.81109],[-0.64254,51.81072],[-0.63978,51.80743],[-0.63444,51.80212],[-0.63401,51.80179],[-0.63285,51.80116],[-0.63163,51.80069],[-0.62967,51.80009],[-0.62827,51.79978],[-0.6246,51.79912],[-0.62308,51.79872],[-0.62176,51.79823],[-0.62116,51.79793],[-0.6207,51.7976],[-0.62039,51.79727],[-0.62024,51.79701],[-0.62014,51.79653],[-0.62026,51.7961],[-0.62107,51.79471],[-0.62124,51.79423],[-0.62129,51.79332],[-0.62107,51.79264],[-0.62081,51.79222],[-0.62053,51.79192],[-0.61877,51.79044],[-0.61759,51.78931],[-0.61492,51.78573],[-0.6143,51.78501],[-0.61385,51.78463],[-0.61312,51.78419],[-0.61248,51.78369],[-0.60939,51.78184],[-0.60682,51.78061],[-0.60504,51.77958],[-0.60283,51.77842],[-0.60137,51.77795],[-0.60013,51.77767],[-0.59903,51.77727],[-0.59709,51.77684],[-0.59652,51.77662],[-0.59387,51.77533],[-0.59084,51.77419],[-0.59029,51.77377],[-0.58917,51.77258],[-0.58902,51.77229],[-0.58879,51.77146],[-0.58755,51.76997],[-0.5868,51.76937],[-0.58568,51.76874],[-0.58204,51.76758],[-0.58039,51.76726],[-0.57915,51.76659],[-0.5774,51.76631],[-0.57372,51.76551],[-0.57291,51.76527],[-0.57099,51.76462],[-0.56918,51.76361],[-0.56816,51.76312],[-0.56652,51.76266],[-0.56544,51.76248],[-0.56358,51.76231],[-0.56299,51.76242],[-0.56195,51.76277],[-0.56163,51.7628],[-0.5609,51.76276],[-0.56032,51.7626],[-0.55982,51.76238],[-0.55886,51.7618],[-0.55683,51.7599],[-0.556,51.75876],[-0.55474,51.75827],[-0.55362,51.75765],[-0.5525,51.7572],[-0.54908,51.75688],[-0.54576,51.75564],[-0.54361,51.75463],[-0.54239,51.7538],[-0.54061,51.75321],[-0.53891,51.7519],[-0.53736,51.75137],[-0.5351,51.7509],[-0.53252,51.7508],[-0.52933,51.75031],[-0.52899,51.75017],[-0.52823,51.74959],[-0.52746,51.74856],[-0.52709,51.74825],[-0.52663,51.74802],[-0.5256,51.74775],[-0.52276,51.74723],[-0.51834,51.74709],[-0.51533,51.74659],[-0.51453,51.7465],[-0.51273,51.74644],[-0.5116,51.74629],[-0.51082,51.74596],[-0.50974,51.74575],[-0.50889,51.74581],[-0.50713,51.74612],[-0.50518,51.74583],[-0.49734,51.74434],[-0.48921,51.74406],[-0.48834,51.74413],[-0.48728,51.74439],[-0.48643,51.7445],[-0.48494,51.7445],[-0.48234,51.74408],[-0.48059,51.74358],[-0.47863,51.74345],[-0.47203,51.74247],[-0.4716,51.7422],[-0.47093,51.74131],[-0.47033,51.74074],[-0.46867,51.73999],[-0.46627,51.73874],[-0.46343,51.73599],[-0.46267,51.73563],[-0.46231,51.73537],[-0.46192,51.73458],[-0.46125,51.73363],[-0.46044,51.73315],[-0.45992,51.73264],[-0.45859,51.73167],[-0.45408,51.73002],[-0.45376,51.72961],[-0.45256,51.72768],[-0.45225,51.7274],[-0.45076,51.72655],[-0.45035,51.72617],[-0.45011,51.72556],[-0.44984,51.7244],[-0.45001,51.72311],[-0.44999,51.72258],[-0.4493,51.72107],[-0.44921,51.72053],[-0.44872,51.71999],[-0.44856,51.71949],[-0.44836,51.71925],[-0.44796,51.71905],[-0.44723,51.71882],[-0.4467,51.71845],[-0.44631,51.71759],[-0.44642,51.71714],[-0.44596,51.71595],[-0.44539,51.71526],[-0.44426,51.71367],[-0.44293,51.71267],[-0.44294,51.71199],[-0.44259,51.70989],[-0.44244,51.70951],[-0.44165,51.70817],[-0.44158,51.70792],[-0.44172,51.7074],[-0.44229,51.70652],[-0.4423,51.70626],[-0.44019,51.70087],[-0.43996,51.70049],[-0.43952,51.70002],[-0.43866,51.69931],[-0.43754,51.69863],[-0.43665,51.69826],[-0.43652,51.69803],[-0.43631,51.69733],[-0.43672,51.69595],[-0.43695,51.69445],[-0.43686,51.69404],[-0.4367,51.6937],[-0.43541,51.69181],[-0.4348,51.69013],[-0.43356,51.68847],[-0.43337,51.68797],[-0.43365,51.68738],[-0.43346,51.68646],[-0.43382,51.68533],[-0.43374,51.6848],[-0.43347,51.68442],[-0.43338,51.6841],[-0.43325,51.68391],[-0.43289,51.68375],[-0.43201,51.68308],[-0.43194,51.68297],[-0.43185,51.68244],[-0.43194,51.68182],[-0.43182,51.68155],[-0.43096,51.68084],[-0.43022,51.68053],[-0.42969,51.68002],[-0.42971,51.67992],[-0.42991,51.67977],[-0.43078,51.6795],[-0.43107,51.67923],[-0.43112,51.67907],[-0.43113,51.67886],[-0.431,51.67854],[-0.43027,51.6776],[-0.43024,51.67738],[-0.43032,51.67691],[-0.42996,51.67627],[-0.42975,51.67609],[-0.42945,51.67608],[-0.4276,51.67638],[-0.42721,51.67631],[-0.42567,51.67446],[-0.4254,51.674],[-0.42537,51.67357],[-0.42552,51.67309],[-0.42814,51.67026],[-0.42824,51.67002],[-0.42809,51.66862],[-0.42792,51.66806],[-0.42745,51.66722],[-0.42703,51.66553],[-0.42687,51.66451],[-0.42685,51.66394],[-0.42693,51.6633],[-0.42713,51.66283],[-0.42748,51.66237],[-0.42776,51.66176],[-0.42786,51.66137],[-0.42785,51.66095],[-0.42762,51.65989],[-0.42761,51.65676],[-0.42769,51.65634],[-0.42769,51.65497],[-0.42758,51.65307],[-0.42746,51.65246],[-0.42719,51.65173],[-0.42698,51.65083],[-0.42715,51.65051],[-0.42772,51.65016],[-0.43006,51.64928],[-0.43145,51.64846],[-0.432,51.64828],[-0.43456,51.64772],[-0.43506,51.6475],[-0.43815,51.64569],[-0.43893,51.64508],[-0.43988,51.64445],[-0.44111,51.64387],[-0.4438,51.64163],[-0.44605,51.64008],[-0.4468,51.63973],[-0.44815,51.6393],[-0.45366,51.63668],[-0.45428,51.63644],[-0.45465,51.63637],[-0.45622,51.63637],[-0.45942,51.63674],[-0.4604,51.63672],[-0.46119,51.63657],[-0.4617,51.63638],[-0.4628,51.63581],[-0.46335,51.63528],[-0.46376,51.63509],[-0.46868,51.63466],[-0.47005,51.63423],[-0.4764,51.63165],[-0.4795,51.63116],[-0.47999,51.63103],[-0.48054,51.63071],[-0.48274,51.62878],[-0.48328,51.62851],[-0.48371,51.62842],[-0.48741,51.62828],[-0.48992,51.62785],[-0.4914,51.62754],[-0.49194,51.62737],[-0.4945,51.6257],[-0.49547,51.62479],[-0.49567,51.62439],[-0.49582,51.62354],[-0.49573,51.62251],[-0.49581,51.62113],[-0.49575,51.62085],[-0.49523,51.61979],[-0.49535,51.61883],[-0.49554,51.61816],[-0.49598,51.61752],[-0.49607,51.61685],[-0.49669,51.61588],[-0.4974,51.61415],[-0.49753,51.61295],[-0.49855,51.61063],[-0.49883,51.60962],[-0.49924,51.60885],[-0.49911,51.60864],[-0.49869,51.60828],[-0.49803,51.60683],[-0.49784,51.60598],[-0.4976,51.60545],[-0.49638,51.60352],[-0.49253,51.59974],[-0.49219,51.59936],[-0.49173,51.59864],[-0.49023,51.59752],[-0.48974,51.59679],[-0.48838,51.5954],[-0.48825,51.59516],[-0.48834,51.59419],[-0.48794,51.59333],[-0.48748,51.59255],[-0.48744,51.59218],[-0.48705,51.59103],[-0.48705,51.59072],[-0.48583,51.58678],[-0.4827,51.57534],[-0.48158,51.57151],[-0.48158,51.56939],[-0.48243,51.5674],[-0.48251,51.56682],[-0.48189,51.56376],[-0.48178,51.56304],[-0.4818,51.56276],[-0.48269,51.5589],[-0.48288,51.55832],[-0.48321,51.55781],[-0.48367,51.55576],[-0.48408,51.55513],[-0.48409,51.55501],[-0.48365,51.5541],[-0.48353,51.55284],[-0.48355,51.55198],[-0.48363,51.55165],[-0.48383,51.55128],[-0.48458,51.5504],[-0.48769,51.54699],[-0.4879,51.5466],[-0.48795,51.54636],[-0.48814,51.54313],[-0.48755,51.53473],[-0.4874,51.53405],[-0.48661,51.5325],[-0.48561,51.52859],[-0.4856,51.52838],[-0.48615,51.52639],[-0.48594,51.52488],[-0.48572,51.52433],[-0.48517,51.52347],[-0.48438,51.52152],[-0.4832,51.5204],[-0.47877,51.51663],[-0.47848,51.51627],[-0.4783,51.5159],[-0.47778,51.51441],[-0.47746,51.51386],[-0.47691,51.51338],[-0.47595,51.51278],[-0.47435,51.51203],[-0.47254,51.51061],[-0.47192,51.5103],[-0.47006,51.50999],[-0.45728,51.50887],[-0.45064,51.50798],[-0.44323,51.50709],[-0.44192,51.50716],[-0.43446,51.50876],[-0.43309,51.5089],[-0.43169,51.50886],[-0.43093,51.50871],[-0.42259,51.5059],[-0.41092,51.50086],[-0.38974,51.49529],[-0.38678,51.49479],[-0.38563,51.49473],[-0.38477,51.49476],[-0.38368,51.49487],[-0.38268,51.49508],[-0.38159,51.49539],[-0.37954,51.49611]],[[-0.86401,52.09575],[-0.86325,52.09549],[-0.86261,52.09514],[-0.86125,52.09415],[-0.86003,52.09309],[-0.85994,52.09285],[-0.85992,52.09253],[-0.86065,52.09147],[-0.86077,52.09119],[-0.86096,52.08993],[-0.86092,52.0895],[-0.86059,52.08868],[-0.86018,52.08803],[-0.85934,52.08715],[-0.85846,52.08636],[-0.85779,52.08596],[-0.85712,52.08582],[-0.85184,52.08542],[-0.85062,52.08539],[-0.8494,52.08519],[-0.84818,52.08467],[-0.84499,52.08294],[-0.84465,52.08258],[-0.84452,52.08211],[-0.84461,52.08184],[-0.84529,52.0809],[-0.84532,52.08029],[-0.84518,52.07992],[-0.84424,52.07857],[-0.84422,52.07808],[-0.84467,52.07704],[-0.84475,52.07657],[-0.84448,52.07584],[-0.8442,52.07552],[-0.84381,52.0752],[-0.84256,52.07465],[-0.8422,52.07442],[-0.84206,52.0742],[-0.84202,52.07359],[-0.8419,52.07331],[-0.84146,52.07283],[-0.84102,52.07255],[-0.82934,52.0665],[-0.82778,52.0658],[-0.8271,52.06534]],[[-0.90574,52.13326],[-0.90401,52.13222],[-0.89817,52.12995],[-0.89768,52.12963],[-0.89663,52.12874],[-0.89548,52.12749],[-0.89506,52.12724],[-0.8935,52.12674],[-0.89183,52.1261],[-0.89061,52.12575],[-0.88992,52.12563],[-0.88846,52.12557],[-0.88751,52.12541],[-0.8871,52.1252],[-0.8866,52.12482],[-0.88639,52.12457],[-0.88631,52.12435],[-0.88633,52.12395],[-0.88653,52.12351],[-0.8869,52.12321],[-0.8885,52.12243],[-0.889,52.1221],[-0.88937,52.12174],[-0.89016,52.12068],[-0.89033,52.1204],[-0.89042,52.12002],[-0.8903,52.11943],[-0.89002,52.11896],[-0.88974,52.11866],[-0.88867,52.11787],[-0.88817,52.11732],[-0.88795,52.1167],[-0.88798,52.11565],[-0.88793,52.11516],[-0.88784,52.11456],[-0.88769,52.11419],[-0.88742,52.11382],[-0.88651,52.1132],[-0.88613,52.11286],[-0.88613,52.11211],[-0.88645,52.1091],[-0.88691,52.10558],[-0.8867,52.10511],[-0.88534,52.10374],[-0.881,52.10048],[-0.87942,52.09962],[-0.87821,52.09908],[-0.87706,52.09867],[-0.87161,52.09706],[-0.86723,52.09669],[-0.86629,52.09646],[-0.86401,52.09575]],[[-0.9137,52.14042],[-0.91307,52.13978],[-0.91251,52.13941],[-0.91033,52.1387],[-0.90968,52.13839],[-0.90926,52.13795],[-0.90753,52.13546],[-0.90726,52.13517],[-0.90664,52.13421],[-0.9062,52.13368],[-0.90574,52.13326]],[[-0.92232,52.14717],[-0.92146,52.14566],[-0.92094,52.14512],[-0.91935,52.14418],[-0.91849,52.14388],[-0.91692,52.14352],[-0.91625,52.14318],[-0.91481,52.14214],[-0.91447,52.14169],[-0.91437,52.14135],[-0.9137,52.14042]],[[-0.92717,52.15563],[-0.92233,52.14717]],[[-0.932,52.16413],[-0.92718,52.15565]],[[-0.94093,52.1786],[-0.94117,52.17745],[-0.94123,52.17658],[-0.9413,52.17634],[-0.94153,52.17605],[-0.94237,52.17542],[-0.94274,52.1751],[-0.94287,52.17491],[-0.94291,52.17441],[-0.94258,52.17373],[-0.94137,52.17194],[-0.94107,52.17137],[-0.9407,52.17107],[-0.93968,52.17084],[-0.93752,52.17088],[-0.93633,52.1705],[-0.93566,52.17015],[-0.93521,52.16968],[-0.93203,52.16413]],[[-0.95654,52.19156],[-0.95517,52.19157],[-0.95285,52.1917],[-0.95201,52.19152],[-0.95139,52.19107],[-0.94912,52.18891],[-0.94878,52.18837],[-0.94827,52.18706],[-0.94745,52.1862],[-0.94677,52.18571],[-0.94457,52.1848],[-0.94422,52.18455],[-0.9434,52.18247],[-0.94315,52.18208],[-0.94257,52.18137],[-0.94126,52.18028],[-0.94097,52.1799],[-0.94083,52.1795],[-0.94093,52.17863]],[[-0.96887,52.19573],[-0.96513,52.1934],[-0.96389,52.19277],[-0.96308,52.19247],[-0.96157,52.19209],[-0.96038,52.19187],[-0.95863,52.19166],[-0.95655,52.19156]],[[-0.99419,52.20143],[-0.99127,52.20103],[-0.98999,52.20073],[-0.98893,52.20039],[-0.98829,52.20006],[-0.98774,52.19962],[-0.98752,52.19933],[-0.98704,52.1983],[-0.98654,52.1979],[-0.98613,52.19774],[-0.98306,52.19697],[-0.98094,52.19601],[-0.98029,52.1958],[-0.97993,52.19578],[-0.97806,52.19612],[-0.97456,52.19636],[-0.97335,52.19638],[-0.97035,52.19602],[-0.96946,52.19589],[-0.96887,52.19573]],[[-1.04241,52.21418],[-1.04216,52.21403],[-1.04147,52.21381],[-1.03862,52.21324],[-1.03691,52.21266],[-1.03506,52.21227],[-1.03225,52.21233],[-1.02566,52.21285],[-1.02467,52.21285],[-1.02417,52.21274],[-1.02371,52.2125],[-1.02305,52.21188],[-1.02258,52.21094],[-1.02143,52.2098],[-1.01941,52.20695],[-1.01871,52.20613],[-1.01786,52.20535],[-1.01657,52.20445],[-1.01533,52.20372],[-1.0139,52.20306],[-1.01162,52.20229],[-1.0106,52.20205],[-1.00886,52.2018],[-1.0059,52.20154],[-1.00361,52.20151],[-1.00187,52.20177],[-1.00129,52.20179],[-0.99948,52.2015],[-0.99845,52.20167],[-0.99739,52.2017],[-0.99419,52.20143]],[[-1.05123,52.22701],[-1.04919,52.22612],[-1.04897,52.22581],[-1.0482,52.22502],[-1.04815,52.22485],[-1.04818,52.22421],[-1.04799,52.22394],[-1.04773,52.22377],[-1.04691,52.22362],[-1.04612,52.22364],[-1.04483,52.22386],[-1.04391,52.22375],[-1.0434,52.22354],[-1.0424,52.22285],[-1.04167,52.22249],[-1.04132,52.22215],[-1.04123,52.22194],[-1.04124,52.22165],[-1.04138,52.22139],[-1.04175,52.22101],[-1.0424,52.22058],[-1.044,52.21987],[-1.04443,52.21955],[-1.04469,52.21918],[-1.04462,52.21884],[-1.04362,52.21718],[-1.04301,52.21481],[-1.04281,52.21449],[-1.04241,52.21418]],[[-1.07944,52.23485],[-1.07963,52.23455],[-1.07963,52.23426],[-1.07951,52.23395],[-1.07921,52.23355],[-1.07795,52.23257],[-1.07657,52.23138],[-1.07391,52.22896],[-1.07341,52.22824],[-1.0721,52.22586],[-1.07116,52.22524],[-1.07063,52.22503],[-1.0694,52.22476],[-1.06845,52.22469],[-1.06411,52.22478],[-1.06291,52.22502],[-1.06209,52.22566],[-1.06127,52.22599],[-1.06058,52.22597],[-1.05898,52.22577],[-1.05791,52.22581],[-1.0566,52.22629],[-1.05645,52.2265],[-1.05635,52.22687],[-1.05625,52.22699],[-1.0559,52.22723],[-1.05556,52.2273],[-1.05521,52.22734],[-1.05366,52.2272],[-1.05196,52.2272],[-1.05127,52.227]],[[-1.31562,52.26026],[-1.31539,52.25844]],[[-1.31675,52.26887],[-1.31608,52.26847],[-1.31553,52.26799],[-1.31531,52.2677],[-1.31513,52.26721],[-1.3152,52.26641],[-1.31589,52.26493],[-1.31604,52.26401],[-1.31605,52.26332],[-1.31562,52.26026]],[[-1.44978,52.27182],[-1.44838,52.27157],[-1.4476,52.27155],[-1.44659,52.27172],[-1.44481,52.27234],[-1.44384,52.27247],[-1.44286,52.27244],[-1.43972,52.27204],[-1.43803,52.2721],[-1.43615,52.27256],[-1.43352,52.27358],[-1.43229,52.27395],[-1.43134,52.2741],[-1.42747,52.27426],[-1.42639,52.27437],[-1.42299,52.2743],[-1.42264,52.27423],[-1.42187,52.27421],[-1.42088,52.27408],[-1.416,52.27315],[-1.41366,52.27282],[-1.41144,52.2728],[-1.40693,52.27319],[-1.40528,52.27378],[-1.40383,52.27457],[-1.40124,52.2757],[-1.40056,52.27625],[-1.39987,52.27714],[-1.3994,52.27741],[-1.3986,52.27764],[-1.39595,52.27806]],[[-1.32991,52.27279],[-1.32913,52.27241],[-1.32792,52.272],[-1.31675,52.26887]],[[-1.46375,52.27398],[-1.46366,52.27385],[-1.46245,52.27328],[-1.46098,52.27295],[-1.45737,52.27253],[-1.44979,52.27182]],[[-1.34201,52.27744],[-1.33661,52.27446],[-1.33441,52.27418],[-1.33199,52.27376],[-1.33088,52.2733],[-1.32991,52.2728]],[[-1.39595,52.27806],[-1.39155,52.2787],[-1.38958,52.27865],[-1.38729,52.27884],[-1.38593,52.27881],[-1.38478,52.27889],[-1.38293,52.2789],[-1.38151,52.27911]],[[-1.37911,52.27902],[-1.37912,52.27874],[-1.3793,52.2783],[-1.37969,52.27796]],[[-1.38151,52.27911],[-1.38041,52.27917],[-1.37875,52.27895],[-1.37695,52.27881],[-1.37578,52.27884],[-1.37532,52.27898],[-1.37158,52.27971],[-1.36747,52.28068]],[[-1.36747,52.28068],[-1.36612,52.28113],[-1.36258,52.28271],[-1.36022,52.28326],[-1.35936,52.28327],[-1.35743,52.28298],[-1.35688,52.28282],[-1.35459,52.28183]],[[-1.13661,52.2813],[-1.1298,52.2829],[-1.12874,52.28304],[-1.12537,52.2833],[-1.12373,52.28357],[-1.12259,52.28383],[-1.12167,52.2841],[-1.12065,52.28452],[-1.11827,52.28588],[-1.11717,52.28605],[-1.11641,52.28602],[-1.11336,52.28556],[-1.11301,52.28546],[-1.1122,52.28477],[-1.11184,52.28458],[-1.10933,52.28393],[-1.10865,52.28389],[-1.10549,52.28411],[-1.10513,52.28411],[-1.10469,52.28399],[-1.10392,52.2837],[-1.10037,52.28143]],[[-1.10036,52.28143],[-1.09883,52.2804],[-1.09843,52.28003],[-1.09557,52.27464],[-1.09535,52.27368],[-1.09423,52.27039],[-1.09294,52.26632],[-1.09244,52.26488],[-1.09219,52.26446],[-1.09125,52.26329],[-1.09,52.26243],[-1.08851,52.26129],[-1.08791,52.26048],[-1.08633,52.26004],[-1.08581,52.25977],[-1.0854,52.25923],[-1.08495,52.25831],[-1.08478,52.2575],[-1.08503,52.25541],[-1.08499,52.25446],[-1.08478,52.25393],[-1.08404,52.25264],[-1.08343,52.25005],[-1.08321,52.2496],[-1.08284,52.24913],[-1.08281,52.2486],[-1.0829,52.24809],[-1.08304,52.24784],[-1.08341,52.24761],[-1.08427,52.24725],[-1.08484,52.24672],[-1.08505,52.24639],[-1.08506,52.24595],[-1.08498,52.24564],[-1.08395,52.24439],[-1.08384,52.24406],[-1.08383,52.24356],[-1.08391,52.24291],[-1.08415,52.24222],[-1.08483,52.24169],[-1.08547,52.24103],[-1.08566,52.2406],[-1.08565,52.24029],[-1.08552,52.23991],[-1.08541,52.23982],[-1.08408,52.2393],[-1.08367,52.23901],[-1.08336,52.23861],[-1.08338,52.23839],[-1.08354,52.23814],[-1.08444,52.2374],[-1.08448,52.23723],[-1.08439,52.23703],[-1.08404,52.23681],[-1.08351,52.2367],[-1.08279,52.23667],[-1.08095,52.23679],[-1.0803,52.23662],[-1.07939,52.23612],[-1.07904,52.2358],[-1.07897,52.23559],[-1.07906,52.23527],[-1.07944,52.23485]],[[-1.35459,52.28183],[-1.349,52.27942],[-1.34372,52.27831],[-1.34321,52.27811],[-1.34201,52.27744]],[[-1.16821,52.28254],[-1.15062,52.28043],[-1.14799,52.28021],[-1.14551,52.27992],[-1.14091,52.28034],[-1.13658,52.2813]],[[-1.18258,52.2843],[-1.16821,52.28255]],[[-1.60911,52.2871],[-1.6079,52.28707],[-1.6056,52.28741],[-1.60457,52.28749],[-1.60421,52.28818],[-1.60383,52.28865],[-1.6034,52.28903],[-1.60284,52.28939],[-1.59785,52.29155],[-1.59607,52.29225],[-1.59524,52.29249],[-1.59453,52.29257],[-1.59156,52.29244],[-1.59024,52.29225],[-1.58743,52.29201],[-1.58548,52.29159],[-1.58498,52.29154],[-1.58408,52.29154],[-1.58051,52.29199],[-1.57979,52.29185],[-1.57837,52.29131],[-1.57715,52.29097],[-1.57498,52.29012],[-1.56785,52.28812],[-1.56571,52.28767],[-1.56539,52.28757],[-1.5648,52.28724],[-1.56305,52.28714],[-1.5616,52.28685],[-1.56088,52.28658],[-1.56003,52.28615],[-1.55909,52.28585],[-1.558,52.28541],[-1.55563,52.28414],[-1.5546,52.2835],[-1.55334,52.28261],[-1.55295,52.28242],[-1.55268,52.28237],[-1.55106,52.28255],[-1.54923,52.28209],[-1.54825,52.282],[-1.54754,52.28204],[-1.54412,52.28322],[-1.54366,52.28333],[-1.53873,52.2839],[-1.5367,52.28391],[-1.5357,52.2838],[-1.5319,52.28225],[-1.53074,52.2821],[-1.52701,52.28186],[-1.52398,52.28195],[-1.52306,52.28205],[-1.5217,52.28244],[-1.51998,52.28317],[-1.51898,52.28338],[-1.518,52.28344],[-1.51081,52.28301],[-1.51021,52.28284],[-1.50697,52.28158],[-1.50556,52.28128],[-1.50464,52.2812],[-1.50407,52.28123],[-1.50286,52.2817],[-1.50236,52.28176],[-1.50053,52.28161],[-1.4967,52.28109],[-1.49405,52.28135],[-1.49165,52.28121],[-1.48818,52.28177],[-1.48721,52.28177],[-1.4857,52.28162],[-1.48495,52.28148],[-1.48372,52.28112],[-1.48136,52.28023],[-1.4799,52.27993],[-1.47555,52.27923],[-1.47467,52.27901],[-1.47321,52.27835],[-1.47242,52.27811],[-1.47069,52.27739],[-1.46921,52.27694],[-1.46904,52.27677],[-1.46785,52.27623],[-1.46648,52.27542],[-1.46375,52.27398]],[[-1.20953,52.28843],[-1.20341,52.28909],[-1.2012,52.28913],[-1.19932,52.2893],[-1.19883,52.28926],[-1.19821,52.28911],[-1.19751,52.28884],[-1.19659,52.28818],[-1.19511,52.28736],[-1.19307,52.28667],[-1.18829,52.28557],[-1.18509,52.28463],[-1.18257,52.2843]],[[-1.22073,52.28988],[-1.22041,52.28955],[-1.21895,52.28913],[-1.21595,52.28901],[-1.21294,52.28844],[-1.20953,52.28843]],[[-1.62078,52.29146],[-1.62016,52.29095],[-1.62011,52.29085],[-1.61961,52.29053],[-1.61658,52.28894],[-1.61589,52.28844],[-1.61533,52.2878],[-1.61496,52.28755],[-1.61451,52.28741],[-1.61278,52.28721],[-1.61064,52.28708],[-1.60911,52.2871]],[[-1.67433,52.29576],[-1.67147,52.29555],[-1.66991,52.29566],[-1.6668,52.29642],[-1.66394,52.29734],[-1.66311,52.29754],[-1.66047,52.29797]],[[-1.63288,52.29581],[-1.6294,52.2948],[-1.6286,52.29471],[-1.62719,52.29468],[-1.62465,52.2942],[-1.62387,52.29381],[-1.62336,52.29342],[-1.62301,52.29306],[-1.62157,52.29209],[-1.62078,52.29147]],[[-1.66047,52.29797],[-1.65645,52.29869],[-1.65553,52.29879],[-1.64832,52.29942],[-1.64535,52.29955],[-1.64412,52.29933],[-1.64184,52.29867],[-1.63867,52.29768],[-1.63777,52.2973],[-1.6366,52.29691],[-1.63444,52.29626],[-1.63333,52.29599],[-1.63288,52.29581]],[[-1.69636,52.30721],[-1.69583,52.3069],[-1.69527,52.30672],[-1.69348,52.30635],[-1.69177,52.30543],[-1.68232,52.29912],[-1.68198,52.29884],[-1.6806,52.29803],[-1.68006,52.29776],[-1.67785,52.29707],[-1.67512,52.29586],[-1.67433,52.29576]],[[-1.70655,52.31985],[-1.70498,52.31951],[-1.70424,52.31941],[-1.70295,52.3191],[-1.70131,52.31847],[-1.69969,52.31766],[-1.69824,52.31675],[-1.69665,52.31559],[-1.69587,52.31491],[-1.69561,52.31452],[-1.69544,52.31402],[-1.69538,52.31368],[-1.69548,52.31343],[-1.69579,52.31315],[-1.69681,52.31252],[-1.69848,52.3113],[-1.69962,52.30989],[-1.69962,52.30926],[-1.69932,52.3088],[-1.69903,52.30851],[-1.69876,52.30836],[-1.69753,52.30801],[-1.69709,52.30777],[-1.69636,52.30721]],[[-1.70655,52.31985],[-1.71045,52.32085],[-1.71146,52.32104],[-1.71248,52.32104],[-1.71451,52.32075],[-1.71504,52.32085],[-1.71565,52.32113],[-1.71586,52.32135],[-1.71599,52.3216],[-1.71604,52.32264],[-1.71621,52.32283],[-1.71719,52.32338],[-1.71741,52.32369],[-1.71742,52.32395],[-1.71716,52.32468],[-1.7173,52.3251],[-1.71748,52.3254],[-1.71867,52.32637],[-1.71881,52.32661],[-1.71882,52.32731],[-1.71852,52.32775]],[[-1.71852,52.32775],[-1.71852,52.32776]],[[-1.71852,52.32775],[-1.71818,52.32833],[-1.71826,52.3287],[-1.71844,52.3289],[-1.71868,52.32907],[-1.72136,52.3304],[-1.72403,52.33162],[-1.72489,52.3322],[-1.72532,52.33274],[-1.72539,52.33318],[-1.72533,52.33338],[-1.72522,52.33362],[-1.72477,52.33415],[-1.72362,52.33496],[-1.72188,52.33636],[-1.7217,52.33675]],[[-1.7217,52.33674],[-1.7217,52.33675]],[[-1.72101,52.33863],[-1.7217,52.33675]],[[-1.71741,52.34733],[-1.71889,52.34426],[-1.72101,52.33863]],[[-1.71892,52.3646],[-1.7197,52.3636],[-1.7199,52.36323],[-1.7201,52.36255],[-1.72058,52.35977],[-1.72053,52.35862],[-1.72028,52.35785],[-1.72003,52.35742],[-1.71917,52.35652],[-1.71858,52.35604],[-1.7179,52.35525],[-1.71681,52.35266],[-1.71661,52.35199],[-1.71653,52.35148],[-1.71655,52.35102],[-1.71679,52.34897],[-1.71708,52.34825],[-1.71715,52.34787],[-1.71741,52.34733]],[[-1.72047,52.3731],[-1.71801,52.36942],[-1.71773,52.36872],[-1.71764,52.36831],[-1.71757,52.36727],[-1.71775,52.3663],[-1.71811,52.36563],[-1.71892,52.3646]],[[-1.72431,52.39029],[-1.72371,52.38959],[-1.72324,52.38881],[-1.72294,52.38827],[-1.72276,52.38761],[-1.72282,52.3869],[-1.72299,52.38613],[-1.72343,52.38496],[-1.72341,52.38458],[-1.72328,52.38414],[-1.72162,52.38136],[-1.72167,52.38101],[-1.72302,52.37812],[-1.72308,52.37786],[-1.72306,52.37751],[-1.72147,52.37458],[-1.72047,52.3731]],[[-1.73959,52.40366],[-1.73883,52.40294],[-1.73784,52.40231],[-1.73736,52.40203],[-1.73644,52.40165],[-1.73476,52.40065],[-1.73102,52.39974],[-1.72909,52.39937],[-1.7283,52.39901],[-1.72787,52.39852],[-1.72688,52.39699],[-1.72681,52.39678],[-1.72687,52.39626],[-1.72727,52.39525],[-1.72738,52.39466],[-1.72733,52.39386],[-1.72722,52.3935],[-1.72697,52.39304],[-1.72659,52.39259],[-1.72431,52.39029]],[[-1.73483,52.41924],[-1.73407,52.41536],[-1.73413,52.41466],[-1.73431,52.4143],[-1.73455,52.41408],[-1.73516,52.41379],[-1.73565,52.41375],[-1.73697,52.41386],[-1.73761,52.41383],[-1.73795,52.41373],[-1.73815,52.41353],[-1.73825,52.41313],[-1.73852,52.41057],[-1.73896,52.40796],[-1.73923,52.40735],[-1.74039,52.40609],[-1.74061,52.40555],[-1.74061,52.40516],[-1.74043,52.40461],[-1.74007,52.40413],[-1.73959,52.40366]],[[-1.75143,52.42456],[-1.75024,52.42457],[-1.7461,52.42419],[-1.74478,52.42393],[-1.7411,52.42302],[-1.73925,52.42248],[-1.73673,52.42137],[-1.73552,52.42054],[-1.73503,52.42007],[-1.73483,52.41924]],[[-1.88411,52.48028],[-1.87915,52.47738],[-1.87862,52.477],[-1.87727,52.47569],[-1.87706,52.47534],[-1.87623,52.47216],[-1.87613,52.47208],[-1.87495,52.4718],[-1.8749,52.47171],[-1.87502,52.47153],[-1.87575,52.4711],[-1.87589,52.4709],[-1.87578,52.47043],[-1.8756,52.47014],[-1.87544,52.4697],[-1.87534,52.46961],[-1.86776,52.46574],[-1.86262,52.4637],[-1.85976,52.46171],[-1.85492,52.4594],[-1.85418,52.45922],[-1.85369,52.45922],[-1.85113,52.45967],[-1.84988,52.4598],[-1.84322,52.45864],[-1.84236,52.45889],[-1.84089,52.46005],[-1.8405,52.46024],[-1.84002,52.46035],[-1.83889,52.46044],[-1.83818,52.4604],[-1.81939,52.45595],[-1.81485,52.45512],[-1.81395,52.45472],[-1.81379,52.45449],[-1.81423,52.4516],[-1.81423,52.45137],[-1.81415,52.45115],[-1.81358,52.45043],[-1.80951,52.44582],[-1.80928,52.44541],[-1.80909,52.44465],[-1.80878,52.44413],[-1.80611,52.44184],[-1.80457,52.44061],[-1.79758,52.43719],[-1.79698,52.43693],[-1.79377,52.4359],[-1.79099,52.43517],[-1.78004,52.43191],[-1.77841,52.43137],[-1.77688,52.43063],[-1.77178,52.42766],[-1.76993,52.42649],[-1.76588,52.42498],[-1.76526,52.42488],[-1.75955,52.42472],[-1.75381,52.42446],[-1.75143,52.42456]]]}},{"type":"Feature","properties":{"NAME":"Wendover Arm (Grand Union Canal)"},"geometry":{"type":"MultiLineString","coordinates":[[[-0.72252,51.79041],[-0.72351,51.78981],[-0.72437,51.78892],[-0.72475,51.78863],[-0.72791,51.78702],[-0.7314,51.78507],[-0.7328,51.78451],[-0.73535,51.7831],[-0.73559,51.78301],[-0.73581,51.78301],[-0.73709,51.78322],[-0.73866,51.78316],[-0.73987,51.78327],[-0.74027,51.78321],[-0.7422,51.78266],[-0.74494,51.78094],[-0.74538,51.78051],[-0.74553,51.78018],[-0.74557,51.77975],[-0.74553,51.77958],[-0.74528,51.77929],[-0.74477,51.77902],[-0.74179,51.77801],[-0.74078,51.77733],[-0.74064,51.77715],[-0.74048,51.77674],[-0.7405,51.77617],[-0.74064,51.77563],[-0.74087,51.77519],[-0.74093,51.77482],[-0.74121,51.77106],[-0.74159,51.77033],[-0.74249,51.76942],[-0.74274,51.76886],[-0.74273,51.76845],[-0.74258,51.76794],[-0.74215,51.76745],[-0.74123,51.76675],[-0.74104,51.7658]],[[-0.69816,51.79678],[-0.69837,51.79681],[-0.702,51.79578],[-0.70245,51.7955],[-0.70285,51.79492],[-0.70317,51.79467],[-0.7051,51.79432],[-0.70647,51.79425],[-0.70738,51.79439],[-0.7093,51.79512],[-0.70988,51.79526],[-0.71084,51.7953],[-0.71187,51.79516],[-0.71538,51.7942],[-0.71624,51.79387],[-0.71746,51.79329],[-0.72251,51.79042]],[[-0.65372,51.81573],[-0.65374,51.81565],[-0.654,51.81547],[-0.65443,51.81534],[-0.65618,51.81544],[-0.65697,51.81529],[-0.65795,51.81495],[-0.65825,51.81478],[-0.65852,51.81452],[-0.65866,51.81426],[-0.65868,51.81393],[-0.65811,51.81292],[-0.65806,51.81256],[-0.65814,51.81223],[-0.65906,51.81124],[-0.65936,51.81042],[-0.65952,51.81019],[-0.66071,51.80937],[-0.66135,51.80879],[-0.66141,51.80863],[-0.66078,51.808],[-0.66078,51.8078],[-0.66131,51.8073],[-0.66211,51.80685],[-0.66268,51.80676],[-0.66448,51.80677],[-0.66688,51.80722],[-0.66815,51.80718],[-0.66972,51.80769],[-0.6703,51.80759],[-0.67173,51.80687],[-0.67291,51.8064],[-0.67351,51.80636],[-0.67404,51.80642],[-0.67437,51.80666],[-0.67441,51.80681],[-0.67434,51.80698],[-0.67269,51.80793],[-0.67257,51.80825],[-0.67264,51.8085],[-0.67353,51.80928],[-0.67413,51.80948],[-0.67459,51.80948],[-0.6764,51.80908],[-0.67776,51.80861],[-0.67878,51.80809],[-0.67929,51.8076],[-0.6799,51.80688],[-0.68124,51.80559],[-0.68266,51.8045],[-0.68296,51.80407],[-0.68316,51.80281],[-0.68347,51.80249],[-0.68593,51.80153],[-0.6871,51.80148],[-0.68768,51.80133],[-0.68988,51.79971],[-0.69012,51.79957],[-0.69086,51.79934],[-0.69369,51.79767],[-0.69447,51.79732],[-0.69664,51.79672],[-0.69815,51.79678]]]}},{"type":"Feature","properties":{"NAME":"River Chess"},"geometry":{"type":"LineString","coordinates":[[-0.46692,51.63483],[-0.46519,51.6355],[-0.46512,51.63558],[-0.46514,51.63568],[-0.46554,51.63618],[-0.46479,51.63671],[-0.46475,51.63691]]}},{"type":"Feature","properties":{"NAME":"Grazebrook Arm (Dudley No 1 Canal)"},"geometry":{"type":"LineString","coordinates":[[-2.10004,52.49971],[-2.09924,52.49933],[-2.09856,52.49864],[-2.09817,52.49842]]}},{"type":"Feature","properties":{"NAME":"Haines Branch Canal"},"geometry":{"type":"LineString","coordinates":[[-2.03523,52.5292],[-2.03499,52.52951],[-2.03461,52.53018],[-2.03457,52.53036]]}},{"type":"Feature","properties":{"NAME":"Huddersfield Broad Canal"},"geometry":{"type":"MultiLineString","coordinates":[[[-1.77718,53.64219],[-1.77695,53.64229],[-1.77666,53.64253],[-1.77675,53.64277],[-1.77675,53.64304],[-1.77666,53.64325],[-1.77597,53.64386]],[[-1.77597,53.64386],[-1.77462,53.64228]],[[-1.77597,53.64386],[-1.77594,53.64388]],[[-1.77594,53.64388],[-1.77456,53.645],[-1.77442,53.64524],[-1.77455,53.6458],[-1.7753,53.6478],[-1.77557,53.64873],[-1.77647,53.65039],[-1.77658,53.65203],[-1.77717,53.6524],[-1.7771,53.653],[-1.77709,53.6561],[-1.77699,53.65649],[-1.77681,53.65674],[-1.77662,53.65689],[-1.77608,53.65714],[-1.7745,53.65771],[-1.77347,53.65828],[-1.77239,53.65963],[-1.77147,53.66048],[-1.77063,53.66114],[-1.77029,53.66167],[-1.77031,53.66187],[-1.77023,53.66206],[-1.76992,53.6623],[-1.76921,53.66253],[-1.76833,53.6627],[-1.76593,53.66277],[-1.76436,53.66313],[-1.76199,53.66439],[-1.75935,53.66594],[-1.75872,53.66637],[-1.75817,53.66658],[-1.75707,53.66668],[-1.75424,53.66738],[-1.75351,53.66747],[-1.75142,53.66766],[-1.74951,53.66758],[-1.7481,53.66761],[-1.74723,53.66777],[-1.74637,53.66815],[-1.74492,53.6693],[-1.74453,53.66955],[-1.74368,53.6699],[-1.74337,53.67011],[-1.7432,53.67045],[-1.743,53.67147],[-1.74259,53.67198],[-1.74231,53.67289],[-1.74196,53.67316],[-1.74141,53.67343],[-1.74113,53.67369],[-1.74092,53.67394],[-1.74062,53.67458],[-1.74029,53.67498],[-1.73923,53.67574],[-1.73822,53.67628],[-1.73618,53.67714],[-1.73547,53.67779],[-1.73405,53.67836],[-1.73334,53.67912],[-1.73308,53.67951],[-1.73309,53.67979],[-1.73321,53.68006],[-1.73346,53.68037],[-1.73383,53.68068],[-1.73483,53.68103],[-1.73489,53.68138]],[[-1.77641,53.64413],[-1.77594,53.64388]]]}},{"type":"Feature","properties":{"NAME":"Huddersfield Narrow Canal"},"geometry":{"type":"LineString","coordinates":[[-1.77718,53.64219],[-1.77819,53.64156],[-1.77943,53.6409],[-1.78037,53.64045],[-1.78135,53.64011],[-1.78312,53.64036],[-1.78751,53.64122],[-1.79032,53.64163],[-1.79128,53.64167],[-1.7947,53.64149],[-1.79545,53.64162],[-1.79756,53.64157],[-1.79878,53.64143],[-1.79944,53.64091],[-1.79982,53.64072],[-1.80087,53.64061],[-1.80235,53.64062],[-1.80431,53.64048],[-1.81168,53.63974],[-1.81417,53.63964],[-1.81529,53.63935],[-1.81773,53.6391],[-1.82044,53.63857],[-1.82214,53.63848],[-1.8244,53.63872],[-1.82893,53.63896],[-1.83135,53.63812],[-1.83226,53.63794],[-1.83515,53.63787],[-1.83796,53.63725],[-1.83826,53.63729],[-1.83874,53.63754],[-1.83922,53.63751],[-1.84215,53.63671],[-1.84376,53.6362],[-1.84462,53.63585],[-1.8456,53.63518],[-1.84643,53.63448],[-1.84717,53.63333],[-1.8475,53.633],[-1.84797,53.63284],[-1.85032,53.63261],[-1.85239,53.63171],[-1.85319,53.63125],[-1.85383,53.63041],[-1.85457,53.62972],[-1.85612,53.6287],[-1.85658,53.62847],[-1.85806,53.62798],[-1.85942,53.6273],[-1.86001,53.62716],[-1.86176,53.62715],[-1.86366,53.62692],[-1.86411,53.62678],[-1.86578,53.626],[-1.86716,53.62556],[-1.87555,53.62357],[-1.87811,53.62332],[-1.87914,53.62308],[-1.88152,53.62228],[-1.8829,53.62189],[-1.88414,53.62161],[-1.88649,53.62122],[-1.88899,53.62028],[-1.89149,53.61904],[-1.89329,53.61826],[-1.8976,53.61675],[-1.89894,53.61614],[-1.90202,53.61514],[-1.90329,53.61485],[-1.90459,53.61472],[-1.9065,53.61424],[-1.90911,53.61324],[-1.90974,53.61289],[-1.91047,53.61218],[-1.91154,53.61141],[-1.91242,53.61031],[-1.91334,53.60967],[-1.91446,53.60924],[-1.91518,53.60913],[-1.91653,53.60908],[-1.91793,53.60867],[-1.91821,53.60853],[-1.91995,53.60701],[-1.9206,53.60635],[-1.92065,53.60617],[-1.92107,53.60574],[-1.92147,53.60502],[-1.92187,53.60448],[-1.92263,53.60363],[-1.92348,53.60315],[-1.9241,53.60292],[-1.92493,53.60271],[-1.92595,53.6027],[-1.92801,53.60277],[-1.93001,53.60303],[-1.93351,53.60269],[-1.93399,53.60269],[-1.9356,53.60287],[-1.93669,53.60326],[-1.93962,53.60412],[-1.94049,53.60425],[-1.94122,53.604],[-1.94298,53.60282],[-1.99241,53.56794],[-1.99363,53.56714],[-1.99551,53.56645],[-1.99617,53.56601],[-1.99662,53.56548],[-1.99691,53.56496],[-1.99747,53.56426],[-1.99778,53.5637],[-1.99783,53.56339],[-1.99769,53.56239],[-1.99786,53.56198],[-1.99847,53.56102],[-1.9986,53.5607],[-1.99897,53.56026],[-1.99973,53.55954],[-2.00094,53.55855],[-2.00162,53.55813],[-2.00216,53.55794],[-2.00261,53.55765],[-2.00323,53.55742],[-2.00384,53.55729],[-2.00404,53.55713],[-2.00473,53.55682],[-2.00513,53.55668],[-2.00591,53.55657],[-2.00824,53.55599],[-2.00854,53.55588],[-2.00888,53.55561],[-2.00894,53.55552],[-2.00883,53.55533],[-2.00886,53.55471],[-2.00877,53.55423],[-2.00791,53.55294],[-2.00765,53.55225],[-2.00772,53.551],[-2.00789,53.55021],[-2.00804,53.54981],[-2.00809,53.54909],[-2.0077,53.5481],[-2.00768,53.54792],[-2.00834,53.54636],[-2.00855,53.54516],[-2.00855,53.54439],[-2.00865,53.54399],[-2.00924,53.54275],[-2.01022,53.54148],[-2.01042,53.54081],[-2.0109,53.53993],[-2.01279,53.53869],[-2.01337,53.53797],[-2.01437,53.53723],[-2.01635,53.53635],[-2.01773,53.53587],[-2.01997,53.53553],[-2.02135,53.53509],[-2.02175,53.53501],[-2.02361,53.53489],[-2.02452,53.53433],[-2.02702,53.53362],[-2.02761,53.53332],[-2.02969,53.53065],[-2.03023,53.52985],[-2.02977,53.52838],[-2.0297,53.52782],[-2.02999,53.52684],[-2.0304,53.52588],[-2.03063,53.52567],[-2.03147,53.52527],[-2.03168,53.52501],[-2.03203,53.52269],[-2.03193,53.52188],[-2.03196,53.52152],[-2.03214,53.52129],[-2.03281,53.52093],[-2.0332,53.52043],[-2.03345,53.52023],[-2.03409,53.52001],[-2.03624,53.51969],[-2.03661,53.51954],[-2.03691,53.51922],[-2.03736,53.51639],[-2.0373,53.516],[-2.03706,53.51548],[-2.03705,53.51523],[-2.03756,53.51449],[-2.03766,53.51424],[-2.03735,53.51338],[-2.03606,53.5116],[-2.03594,53.51102],[-2.03603,53.51048],[-2.03651,53.50969],[-2.03707,53.50909],[-2.0388,53.50775],[-2.04161,53.50588],[-2.04175,53.50573],[-2.04149,53.50501],[-2.04139,53.50434],[-2.04117,53.50354],[-2.04043,53.50228],[-2.03957,53.50135],[-2.03923,53.50066],[-2.03863,53.49911],[-2.03808,53.49849],[-2.03788,53.49816],[-2.03782,53.49792],[-2.03786,53.49761],[-2.03802,53.49734],[-2.03849,53.49682],[-2.03964,53.49518],[-2.04055,53.49363],[-2.04124,53.49287],[-2.04175,53.49249],[-2.04209,53.49178],[-2.04238,53.4914],[-2.04348,53.49041],[-2.04449,53.48967],[-2.04479,53.48933],[-2.04548,53.48811],[-2.0458,53.48771],[-2.04737,53.48636],[-2.04809,53.48602],[-2.04937,53.48571],[-2.04967,53.48557],[-2.05012,53.48517],[-2.05059,53.48438],[-2.05093,53.48405],[-2.05257,53.48309],[-2.05392,53.48255],[-2.05485,53.48229],[-2.0558,53.48219],[-2.05833,53.48237],[-2.05883,53.48232],[-2.06026,53.48201],[-2.0608,53.48182],[-2.06223,53.48165],[-2.06558,53.48026],[-2.06658,53.48004],[-2.06738,53.47998],[-2.06817,53.48],[-2.06909,53.48022],[-2.07395,53.48272],[-2.07528,53.4832],[-2.07653,53.48338],[-2.08238,53.48335],[-2.08476,53.48345],[-2.08534,53.48355],[-2.0862,53.48383],[-2.08912,53.4852]]}},{"type":"Feature","properties":{"NAME":"Hatherton Canal"},"geometry":{"type":"MultiLineString","coordinates":[[[-2.09814,52.67435],[-2.09686,52.67485],[-2.09368,52.67555],[-2.09231,52.67592],[-2.08624,52.67808],[-2.08505,52.67841]],[[-2.08505,52.67841],[-2.08392,52.6787],[-2.08309,52.6787],[-2.08067,52.67823],[-2.07945,52.67814],[-2.07632,52.6787],[-2.0746,52.67931],[-2.07242,52.67969],[-2.07101,52.67975]],[[-2.05635,52.67894],[-2.05219,52.67865],[-2.05195,52.67872]],[[-2.07101,52.67975],[-2.06787,52.67976],[-2.06578,52.6797],[-2.06209,52.67932],[-2.06039,52.67927],[-2.05635,52.67894]]]}},{"type":"Feature","properties":{"NAME":"Hertford Union Canal"},"geometry":{"type":"LineString","coordinates":[[-0.04371,51.53148],[-0.02404,51.54078],[-0.022,51.54173],[-0.0212,51.54203]]}},{"type":"Feature","properties":{"NAME":"Kennet & Avon Canal"},"geometry":{"type":"MultiLineString","coordinates":[[[-2.28691,51.3388],[-2.28958,51.33826],[-2.29011,51.33827],[-2.29053,51.33836],[-2.29102,51.33864],[-2.29143,51.33921],[-2.29157,51.3406],[-2.29167,51.34087],[-2.2919,51.34119],[-2.29269,51.34209],[-2.29373,51.34264],[-2.29423,51.34283],[-2.29512,51.34295],[-2.29623,51.34336],[-2.29854,51.34406],[-2.30291,51.34521],[-2.30485,51.34561],[-2.30965,51.34609],[-2.31033,51.34624],[-2.31131,51.34656],[-2.3119,51.34689],[-2.3123,51.34724],[-2.31252,51.34758],[-2.31264,51.34806],[-2.31262,51.34844],[-2.3124,51.3489],[-2.31196,51.34945],[-2.31075,51.35289],[-2.31056,51.35319],[-2.31006,51.3536],[-2.30981,51.3539],[-2.3094,51.35453],[-2.30914,51.35548],[-2.30919,51.35896],[-2.30951,51.35957],[-2.30952,51.35971],[-2.30896,51.36074],[-2.3089,51.36097],[-2.30904,51.36106],[-2.31157,51.36165],[-2.31168,51.36173],[-2.31172,51.36193],[-2.31153,51.36227],[-2.31014,51.36406],[-2.3082,51.36595],[-2.30756,51.36671],[-2.30731,51.3672],[-2.30717,51.36764],[-2.30678,51.36824],[-2.30654,51.36843],[-2.30441,51.36937],[-2.30352,51.37],[-2.3031,51.37051],[-2.30262,51.37148],[-2.30259,51.37266],[-2.30228,51.37374],[-2.30228,51.37467]],[[-2.26131,51.34262],[-2.26285,51.34275],[-2.26447,51.34273],[-2.26509,51.34264],[-2.2655,51.34249],[-2.26701,51.34153],[-2.26821,51.34095],[-2.26848,51.34088],[-2.27311,51.34028],[-2.27834,51.33941],[-2.2794,51.33916],[-2.28022,51.33884],[-2.28184,51.33837],[-2.28194,51.33838],[-2.28222,51.33868],[-2.28297,51.3396],[-2.2869,51.3388]],[[-2.1952,51.34298],[-2.19898,51.34243],[-2.19959,51.34227],[-2.20018,51.34197],[-2.20111,51.34116],[-2.20673,51.33529],[-2.20778,51.33428],[-2.20835,51.33396],[-2.20893,51.33377],[-2.20945,51.33369],[-2.21129,51.33364],[-2.21173,51.33365],[-2.21295,51.33384],[-2.21411,51.33428],[-2.21534,51.33494],[-2.21616,51.33511],[-2.21707,51.33514],[-2.21972,51.33472],[-2.22184,51.33488],[-2.22602,51.33485],[-2.22868,51.33435],[-2.22955,51.33428],[-2.23788,51.33615],[-2.23893,51.33618],[-2.24016,51.3361],[-2.24152,51.33611],[-2.24807,51.33625],[-2.24883,51.33632],[-2.24957,51.33652],[-2.25043,51.33689],[-2.2509,51.3372],[-2.25129,51.33768],[-2.25139,51.33846],[-2.25164,51.33926],[-2.25154,51.34027],[-2.25164,51.34077],[-2.25234,51.34173],[-2.25273,51.34201],[-2.25392,51.34232],[-2.25601,51.34251],[-2.25934,51.34249],[-2.26046,51.34252],[-2.26132,51.34262]],[[-2.19112,51.3435],[-2.1952,51.34298]],[[-2.16307,51.34563],[-2.16439,51.3456],[-2.17186,51.34575],[-2.17731,51.34577]],[[-2.17731,51.34577],[-2.17915,51.34576],[-2.18003,51.34564],[-2.1853,51.34434],[-2.19112,51.3435]],[[-2.12128,51.34699],[-2.1273,51.34673],[-2.13151,51.34687],[-2.13543,51.34684],[-2.13744,51.34707],[-2.14331,51.34792],[-2.14668,51.34831],[-2.14799,51.34821],[-2.14885,51.34792],[-2.14946,51.34755]],[[-2.14946,51.34756],[-2.15042,51.3469],[-2.15133,51.34657],[-2.1517,51.3465],[-2.15262,51.34646],[-2.15512,51.34665],[-2.15651,51.34659],[-2.16307,51.34563]],[[-2.09593,51.35143],[-2.09686,51.35138],[-2.11024,51.35198]],[[-2.11024,51.35198],[-2.11107,51.35202],[-2.1122,51.35193],[-2.11339,51.35162],[-2.11405,51.35135],[-2.11529,51.35065],[-2.11753,51.34888],[-2.11926,51.34772],[-2.11989,51.34737],[-2.12043,51.34717],[-2.12128,51.34699]],[[-2.04066,51.35287],[-2.04367,51.35336],[-2.04752,51.35417],[-2.04879,51.35438],[-2.04983,51.35434],[-2.05268,51.35392],[-2.05343,51.35401],[-2.05446,51.35426]],[[-1.85779,51.35366],[-1.85834,51.35355],[-1.86191,51.35247],[-1.86271,51.35229],[-1.86362,51.35224],[-1.8649,51.35241],[-1.86539,51.35254],[-1.86754,51.35341],[-1.86896,51.35412],[-1.86979,51.35484],[-1.87074,51.35601],[-1.87112,51.35638],[-1.87219,51.35718],[-1.87326,51.35775],[-1.87434,51.35814],[-1.87517,51.35836],[-1.87702,51.35873],[-1.87804,51.35883],[-1.87922,51.3587]],[[-2.08223,51.35409],[-2.08376,51.35387],[-2.08712,51.35324],[-2.0939,51.3518],[-2.09593,51.35143]],[[-2.05446,51.35426],[-2.06374,51.35631],[-2.06495,51.35632],[-2.06585,51.35614],[-2.06819,51.35598]],[[-2.06819,51.35598],[-2.07604,51.35478],[-2.08223,51.35409]],[[-1.87922,51.3587],[-1.88265,51.35795],[-1.88425,51.35784],[-1.88536,51.3579],[-1.88738,51.35824],[-1.88881,51.35864],[-1.89002,51.35914],[-1.89221,51.36028]],[[-1.89221,51.36028],[-1.89376,51.36104],[-1.89439,51.36124],[-1.89526,51.36139],[-1.89668,51.36147],[-1.89836,51.36173],[-1.90125,51.36234],[-1.90232,51.36241],[-1.90353,51.36235],[-1.90473,51.36211],[-1.9056,51.36182]],[[-1.9056,51.36182],[-1.90948,51.36001],[-1.91036,51.35979],[-1.91177,51.35958],[-1.91281,51.35959],[-1.91368,51.35971],[-1.91822,51.36073],[-1.91923,51.36101],[-1.92095,51.36176],[-1.92158,51.36225],[-1.92194,51.36267],[-1.92201,51.363],[-1.92166,51.36398],[-1.92048,51.3654],[-1.92034,51.36575],[-1.92038,51.36608],[-1.92056,51.36651],[-1.92076,51.36671],[-1.92303,51.36779]],[[-1.94716,51.36444],[-1.94829,51.36393],[-1.94915,51.36372],[-1.94996,51.36362],[-1.95115,51.36359],[-1.95413,51.36393],[-1.95724,51.36359],[-1.95872,51.3632],[-1.96018,51.36239],[-1.96115,51.36202],[-1.96214,51.36177],[-1.964,51.36151],[-1.96778,51.36131],[-1.97133,51.36065],[-1.97366,51.36037],[-1.9751,51.36006],[-1.97653,51.35962],[-1.97902,51.35842],[-1.97969,51.35801],[-1.98143,51.35675],[-1.98239,51.35579],[-1.98355,51.35439],[-1.98393,51.35427],[-1.98486,51.35432],[-1.99419,51.35538],[-1.99518,51.35543],[-1.99646,51.3554],[-1.99719,51.35534],[-2.00006,51.3547],[-2.0025,51.35383],[-2.00682,51.35322],[-2.00765,51.35305],[-2.01004,51.35276],[-2.01316,51.35261],[-2.0325,51.35207],[-2.03491,51.3522],[-2.03794,51.35251],[-2.04066,51.35287]],[[-1.92303,51.36779],[-1.92461,51.36856],[-1.9249,51.36884],[-1.92509,51.36921],[-1.92504,51.36965],[-1.92441,51.37079],[-1.92374,51.37221],[-1.92371,51.37273],[-1.92394,51.37315],[-1.92423,51.37345],[-1.92481,51.37388],[-1.92575,51.37439],[-1.92661,51.37465],[-1.92764,51.3747]],[[-1.94066,51.37211],[-1.94164,51.37102],[-1.94281,51.36994],[-1.94355,51.36947],[-1.94472,51.3689],[-1.94493,51.36871],[-1.94524,51.36811],[-1.94538,51.36769],[-1.94541,51.36659],[-1.94556,51.36605],[-1.94613,51.36522],[-1.94716,51.36444]],[[-2.30228,51.37466],[-2.30226,51.37521],[-2.30208,51.37601],[-2.30209,51.37619],[-2.30237,51.37719],[-2.30258,51.37838],[-2.30276,51.37876],[-2.30315,51.37923],[-2.30436,51.38021],[-2.3049,51.38052],[-2.30537,51.38069],[-2.3071,51.3811],[-2.30854,51.38166],[-2.31022,51.3822],[-2.31229,51.38309],[-2.31261,51.38331]],[[-1.92763,51.3747],[-1.93436,51.37431],[-1.93723,51.37406],[-1.93967,51.37307],[-1.94021,51.37264],[-1.94066,51.37211]],[[-2.3126,51.38331],[-2.31309,51.38395],[-2.31354,51.3847],[-2.31363,51.38502],[-2.31364,51.38631],[-2.31371,51.38674],[-2.31474,51.38802],[-2.31495,51.38848],[-2.31505,51.38901],[-2.31503,51.38945],[-2.31483,51.3902],[-2.31421,51.39197],[-2.31352,51.39351],[-2.31353,51.39381],[-2.31381,51.39412],[-2.31427,51.3944],[-2.31598,51.39471],[-2.31626,51.39482],[-2.31658,51.39511],[-2.31683,51.3955],[-2.31693,51.39586],[-2.31691,51.39641],[-2.31709,51.39681],[-2.31755,51.39722],[-2.31816,51.3974],[-2.31887,51.39733],[-2.32179,51.39652],[-2.32326,51.39651],[-2.32412,51.39638],[-2.32526,51.39617],[-2.3295,51.39518],[-2.33094,51.39492],[-2.333,51.39415],[-2.33437,51.39371],[-2.33565,51.39313],[-2.33703,51.39295],[-2.34159,51.39151],[-2.34535,51.39057],[-2.34557,51.39046],[-2.34702,51.38935],[-2.34765,51.3886],[-2.34779,51.38826],[-2.34817,51.38666],[-2.34775,51.38508],[-2.34784,51.38476],[-2.34865,51.38389],[-2.34879,51.38336],[-2.3489,51.38232],[-2.34914,51.38148],[-2.34893,51.37969],[-2.34879,51.37925],[-2.35149,51.37708],[-2.35184,51.3769],[-2.35521,51.37723],[-2.3562,51.37705],[-2.35709,51.37705],[-2.35966,51.3775],[-2.36122,51.37769],[-2.36257,51.37803],[-2.36429,51.37857],[-2.36574,51.37933],[-2.36607,51.3794],[-2.36731,51.37946],[-2.36802,51.37962],[-2.36866,51.37987],[-2.3693,51.38033],[-2.36958,51.38077],[-2.36974,51.38155],[-2.37056,51.38208],[-2.37154,51.38286],[-2.37214,51.38317],[-2.37309,51.38341],[-2.3743,51.384],[-2.37492,51.38418],[-2.37867,51.38463],[-2.37972,51.38456],[-2.38155,51.38396],[-2.38288,51.3831],[-2.38324,51.38293],[-2.3844,51.38269],[-2.38611,51.38212],[-2.38683,51.38194],[-2.38845,51.38167],[-2.38935,51.38162],[-2.39605,51.38247],[-2.39842,51.38271],[-2.3991,51.38288],[-2.40014,51.38336],[-2.40177,51.3843],[-2.40377,51.38581]],[[-2.40376,51.38581],[-2.40377,51.38581]],[[-2.40377,51.38581],[-2.40545,51.38744],[-2.40573,51.38799],[-2.40619,51.38848],[-2.4068,51.38896],[-2.40775,51.38954],[-2.4081,51.38987],[-2.40867,51.39077],[-2.40893,51.39145],[-2.40916,51.39184],[-2.40944,51.3921],[-2.40987,51.39235],[-2.41019,51.39245],[-2.41102,51.39265],[-2.41267,51.39286],[-2.41426,51.39296],[-2.41661,51.39338],[-2.41752,51.39333],[-2.41813,51.39314],[-2.41861,51.39307],[-2.42012,51.39322],[-2.4207,51.39321],[-2.42145,51.39309],[-2.4218,51.39295],[-2.42245,51.39256],[-2.42398,51.39215],[-2.42464,51.39203],[-2.4258,51.39202],[-2.42631,51.39193],[-2.42679,51.39172],[-2.42754,51.39106],[-2.42795,51.39083],[-2.42863,51.3906],[-2.42987,51.39047],[-2.431,51.39061],[-2.43226,51.39091],[-2.44245,51.39535],[-2.44446,51.3961],[-2.44575,51.39689],[-2.4463,51.39741],[-2.44666,51.39797],[-2.44683,51.39864],[-2.44676,51.39892],[-2.447,51.39924]],[[-1.25402,51.39229],[-1.25995,51.39262]],[[-1.21765,51.39235],[-1.21805,51.39239],[-1.2195,51.39277],[-1.22238,51.39322],[-1.22414,51.39364],[-1.22766,51.39364],[-1.23167,51.39388]],[[-1.25995,51.39262],[-1.27423,51.39345]],[[-1.2457,51.39299],[-1.25054,51.39221],[-1.25144,51.39217],[-1.25401,51.39229]],[[-1.27423,51.39345],[-1.2753,51.39342],[-1.27617,51.39358],[-1.2773,51.39401],[-1.27972,51.39477],[-1.28174,51.39585],[-1.28231,51.39601],[-1.28289,51.39605],[-1.28345,51.39621],[-1.28453,51.39695],[-1.28679,51.3977],[-1.28738,51.398],[-1.28881,51.3991],[-1.28916,51.39929],[-1.29073,51.39987],[-1.30163,51.40234],[-1.30358,51.40211],[-1.3039,51.40216],[-1.30466,51.40242],[-1.30653,51.40279],[-1.30782,51.40274],[-1.3092,51.40284],[-1.3114,51.40312],[-1.31328,51.40288],[-1.31631,51.4015],[-1.3172,51.40129],[-1.319,51.40135],[-1.31931,51.40147],[-1.32002,51.40195],[-1.32151,51.40235],[-1.32186,51.40226],[-1.32228,51.40185],[-1.32272,51.40166],[-1.3231,51.40158],[-1.324,51.4016],[-1.32512,51.40152],[-1.32627,51.40132],[-1.32728,51.40102],[-1.32979,51.40119],[-1.33454,51.40117],[-1.33554,51.40112],[-1.33723,51.4009],[-1.35454,51.39836],[-1.35871,51.39797],[-1.35936,51.39781],[-1.36135,51.39709],[-1.36224,51.39668],[-1.36316,51.39635],[-1.36395,51.39625],[-1.3711,51.39642],[-1.3765,51.39673],[-1.37851,51.39723],[-1.38258,51.39863],[-1.392,51.40085],[-1.39653,51.40093],[-1.39923,51.4011],[-1.40049,51.40084],[-1.40231,51.40085],[-1.40652,51.40208],[-1.40747,51.4023],[-1.41407,51.40313],[-1.41651,51.40331],[-1.41717,51.40329],[-1.424,51.40225],[-1.42843,51.40209],[-1.43319,51.40201],[-1.43381,51.40208],[-1.43546,51.40242],[-1.43628,51.40249]],[[-1.23167,51.39388],[-1.23535,51.39408],[-1.23711,51.39408],[-1.24064,51.39393],[-1.24343,51.39334],[-1.24568,51.39299]],[[-1.16305,51.39401],[-1.16337,51.39438],[-1.16386,51.39457],[-1.16453,51.3945],[-1.16511,51.39435],[-1.16571,51.39439],[-1.1669,51.39429],[-1.16809,51.39461],[-1.16871,51.39461],[-1.16961,51.39475],[-1.17101,51.3948],[-1.17153,51.39488],[-1.17306,51.39487],[-1.17393,51.39477],[-1.17446,51.39455],[-1.17498,51.39443],[-1.17667,51.39449]],[[-1.16305,51.39401],[-1.16279,51.39369],[-1.16262,51.39359],[-1.16123,51.39317],[-1.16079,51.39323],[-1.16027,51.39373],[-1.15996,51.39383],[-1.15852,51.39331],[-1.158,51.39339],[-1.15605,51.39423],[-1.15342,51.3955],[-1.1519,51.39605],[-1.14953,51.39727],[-1.14863,51.39779],[-1.14683,51.39925],[-1.1461,51.39956],[-1.14525,51.39968],[-1.12938,51.40074],[-1.1281,51.4009],[-1.12784,51.40101],[-1.12758,51.40123],[-1.12581,51.40307],[-1.12504,51.4046],[-1.12495,51.40483],[-1.12448,51.4078],[-1.12405,51.40952],[-1.12382,51.41016],[-1.12362,51.41046],[-1.12318,51.41083],[-1.12255,51.41126],[-1.12196,51.41154],[-1.12121,51.41183],[-1.12037,51.41189],[-1.11751,51.41257],[-1.1149,51.41294],[-1.11208,51.41369],[-1.11098,51.41407],[-1.10879,51.41457],[-1.10783,51.41486],[-1.10539,51.41587],[-1.09936,51.41919],[-1.09838,51.41957],[-1.0974,51.42029],[-1.09698,51.4204],[-1.09606,51.42046],[-1.09497,51.42086],[-1.09413,51.42123],[-1.09372,51.42171],[-1.09264,51.42227],[-1.08786,51.42371],[-1.08331,51.42515],[-1.0826,51.42544],[-1.08116,51.42561],[-1.08,51.42552],[-1.07908,51.42565],[-1.07805,51.42592],[-1.07744,51.42598],[-1.07671,51.42598],[-1.07574,51.42584],[-1.07503,51.42604],[-1.07439,51.42639],[-1.07148,51.42854],[-1.07116,51.42885],[-1.07065,51.42959],[-1.06965,51.4306],[-1.06943,51.43071],[-1.06514,51.43179],[-1.06215,51.43163],[-1.05992,51.43167],[-1.05878,51.43179],[-1.05608,51.43224],[-1.05558,51.43243],[-1.05518,51.43295],[-1.05421,51.43356],[-1.05256,51.43417]],[[-1.18977,51.39409],[-1.19098,51.39367],[-1.20145,51.39237],[-1.20398,51.39241],[-1.20587,51.39233],[-1.20823,51.39274],[-1.21292,51.39297],[-1.21329,51.3929],[-1.21434,51.39234],[-1.21463,51.39225],[-1.21765,51.39235]],[[-1.17667,51.39449],[-1.17842,51.39482],[-1.17914,51.3952],[-1.1828,51.3958],[-1.18417,51.39589],[-1.18542,51.39568],[-1.18977,51.39409]],[[-2.447,51.39924],[-2.44788,51.39994],[-2.44815,51.40007],[-2.44821,51.40026],[-2.44846,51.40044],[-2.44918,51.40075],[-2.44993,51.40095],[-2.45066,51.40165],[-2.45098,51.40199],[-2.4511,51.40229],[-2.4511,51.40267],[-2.45091,51.40325],[-2.4503,51.40394],[-2.44982,51.40419],[-2.44919,51.4044],[-2.44887,51.40483],[-2.44875,51.40536],[-2.44887,51.40567],[-2.44904,51.40587],[-2.44909,51.40612],[-2.44876,51.4066],[-2.4479,51.4072],[-2.446,51.40825],[-2.44413,51.40901],[-2.4426,51.41001],[-2.44178,51.41018],[-2.44089,51.41056],[-2.44031,51.41093],[-2.43984,51.41127],[-2.43946,51.41166],[-2.43933,51.41215],[-2.43923,51.41231],[-2.43836,51.41307],[-2.43821,51.41357],[-2.43823,51.41388],[-2.43837,51.41418],[-2.43869,51.41451],[-2.44,51.41545],[-2.44151,51.41602],[-2.44176,51.41617],[-2.44296,51.41712],[-2.4439,51.41806],[-2.44524,51.41825],[-2.44698,51.41788],[-2.44867,51.41772],[-2.45016,51.41733],[-2.45047,51.41731],[-2.45111,51.41736],[-2.45242,51.41761],[-2.4544,51.41835],[-2.45513,51.41848],[-2.45572,51.41851],[-2.45663,51.41834],[-2.45727,51.41804],[-2.45767,51.41775],[-2.45817,51.41701],[-2.45844,51.41685],[-2.4588,51.41676],[-2.45978,51.41662],[-2.46064,51.41661],[-2.46263,51.4169],[-2.46374,51.4173],[-2.4644,51.41731],[-2.46482,51.41725],[-2.46555,51.4169],[-2.46759,51.41657],[-2.46885,51.41598],[-2.46951,51.4159],[-2.46988,51.41603],[-2.47069,51.41651],[-2.47188,51.41687],[-2.47232,51.41707],[-2.47286,51.41747],[-2.47334,51.41796],[-2.47375,51.41815],[-2.47404,51.4182],[-2.47519,51.41806],[-2.47623,51.41841],[-2.47703,51.41885],[-2.47763,51.41942],[-2.47807,51.41973],[-2.47978,51.42057],[-2.48018,51.42096],[-2.48044,51.42139],[-2.48066,51.42151],[-2.48093,51.42156],[-2.48257,51.42149],[-2.48365,51.42128],[-2.485,51.42065],[-2.48594,51.4207],[-2.48637,51.4206],[-2.48707,51.42015],[-2.48892,51.41836],[-2.48937,51.41823],[-2.48964,51.41822],[-2.49017,51.41833],[-2.49044,51.41845],[-2.49127,51.41917],[-2.49251,51.42009],[-2.49271,51.42072],[-2.49269,51.42111],[-2.49261,51.42139],[-2.49229,51.42186],[-2.49096,51.42327],[-2.49042,51.42396],[-2.49004,51.42429],[-2.48866,51.42523],[-2.48845,51.42599],[-2.48843,51.42647],[-2.48855,51.42671],[-2.49045,51.42794],[-2.49129,51.42878],[-2.4916,51.429],[-2.493,51.42932],[-2.49404,51.42943],[-2.49445,51.42935],[-2.49553,51.42885],[-2.49645,51.42865],[-2.49706,51.42863],[-2.49768,51.42885],[-2.49811,51.42879],[-2.49863,51.42865],[-2.50017,51.42793],[-2.50251,51.42714],[-2.50293,51.4269],[-2.50346,51.42633],[-2.50396,51.42605],[-2.50567,51.42567],[-2.50652,51.42527],[-2.50722,51.42479],[-2.50763,51.42466],[-2.508,51.42464],[-2.50831,51.42474],[-2.50846,51.42498],[-2.50837,51.4256],[-2.50807,51.42641],[-2.50807,51.42681],[-2.5082,51.42734],[-2.50858,51.42771],[-2.51058,51.42876],[-2.51123,51.42903]],[[-1.45058,51.40188],[-1.45383,51.40168],[-1.45464,51.40171],[-1.45906,51.40255],[-1.46042,51.40292],[-1.46377,51.40449]],[[-1.43628,51.40249],[-1.43717,51.40243],[-1.43955,51.4021],[-1.44553,51.40219],[-1.45058,51.40188]],[[-1.57012,51.40319],[-1.57146,51.40223],[-1.57216,51.40159],[-1.57291,51.40054],[-1.57409,51.39907],[-1.57493,51.39813],[-1.5753,51.39781],[-1.57763,51.39604],[-1.58205,51.39337],[-1.58388,51.39182],[-1.58437,51.3911],[-1.58459,51.39045],[-1.5848,51.39013],[-1.58771,51.38652],[-1.58812,51.38593],[-1.58888,51.38521],[-1.58926,51.38496],[-1.59575,51.38156],[-1.59617,51.38131],[-1.59672,51.38086],[-1.59747,51.38006],[-1.5995,51.37735],[-1.60086,51.37639],[-1.6023,51.37503],[-1.60476,51.372],[-1.60549,51.37125],[-1.60597,51.37086],[-1.60769,51.36978],[-1.61079,51.36763],[-1.61367,51.36613],[-1.61692,51.36384],[-1.62014,51.36204],[-1.62559,51.35812],[-1.62617,51.35784],[-1.62707,51.35755],[-1.6295,51.35745],[-1.63282,51.35767],[-1.63469,51.358],[-1.63597,51.35841],[-1.63769,51.35873],[-1.63974,51.35886],[-1.64079,51.35883],[-1.64289,51.35891],[-1.64594,51.35933],[-1.64808,51.36002],[-1.64983,51.36083],[-1.65105,51.36162],[-1.65319,51.36346],[-1.6545,51.36435],[-1.65615,51.36529],[-1.65761,51.36595],[-1.65893,51.36646],[-1.66665,51.36885],[-1.66825,51.36925],[-1.67009,51.3696],[-1.67163,51.3698],[-1.6741,51.36997],[-1.67903,51.37006],[-1.69999,51.36951],[-1.70257,51.36933],[-1.70452,51.36909],[-1.70801,51.36842],[-1.70916,51.36812],[-1.71189,51.36722],[-1.71415,51.36629],[-1.71513,51.3658],[-1.71649,51.36503],[-1.71789,51.36409],[-1.71916,51.36307],[-1.72034,51.36223],[-1.72179,51.36152],[-1.72291,51.36117],[-1.72498,51.36076],[-1.72732,51.36007],[-1.72797,51.35996],[-1.73029,51.35977],[-1.73201,51.35937],[-1.73857,51.3572],[-1.74026,51.35649],[-1.74159,51.35585],[-1.74343,51.3552],[-1.74495,51.35484],[-1.74822,51.35441],[-1.75959,51.35383],[-1.76097,51.3535],[-1.7618,51.35313],[-1.76257,51.35258],[-1.76302,51.3521],[-1.76458,51.34992],[-1.76565,51.34898],[-1.76669,51.3484],[-1.76733,51.34819],[-1.76805,51.34805],[-1.76905,51.34802],[-1.77733,51.34899],[-1.78053,51.34961],[-1.78201,51.34979],[-1.7824,51.34991],[-1.78317,51.35031],[-1.78624,51.35263],[-1.78678,51.35289],[-1.78739,51.35301],[-1.78784,51.35301],[-1.78853,51.35292],[-1.79289,51.35196],[-1.80761,51.34859],[-1.80828,51.34832],[-1.80899,51.34779],[-1.80942,51.34728],[-1.80981,51.34667],[-1.81008,51.34645],[-1.81206,51.3456],[-1.81348,51.34484],[-1.81428,51.3446],[-1.81528,51.34442],[-1.81671,51.34427],[-1.81902,51.34415],[-1.82094,51.34422],[-1.82247,51.34453],[-1.82307,51.34478],[-1.82403,51.34537],[-1.82481,51.34552],[-1.82967,51.34535],[-1.83067,51.34537],[-1.83216,51.34553],[-1.83321,51.34553],[-1.8346,51.34543],[-1.83641,51.34518],[-1.83773,51.34518],[-1.83989,51.34535],[-1.84152,51.34558],[-1.84318,51.3461],[-1.84375,51.34644],[-1.8441,51.34673],[-1.84445,51.34718],[-1.84663,51.35138],[-1.84687,51.35165],[-1.84761,51.35215],[-1.8484,51.35238],[-1.85277,51.35304],[-1.85526,51.35364],[-1.85696,51.35376],[-1.85779,51.35366]],[[-1.46377,51.40449],[-1.46539,51.40519],[-1.46979,51.40669],[-1.47105,51.40729],[-1.47356,51.40862],[-1.47402,51.40892],[-1.47547,51.40963]],[[-1.56791,51.40583],[-1.56937,51.40374],[-1.57012,51.40319]],[[-1.47548,51.40963],[-1.47628,51.40987],[-1.4867,51.41147],[-1.48946,51.41154]],[[-1.48946,51.41154],[-1.49603,51.4117],[-1.49812,51.41184],[-1.50124,51.41221],[-1.50238,51.4124],[-1.50357,51.41273]],[[-1.50357,51.41273],[-1.51181,51.41594],[-1.51445,51.41658],[-1.51502,51.41667],[-1.51628,51.41673]],[[-1.52986,51.41503],[-1.53691,51.41455],[-1.53841,51.41429],[-1.54158,51.41355],[-1.54269,51.41311],[-1.54314,51.41276],[-1.54443,51.41138],[-1.54492,51.41104],[-1.54563,51.41077],[-1.5466,51.41072],[-1.54976,51.4113],[-1.55126,51.41129],[-1.55731,51.41011],[-1.55997,51.40904],[-1.56155,51.40856],[-1.56225,51.40828],[-1.56331,51.40797],[-1.56526,51.40753],[-1.56574,51.40733],[-1.56705,51.40656],[-1.56791,51.40583]],[[-1.51628,51.41674],[-1.51967,51.41699],[-1.52037,51.41696],[-1.52126,51.4167],[-1.52315,51.41582],[-1.52429,51.41551],[-1.52578,51.4153],[-1.52987,51.41504]],[[-1.02336,51.43178],[-1.02542,51.43177],[-1.02691,51.43192],[-1.029,51.43243],[-1.03039,51.43286],[-1.03104,51.43297],[-1.0314,51.43293],[-1.03272,51.43327],[-1.03314,51.43347],[-1.03371,51.43386],[-1.03458,51.43416],[-1.03489,51.43421],[-1.03547,51.43421],[-1.03914,51.43375],[-1.04052,51.4342],[-1.04092,51.43426],[-1.04124,51.43419],[-1.04138,51.4339],[-1.04165,51.43376],[-1.04212,51.43383],[-1.04296,51.4343],[-1.04336,51.43409],[-1.04365,51.43403],[-1.04401,51.43403],[-1.04468,51.43415],[-1.04656,51.43405],[-1.04777,51.43426],[-1.0492,51.43414],[-1.0496,51.43417],[-1.05044,51.43406],[-1.05092,51.43413],[-1.05171,51.43442],[-1.05208,51.43438],[-1.05256,51.43417]],[[-1.02163,51.43195],[-1.02336,51.43178]],[[-1.01638,51.43303],[-1.0174,51.43342],[-1.01818,51.43342],[-1.01908,51.43303],[-1.02003,51.43297],[-1.02101,51.43222],[-1.0213,51.43217],[-1.02164,51.43195],[-1.021,51.43198],[-1.01942,51.4322],[-1.01638,51.43303]],[[-0.98,51.43459],[-0.98031,51.43448],[-0.98103,51.43396],[-0.9821,51.43384],[-0.98298,51.43359],[-0.98378,51.43359],[-0.98423,51.43379],[-0.98462,51.43418],[-0.98504,51.43434],[-0.98586,51.43436],[-0.98721,51.4347],[-0.9882,51.43483],[-0.99624,51.43575],[-0.99863,51.43634],[-0.99948,51.43665],[-1.00036,51.43673],[-1.00111,51.43648],[-1.00144,51.43616],[-1.00192,51.43588],[-1.00261,51.43588],[-1.00337,51.43608],[-1.00564,51.4359],[-1.00753,51.43586],[-1.01006,51.43495]],[[-1.01005,51.43495],[-1.01161,51.43437],[-1.01534,51.43327],[-1.01638,51.43303]],[[-0.96759,51.45424],[-0.96871,51.45411],[-0.96941,51.45364],[-0.97029,51.45325],[-0.97107,51.45312],[-0.97122,51.45301],[-0.97135,51.45274],[-0.97274,51.45211],[-0.97319,51.45173],[-0.97339,51.45149],[-0.97343,51.45134],[-0.97389,51.45092],[-0.97431,51.45075],[-0.9744,51.45044],[-0.9744,51.44982],[-0.97426,51.44904],[-0.97408,51.44872],[-0.9735,51.44829],[-0.97335,51.44809],[-0.97339,51.44782],[-0.97362,51.44738],[-0.97366,51.44717],[-0.97351,51.44637],[-0.97311,51.44593],[-0.97303,51.44563],[-0.97322,51.44466],[-0.9733,51.4445],[-0.97458,51.44396],[-0.97468,51.44338],[-0.97444,51.44273],[-0.97446,51.4425],[-0.97468,51.44203],[-0.97461,51.44167],[-0.97466,51.44117],[-0.97573,51.43971],[-0.97612,51.43859],[-0.97611,51.43836],[-0.97583,51.43775],[-0.97571,51.43727],[-0.9757,51.43699],[-0.97578,51.4367],[-0.97611,51.43597],[-0.97639,51.4357],[-0.97677,51.43547],[-0.97769,51.43515],[-0.98,51.43459]]]}},{"type":"Feature","properties":{"NAME":"Llangollen Canal"},"geometry":{"type":"MultiLineString","coordinates":[[[-2.82976,52.90222],[-2.83066,52.90227],[-2.83199,52.90206],[-2.83248,52.90192],[-2.83301,52.90149],[-2.83396,52.90015],[-2.8354,52.89532],[-2.83552,52.89514],[-2.83589,52.89493],[-2.83658,52.89486],[-2.83708,52.89494],[-2.83901,52.8955],[-2.84052,52.89578],[-2.8423,52.89627],[-2.84339,52.89637],[-2.84469,52.89634],[-2.84781,52.89652],[-2.84835,52.89647],[-2.85004,52.89608],[-2.85196,52.89583],[-2.85417,52.89504],[-2.85498,52.89486],[-2.85588,52.89478],[-2.85777,52.89495],[-2.85898,52.89524],[-2.85957,52.89559],[-2.86035,52.89673],[-2.86089,52.89713],[-2.86266,52.89779],[-2.8641,52.89844],[-2.86464,52.89861],[-2.86502,52.89865],[-2.86546,52.89861],[-2.86827,52.89792],[-2.8689,52.89787],[-2.8694,52.89801],[-2.87038,52.89858],[-2.87106,52.89922],[-2.87281,52.9003],[-2.87334,52.90038],[-2.87465,52.90037],[-2.8763,52.90059],[-2.8837,52.901],[-2.88513,52.9013],[-2.88678,52.90184],[-2.88889,52.90214],[-2.89049,52.90225],[-2.89192,52.90264],[-2.8923,52.90267]],[[-2.8923,52.90267],[-2.89252,52.90256],[-2.89303,52.90196],[-2.89381,52.90164],[-2.89504,52.90133],[-2.89591,52.90086],[-2.89621,52.90059],[-2.89635,52.90035],[-2.89646,52.89987],[-2.89657,52.8997],[-2.89798,52.89892],[-2.89872,52.89879],[-2.89969,52.89875],[-2.90157,52.89898],[-2.90267,52.89921],[-2.90337,52.89922],[-2.90454,52.89878],[-2.90566,52.89795],[-2.90634,52.89763],[-2.90742,52.89744],[-2.90898,52.89747],[-2.90975,52.89731],[-2.91034,52.89706],[-2.91051,52.89682],[-2.91071,52.89616],[-2.91092,52.89577],[-2.9113,52.89541],[-2.91228,52.89467],[-2.91267,52.89422],[-2.91333,52.89249],[-2.91343,52.89207],[-2.91395,52.89133],[-2.91526,52.89051],[-2.91618,52.89006],[-2.91801,52.88942],[-2.91892,52.88922],[-2.91916,52.88911],[-2.9193,52.889],[-2.91943,52.88874],[-2.91947,52.88811],[-2.91959,52.88756],[-2.91953,52.88712],[-2.91846,52.88589],[-2.9181,52.88565],[-2.91706,52.88517],[-2.91592,52.88449],[-2.91436,52.88393],[-2.91277,52.88323],[-2.91258,52.88292],[-2.91261,52.8827],[-2.91272,52.88253],[-2.9129,52.88242],[-2.91384,52.88216],[-2.91434,52.88214],[-2.91554,52.88231],[-2.91616,52.8822],[-2.91663,52.882],[-2.91697,52.88175],[-2.91724,52.88136],[-2.91749,52.88115],[-2.91927,52.88038],[-2.9205,52.88012],[-2.92302,52.87994],[-2.92343,52.87996],[-2.92564,52.88047],[-2.92645,52.88054],[-2.92756,52.88046],[-2.92872,52.8807],[-2.92922,52.88073],[-2.93142,52.88028],[-2.93256,52.87977],[-2.93326,52.87966],[-2.93359,52.87968],[-2.93554,52.88021],[-2.9369,52.88044],[-2.94117,52.88181],[-2.94246,52.88189],[-2.94413,52.88183],[-2.94525,52.88203],[-2.94763,52.88313],[-2.94815,52.88351],[-2.94849,52.88391],[-2.9489,52.88416],[-2.9503,52.88445],[-2.95288,52.88473],[-2.95334,52.88486],[-2.95442,52.88531],[-2.95511,52.88549],[-2.95644,52.88566],[-2.9584,52.88611],[-2.95995,52.88616],[-2.96166,52.88642],[-2.96205,52.88654],[-2.96261,52.88685],[-2.96341,52.88689],[-2.96521,52.88739],[-2.9659,52.88743],[-2.96672,52.88732],[-2.96746,52.88735],[-2.96864,52.88778],[-2.96892,52.88783],[-2.97009,52.88783],[-2.97325,52.88847],[-2.97513,52.88894],[-2.97594,52.88896],[-2.97688,52.8888],[-2.9777,52.88875],[-2.97953,52.88905],[-2.98023,52.88909],[-2.98146,52.88888],[-2.98208,52.88887],[-2.98243,52.88894],[-2.98357,52.88941],[-2.98414,52.88958],[-2.9864,52.89005],[-2.98746,52.89019],[-2.98874,52.89022],[-2.98938,52.89034],[-2.99088,52.89102],[-2.99169,52.89164],[-2.99194,52.89193],[-2.99213,52.89243],[-2.9923,52.89319],[-2.99268,52.89382],[-2.99319,52.89513],[-2.9941,52.89637],[-2.99445,52.89697],[-2.99672,52.90137],[-2.99754,52.90304],[-2.99802,52.90418],[-2.99862,52.90516],[-2.99906,52.90579],[-3.00028,52.90709],[-3.00187,52.90834],[-3.00241,52.90867],[-3.00856,52.91149],[-3.0123,52.9136],[-3.01288,52.91377],[-3.02147,52.91455],[-3.02399,52.91457],[-3.02542,52.91433],[-3.02656,52.91433],[-3.02731,52.91445],[-3.02867,52.91483],[-3.03014,52.91505],[-3.03153,52.91539],[-3.03213,52.91536],[-3.03544,52.91477],[-3.0372,52.91419],[-3.03779,52.91412],[-3.03937,52.91403],[-3.0429,52.91432],[-3.04336,52.91466],[-3.04399,52.91577],[-3.04432,52.91612],[-3.0451,52.91659],[-3.04715,52.91753],[-3.04768,52.91812],[-3.04788,52.91868],[-3.04786,52.91901],[-3.04757,52.91971],[-3.04726,52.92011],[-3.0467,52.92066],[-3.04644,52.92109],[-3.04643,52.92163],[-3.04681,52.92271],[-3.04684,52.923],[-3.04667,52.92328],[-3.04582,52.92409],[-3.04521,52.92478],[-3.04497,52.92522],[-3.045,52.92557],[-3.04537,52.92595],[-3.04577,52.92614],[-3.04649,52.92621],[-3.04886,52.926],[-3.05178,52.92613],[-3.05242,52.92628],[-3.05365,52.92671],[-3.05482,52.92683],[-3.05625,52.92716],[-3.05661,52.92717],[-3.05836,52.92681],[-3.05936,52.92672],[-3.06078,52.92674],[-3.06115,52.92681],[-3.06142,52.92695],[-3.06171,52.92731],[-3.06299,52.92966],[-3.0687,52.93417],[-3.0692,52.9349],[-3.06937,52.93558],[-3.06931,52.93647],[-3.0691,52.93719],[-3.06654,52.94127],[-3.06618,52.94165],[-3.06575,52.94228],[-3.06522,52.94317],[-3.06478,52.94409],[-3.06459,52.94483],[-3.06456,52.94582],[-3.06461,52.94661],[-3.06483,52.94803],[-3.06476,52.94848],[-3.06451,52.94892],[-3.06352,52.94976],[-3.06333,52.95015],[-3.06352,52.95127],[-3.06375,52.95394],[-3.06473,52.95744],[-3.06472,52.95768],[-3.0643,52.95903],[-3.06437,52.95935],[-3.06463,52.95971],[-3.06493,52.95985],[-3.06673,52.95999],[-3.07116,52.96071],[-3.07287,52.96125],[-3.0753,52.96178],[-3.07666,52.96234],[-3.07767,52.96263],[-3.08422,52.96376],[-3.08664,52.96433],[-3.08727,52.96459],[-3.08742,52.96472],[-3.08756,52.96497],[-3.08785,52.96666],[-3.0883,52.96806],[-3.08833,52.96832],[-3.08742,52.97202],[-3.08726,52.97222]],[[-2.8923,52.90267],[-2.89271,52.90313],[-2.89392,52.90424],[-2.89489,52.90494],[-2.8953,52.90533]],[[-2.70412,52.969],[-2.70428,52.96882],[-2.70466,52.9686],[-2.70613,52.96824],[-2.70896,52.9682],[-2.70985,52.96805],[-2.71085,52.96758],[-2.7121,52.96719],[-2.71286,52.9667],[-2.71344,52.96612],[-2.71373,52.96592],[-2.71619,52.96507],[-2.71798,52.96416],[-2.71837,52.96387],[-2.71857,52.96367],[-2.71878,52.96331],[-2.71888,52.96286],[-2.71871,52.96135],[-2.71884,52.96099],[-2.7194,52.96],[-2.7195,52.95949],[-2.71907,52.95824],[-2.71887,52.95712],[-2.71871,52.95678],[-2.71853,52.95578],[-2.71854,52.95496],[-2.71849,52.95471],[-2.71793,52.95379],[-2.71782,52.95347],[-2.71786,52.95312],[-2.71801,52.95285],[-2.71829,52.95258],[-2.7187,52.95233],[-2.71933,52.95219],[-2.72209,52.95186],[-2.72383,52.95192],[-2.72463,52.95184],[-2.7257,52.95146],[-2.72602,52.95123],[-2.72638,52.95078],[-2.72649,52.95018],[-2.72631,52.94963],[-2.72586,52.9491],[-2.72468,52.94826],[-2.72412,52.94767],[-2.72397,52.94742],[-2.72364,52.94614],[-2.7229,52.94509],[-2.72281,52.94482],[-2.72273,52.94397],[-2.72279,52.94309],[-2.72335,52.94213],[-2.7235,52.94095],[-2.72349,52.94034],[-2.72327,52.93876],[-2.72325,52.9381],[-2.72333,52.93776],[-2.72355,52.93738],[-2.72531,52.93641],[-2.72621,52.9356],[-2.72655,52.93509],[-2.72661,52.93481],[-2.72679,52.9345],[-2.72681,52.93399],[-2.72624,52.9328],[-2.72611,52.93221],[-2.7261,52.93143],[-2.72578,52.93083],[-2.7257,52.93052],[-2.72583,52.92975],[-2.72634,52.92776],[-2.72658,52.92738],[-2.72757,52.92649],[-2.72796,52.92604],[-2.72884,52.92347],[-2.72971,52.92219],[-2.73105,52.92139],[-2.7327,52.92071],[-2.73988,52.91804],[-2.7457,52.91579],[-2.76149,52.91183],[-2.76213,52.91183],[-2.77797,52.91498],[-2.78461,52.91624],[-2.78561,52.91628],[-2.78655,52.91621],[-2.78767,52.91594],[-2.78913,52.91538],[-2.78987,52.91527],[-2.79543,52.91494],[-2.79727,52.91514],[-2.79821,52.91511],[-2.79901,52.91488],[-2.80001,52.91424],[-2.80099,52.91401],[-2.80142,52.91401],[-2.80518,52.91451],[-2.8059,52.91451],[-2.80663,52.91421],[-2.80769,52.91357],[-2.81004,52.91295],[-2.81119,52.91249],[-2.81178,52.91217],[-2.81209,52.91184],[-2.81264,52.9107],[-2.81272,52.91039],[-2.81269,52.91013],[-2.81258,52.9099],[-2.81213,52.90938],[-2.81222,52.9091],[-2.81269,52.90879],[-2.81719,52.90721],[-2.81767,52.90698],[-2.81794,52.90664],[-2.81799,52.90631],[-2.81789,52.90594],[-2.81755,52.90533],[-2.81751,52.90512],[-2.81756,52.90489],[-2.81779,52.90458],[-2.81826,52.90417],[-2.81922,52.90363],[-2.82004,52.90334],[-2.82146,52.90314],[-2.82351,52.9029],[-2.82489,52.90285],[-2.82781,52.90211],[-2.82867,52.90208],[-2.82976,52.90222]],[[-2.70412,52.969],[-2.70387,52.96918],[-2.70349,52.96932],[-2.70242,52.96955],[-2.6998,52.96925]],[[-3.08726,52.97222],[-3.08808,52.97237],[-3.09032,52.97226],[-3.09128,52.97198],[-3.09366,52.97145],[-3.09414,52.97104],[-3.09533,52.97045],[-3.0964,52.9697],[-3.09764,52.96919],[-3.09929,52.96839],[-3.09954,52.96817],[-3.10049,52.9669],[-3.10204,52.96565],[-3.10288,52.96529],[-3.10384,52.96504],[-3.10517,52.96421],[-3.10564,52.96414],[-3.10705,52.96412],[-3.10825,52.96425],[-3.10968,52.96422],[-3.11022,52.96433],[-3.112,52.9651],[-3.11329,52.96558],[-3.11451,52.96569],[-3.11557,52.96602],[-3.11677,52.96624],[-3.11721,52.96641],[-3.11754,52.96661],[-3.1181,52.96744],[-3.11903,52.96836],[-3.11976,52.96946],[-3.12029,52.9698],[-3.12196,52.97067],[-3.12314,52.97117],[-3.12749,52.97244],[-3.13142,52.97323],[-3.13352,52.97374],[-3.13467,52.97409],[-3.13702,52.97454],[-3.138,52.97463],[-3.13892,52.97498],[-3.14068,52.97492],[-3.14226,52.97519],[-3.14402,52.97515],[-3.14551,52.97524],[-3.14606,52.9752],[-3.14743,52.97489],[-3.14899,52.97466],[-3.14971,52.97442],[-3.15027,52.97412],[-3.1507,52.97365],[-3.15106,52.97301],[-3.15187,52.97212],[-3.15346,52.97089],[-3.15433,52.97064],[-3.15682,52.97028],[-3.16058,52.97056],[-3.16324,52.97085],[-3.16463,52.97086],[-3.16595,52.97114],[-3.16744,52.97134],[-3.16819,52.97158],[-3.16892,52.97169],[-3.1699,52.972],[-3.17113,52.97219],[-3.17349,52.97323],[-3.17592,52.97482],[-3.17687,52.97535],[-3.17729,52.97572],[-3.17803,52.97656],[-3.17844,52.97729],[-3.17873,52.97806],[-3.17907,52.9787],[-3.17925,52.9798],[-3.17958,52.9809],[-3.1799,52.98149],[-3.18039,52.98216],[-3.18086,52.98304],[-3.18103,52.98326],[-3.18155,52.98362],[-3.18259,52.98394],[-3.18452,52.98416],[-3.18521,52.98417],[-3.18679,52.98388],[-3.18762,52.98349],[-3.18934,52.98311],[-3.19029,52.98264],[-3.19305,52.98157],[-3.19499,52.98071],[-3.19581,52.98044],[-3.19672,52.98043],[-3.19864,52.98074]],[[-3.08726,52.97222],[-3.08577,52.97337],[-3.08555,52.97376],[-3.08561,52.97396],[-3.08529,52.97458]],[[-2.62552,53.02317],[-2.62858,53.02244],[-2.63223,53.02136],[-2.63589,53.02072],[-2.63802,53.02],[-2.64099,53.01939],[-2.6434,53.01825],[-2.64462,53.01723],[-2.64595,53.01696],[-2.64835,53.01621],[-2.65013,53.01546],[-2.65215,53.01417],[-2.655,53.01315],[-2.65905,53.01158],[-2.65961,53.01154],[-2.66028,53.01162],[-2.66233,53.01219],[-2.66313,53.01234],[-2.66708,53.01233],[-2.66811,53.01243],[-2.67926,53.01508],[-2.6797,53.01512],[-2.68019,53.01506],[-2.68089,53.01487],[-2.68767,53.01281],[-2.6883,53.01253],[-2.68865,53.01205],[-2.68906,53.01094],[-2.68961,53.00913],[-2.6902,53.00776],[-2.69367,53.00284],[-2.69482,53.00188],[-2.69506,53.00159],[-2.69542,53.0014],[-2.6958,53.00108],[-2.69613,53.00073],[-2.70045,52.9936],[-2.70084,52.99324],[-2.7053,52.98986],[-2.7079,52.98826],[-2.71191,52.98612],[-2.71208,52.98597],[-2.71235,52.98543],[-2.71239,52.98457],[-2.71234,52.9841],[-2.71225,52.98395],[-2.71203,52.98371],[-2.71029,52.98237],[-2.71016,52.98216],[-2.71025,52.98192],[-2.7108,52.98122],[-2.71099,52.98092],[-2.71096,52.98085],[-2.71167,52.97984],[-2.71319,52.9753],[-2.71329,52.97488],[-2.71329,52.97445],[-2.71321,52.97406],[-2.71301,52.97356],[-2.71265,52.97309],[-2.71129,52.97176],[-2.71003,52.97105],[-2.70927,52.97079],[-2.70699,52.9703],[-2.70513,52.97016],[-2.70465,52.96992],[-2.70424,52.96955],[-2.70413,52.96936],[-2.70412,52.969]],[[-2.5727,53.0897],[-2.57702,53.08323],[-2.5771,53.0831],[-2.57711,53.08291],[-2.57685,53.08251],[-2.57638,53.08213],[-2.57404,53.08065],[-2.5731,53.07998],[-2.57277,53.07957],[-2.57203,53.07803],[-2.57193,53.07756],[-2.57196,53.07731],[-2.57316,53.07353],[-2.57314,53.07341],[-2.57221,53.07185],[-2.57204,53.07131],[-2.57203,53.07101],[-2.5725,53.06858],[-2.57269,53.06815],[-2.57296,53.06775],[-2.57373,53.06676],[-2.57401,53.0665],[-2.57943,53.06314],[-2.58009,53.06258],[-2.58177,53.06069],[-2.58182,53.06031],[-2.58144,53.05709],[-2.58144,53.05658],[-2.582,53.05526],[-2.58257,53.05349],[-2.58344,53.05112],[-2.58335,53.05063],[-2.58286,53.04957],[-2.58289,53.04906],[-2.58421,53.04639],[-2.58473,53.0452],[-2.58528,53.04364],[-2.58582,53.0426],[-2.58681,53.041],[-2.58684,53.04055],[-2.58669,53.03862],[-2.58678,53.03697],[-2.5869,53.03637],[-2.58756,53.03527],[-2.58944,53.03267],[-2.59085,53.03007],[-2.59176,53.02861],[-2.59289,53.02737],[-2.59442,53.02642],[-2.59475,53.02631],[-2.59528,53.02624],[-2.5956,53.02628],[-2.59714,53.02678],[-2.59954,53.02788],[-2.60065,53.02813],[-2.60697,53.02839],[-2.61041,53.02822],[-2.61245,53.02821],[-2.61338,53.02788],[-2.61384,53.02762],[-2.61405,53.02735],[-2.61415,53.02694],[-2.61432,53.02662],[-2.61477,53.02605],[-2.61515,53.02582],[-2.61894,53.02474],[-2.62552,53.02317]],[[-2.55974,53.09387],[-2.56181,53.09333],[-2.57172,53.0905],[-2.57223,53.09025],[-2.57247,53.09004],[-2.5727,53.0897]]]}},{"type":"Feature","properties":{"NAME":"Limehouse Basin"},"geometry":{"type":"MultiLineString","coordinates":[[[-0.03438,51.51096],[-0.03527,51.51131]],[[-0.03527,51.51131],[-0.03582,51.51077],[-0.03758,51.50948]],[[-0.03527,51.51131],[-0.03567,51.51142],[-0.0367,51.51154],[-0.03677,51.51164],[-0.03662,51.51212]]]}},{"type":"Feature","properties":{"NAME":"Lancaster Canal"},"geometry":{"type":"MultiLineString","coordinates":[[[-2.71954,53.7662],[-2.7206,53.76645],[-2.72126,53.76672],[-2.72169,53.76681],[-2.72258,53.76731],[-2.72295,53.76759],[-2.72404,53.76865],[-2.72444,53.76913],[-2.72566,53.77088],[-2.72691,53.77209],[-2.72721,53.77228],[-2.72793,53.77254],[-2.72875,53.77266],[-2.72965,53.77267],[-2.73006,53.77285],[-2.7303,53.77311],[-2.73087,53.77447],[-2.73177,53.77548],[-2.73229,53.77583],[-2.7344,53.77698],[-2.73503,53.77729],[-2.73604,53.77762],[-2.73654,53.77764],[-2.7369,53.77757],[-2.73815,53.77692],[-2.73931,53.77654],[-2.74397,53.77559],[-2.745,53.77545],[-2.74615,53.77541],[-2.74672,53.77548],[-2.74763,53.77571],[-2.75,53.77656],[-2.75128,53.77694],[-2.75362,53.77745],[-2.75573,53.77771],[-2.76104,53.77796],[-2.76498,53.77829],[-2.76664,53.77857],[-2.76872,53.77905],[-2.76919,53.77909],[-2.76997,53.77906],[-2.77183,53.77878],[-2.77441,53.77852],[-2.77867,53.77793],[-2.78344,53.7779],[-2.78928,53.77771],[-2.79034,53.77777],[-2.79128,53.77806],[-2.79267,53.77863],[-2.79439,53.77953],[-2.79653,53.78102],[-2.79784,53.78229],[-2.79817,53.78251],[-2.7986,53.78269],[-2.79918,53.78282],[-2.79987,53.78288],[-2.80702,53.78273],[-2.80767,53.78287],[-2.81,53.78381],[-2.81206,53.78428],[-2.81291,53.78459],[-2.81386,53.78504],[-2.81458,53.78554],[-2.81479,53.78579],[-2.81522,53.78655],[-2.81556,53.78788],[-2.81562,53.78871],[-2.81557,53.78894],[-2.81514,53.78962],[-2.8145,53.7904],[-2.8144,53.79064],[-2.81447,53.79096],[-2.81503,53.79219],[-2.81513,53.79263],[-2.81514,53.79335],[-2.81484,53.79379],[-2.81352,53.79501],[-2.81286,53.79571],[-2.81258,53.79616],[-2.81251,53.79649],[-2.81239,53.79753],[-2.81251,53.79955],[-2.81259,53.8],[-2.81322,53.80177],[-2.81338,53.80265],[-2.81341,53.80335],[-2.81333,53.804],[-2.81314,53.80458],[-2.8129,53.805],[-2.81243,53.80558],[-2.81185,53.80594],[-2.8109,53.80626],[-2.8092,53.8065],[-2.79999,53.80697],[-2.7958,53.80688],[-2.7916,53.80724],[-2.79005,53.80713],[-2.78853,53.80688],[-2.78601,53.80625],[-2.78547,53.80627],[-2.78462,53.80646],[-2.777,53.80882],[-2.77462,53.81043],[-2.77408,53.81089],[-2.77356,53.81117],[-2.77263,53.81152],[-2.77191,53.81192],[-2.7706,53.81292],[-2.77005,53.81324],[-2.76929,53.81355],[-2.76886,53.81365],[-2.76651,53.81384],[-2.76527,53.81412],[-2.7642,53.81473],[-2.76227,53.81642],[-2.76158,53.81695],[-2.76112,53.8172],[-2.76063,53.81739],[-2.75434,53.81922],[-2.75176,53.81972],[-2.75139,53.81988],[-2.75104,53.82014],[-2.75072,53.82049],[-2.7505,53.82096],[-2.75055,53.82136],[-2.75092,53.82191],[-2.75121,53.82253],[-2.75127,53.82312],[-2.75124,53.82359],[-2.75106,53.82415],[-2.75071,53.82469],[-2.75026,53.82523],[-2.75014,53.8255],[-2.75016,53.82587],[-2.7505,53.8268],[-2.75186,53.82939],[-2.75247,53.82984],[-2.75288,53.83006],[-2.75446,53.83072],[-2.75479,53.831],[-2.75491,53.83118],[-2.755,53.83143],[-2.755,53.83165],[-2.7548,53.83212],[-2.75443,53.83241],[-2.75411,53.83254],[-2.75212,53.83302],[-2.75065,53.83378],[-2.74977,53.83437],[-2.7494,53.83488],[-2.74909,53.83571],[-2.74906,53.83624],[-2.74914,53.83674],[-2.74927,53.83709],[-2.74961,53.83764],[-2.75035,53.8381],[-2.75182,53.83863],[-2.75229,53.8389],[-2.75518,53.84162],[-2.75547,53.84194],[-2.7558,53.84248],[-2.75646,53.84409],[-2.75653,53.84444],[-2.75642,53.8448],[-2.7557,53.84557],[-2.75432,53.8467],[-2.75299,53.84793],[-2.75201,53.84864],[-2.75084,53.84915],[-2.74866,53.84967],[-2.74794,53.84999],[-2.74757,53.85039],[-2.74623,53.85218],[-2.74588,53.85278],[-2.74583,53.85299],[-2.74592,53.85459],[-2.74603,53.85523],[-2.74621,53.85561],[-2.74651,53.85594],[-2.7468,53.85611],[-2.74725,53.85622],[-2.7512,53.85676],[-2.75192,53.85718],[-2.75228,53.85788],[-2.75233,53.85824],[-2.75231,53.85848],[-2.7522,53.85869],[-2.75188,53.85908],[-2.75165,53.85926],[-2.74581,53.86306],[-2.74557,53.86315],[-2.74526,53.86353],[-2.74519,53.86373],[-2.74526,53.86409],[-2.74552,53.86436],[-2.74589,53.86457],[-2.74679,53.86491],[-2.74709,53.8651],[-2.74906,53.8669],[-2.74934,53.86728],[-2.74984,53.86839],[-2.75127,53.86993],[-2.75171,53.8706],[-2.75185,53.871],[-2.75181,53.87126],[-2.75166,53.87148],[-2.75129,53.87179],[-2.75095,53.87196],[-2.75026,53.87216],[-2.74866,53.87228],[-2.74784,53.87248],[-2.74726,53.87272],[-2.74677,53.87309],[-2.74652,53.87344],[-2.74643,53.8737],[-2.74641,53.8741],[-2.74653,53.87454],[-2.74762,53.87642],[-2.74824,53.87778],[-2.74823,53.87823],[-2.74763,53.87946],[-2.74763,53.87976],[-2.74782,53.88024],[-2.74955,53.88265],[-2.75142,53.88392],[-2.752,53.88449],[-2.75207,53.88467],[-2.75207,53.88506],[-2.7515,53.88614],[-2.751,53.88657],[-2.74999,53.88714],[-2.74962,53.8875],[-2.74917,53.88811],[-2.74843,53.88938],[-2.74842,53.88955],[-2.74853,53.8899],[-2.74919,53.89062],[-2.75035,53.89141],[-2.75152,53.89199],[-2.75403,53.89306],[-2.75469,53.89363],[-2.75532,53.89437],[-2.75629,53.89485],[-2.75707,53.89576],[-2.75756,53.89617],[-2.7594,53.89675],[-2.76029,53.8974],[-2.76067,53.89756],[-2.76128,53.89759],[-2.76181,53.89751],[-2.76204,53.89741],[-2.76274,53.89687],[-2.76322,53.89631],[-2.76429,53.89559],[-2.76656,53.89476],[-2.76845,53.89448],[-2.76934,53.89422],[-2.77249,53.89395],[-2.77288,53.89395],[-2.77345,53.89407],[-2.77442,53.89457],[-2.77541,53.89525],[-2.77878,53.89863],[-2.77908,53.899],[-2.78101,53.89935],[-2.78171,53.8996],[-2.78252,53.90008],[-2.78265,53.90018],[-2.78268,53.90037],[-2.78289,53.90049],[-2.78496,53.90073],[-2.78824,53.90177],[-2.78846,53.90176],[-2.78896,53.90187],[-2.79069,53.90307],[-2.79367,53.90385],[-2.79459,53.90418],[-2.79484,53.90448],[-2.79585,53.90613],[-2.79953,53.90765],[-2.801,53.90819],[-2.80171,53.90862],[-2.80197,53.90891],[-2.80195,53.9092],[-2.80129,53.91001],[-2.80105,53.91059],[-2.8004,53.91172],[-2.79862,53.91282],[-2.79735,53.91312],[-2.79687,53.9133],[-2.79589,53.91414],[-2.79479,53.91477],[-2.79473,53.91511],[-2.79482,53.91599],[-2.79469,53.91623],[-2.79455,53.91634],[-2.79278,53.91732],[-2.79106,53.91796],[-2.79036,53.9183],[-2.78883,53.91916],[-2.78774,53.92],[-2.78695,53.92037],[-2.78659,53.92061],[-2.78653,53.92072],[-2.78656,53.92089],[-2.78732,53.92188],[-2.78802,53.92226],[-2.78892,53.92252],[-2.78927,53.92272],[-2.78938,53.92298],[-2.78944,53.92353],[-2.78974,53.92452],[-2.78989,53.92527],[-2.79003,53.92552],[-2.79073,53.92612],[-2.79202,53.92672],[-2.79219,53.92686],[-2.79222,53.92705],[-2.79193,53.92741],[-2.79114,53.92779],[-2.7908,53.92815],[-2.78922,53.92896],[-2.78855,53.92948],[-2.7854,53.93072],[-2.7853,53.93087],[-2.78505,53.93233],[-2.78491,53.93266],[-2.78449,53.93301],[-2.78374,53.93337],[-2.78355,53.93354],[-2.78351,53.93371],[-2.78362,53.93407],[-2.78401,53.93463],[-2.78486,53.93546],[-2.78725,53.93648],[-2.78753,53.9367],[-2.7876,53.93686],[-2.78754,53.9373],[-2.78724,53.93827],[-2.78754,53.9393],[-2.7873,53.94018],[-2.78682,53.94088],[-2.78653,53.94116],[-2.7857,53.9414],[-2.7855,53.94148],[-2.78534,53.94163],[-2.78535,53.9419],[-2.78567,53.94277],[-2.78573,53.94362],[-2.78606,53.94397],[-2.78674,53.9445],[-2.78767,53.945],[-2.78984,53.94635],[-2.79024,53.9467],[-2.79045,53.94698],[-2.79053,53.9472],[-2.79071,53.94824],[-2.79107,53.94905],[-2.79102,53.94993],[-2.79182,53.95166],[-2.79208,53.95199],[-2.79237,53.95213],[-2.79259,53.95216],[-2.79375,53.95196],[-2.79429,53.95209],[-2.79461,53.95227],[-2.79527,53.95325],[-2.79587,53.95357],[-2.79612,53.95382],[-2.79627,53.95404],[-2.79669,53.95529],[-2.7975,53.95697],[-2.79761,53.95735],[-2.79768,53.95795],[-2.79739,53.95935],[-2.79705,53.95992],[-2.79623,53.96048],[-2.79573,53.96091],[-2.79421,53.96243],[-2.79372,53.96282],[-2.79298,53.96299],[-2.79084,53.96296],[-2.7883,53.96368],[-2.78741,53.9641],[-2.78686,53.96447],[-2.78617,53.96476],[-2.78501,53.96517],[-2.7828,53.96576],[-2.78243,53.96599],[-2.78215,53.96633],[-2.78207,53.96656],[-2.78204,53.96711],[-2.78209,53.96753],[-2.78231,53.96794],[-2.7853,53.97069],[-2.7859,53.97109],[-2.78604,53.97138],[-2.78604,53.97159],[-2.7859,53.97177],[-2.78531,53.97217],[-2.78518,53.97233],[-2.78516,53.97264],[-2.78529,53.97301],[-2.78693,53.9747],[-2.78864,53.97609],[-2.78989,53.97767],[-2.79003,53.97803],[-2.79023,53.97936],[-2.79037,53.9798],[-2.79205,53.98238],[-2.79207,53.98262],[-2.79197,53.98309],[-2.792,53.98363],[-2.79217,53.98423],[-2.79254,53.98515],[-2.79259,53.98563],[-2.79249,53.98597],[-2.79231,53.98618],[-2.79132,53.98686],[-2.79096,53.98722],[-2.79074,53.98777],[-2.79072,53.98813],[-2.79077,53.98841],[-2.791,53.98882],[-2.79149,53.98922],[-2.79207,53.98937],[-2.79271,53.98936],[-2.79414,53.98919],[-2.79497,53.98923],[-2.79538,53.98932],[-2.79611,53.98962],[-2.79798,53.99098],[-2.7982,53.99131],[-2.79832,53.99169],[-2.79869,53.99347],[-2.79947,53.99461],[-2.79961,53.995],[-2.80022,53.99875],[-2.80041,54.00028],[-2.80051,54.00055],[-2.80109,54.00099],[-2.80264,54.00165],[-2.80358,54.00217],[-2.80727,54.00456],[-2.80751,54.00479],[-2.80766,54.00508],[-2.8076,54.0054],[-2.80746,54.00564],[-2.80658,54.00654],[-2.80609,54.00728],[-2.80595,54.00768],[-2.80595,54.00785],[-2.80609,54.00824],[-2.80639,54.00866],[-2.80646,54.00892],[-2.8064,54.00921],[-2.80613,54.00964],[-2.80612,54.00992],[-2.80631,54.0105],[-2.8065,54.01158],[-2.80671,54.01647],[-2.80838,54.02015],[-2.80857,54.02073],[-2.80843,54.02115],[-2.8079,54.02194],[-2.80526,54.02473],[-2.80512,54.02493],[-2.80497,54.02535],[-2.80499,54.02584],[-2.80509,54.02616],[-2.80531,54.0265],[-2.80587,54.02701],[-2.80842,54.02812],[-2.80918,54.02852],[-2.80962,54.02888],[-2.8097,54.0291],[-2.8097,54.02977],[-2.81011,54.03154],[-2.81007,54.03204],[-2.80989,54.03267],[-2.80986,54.03309],[-2.80997,54.03508],[-2.81015,54.0355],[-2.811,54.03651],[-2.81141,54.03708],[-2.81146,54.03728],[-2.81141,54.03747],[-2.8112,54.0377],[-2.8105,54.03815],[-2.80886,54.03961],[-2.80651,54.04123],[-2.80572,54.0416],[-2.80449,54.04201],[-2.80304,54.04273],[-2.80153,54.04311],[-2.80112,54.0434],[-2.80078,54.04405],[-2.80031,54.04439],[-2.79916,54.04473],[-2.79766,54.04505],[-2.79564,54.04645],[-2.79449,54.04741],[-2.79393,54.0483],[-2.79395,54.0485],[-2.79426,54.04882],[-2.79433,54.04922],[-2.79427,54.04946],[-2.79367,54.05055],[-2.79332,54.05088],[-2.79244,54.0513],[-2.79205,54.05158],[-2.79185,54.05194],[-2.79156,54.05293],[-2.79126,54.05336],[-2.79026,54.05449],[-2.78989,54.05523],[-2.78954,54.05557],[-2.78856,54.0562],[-2.78804,54.05676],[-2.78788,54.05711],[-2.78765,54.05858],[-2.78748,54.05906],[-2.78714,54.05962],[-2.78697,54.06011],[-2.78689,54.06111],[-2.7866,54.06202],[-2.78651,54.06292],[-2.78616,54.0642],[-2.78591,54.06473],[-2.78564,54.0651],[-2.7848,54.06554],[-2.78471,54.0658],[-2.78487,54.06619],[-2.78512,54.06635],[-2.78562,54.06654],[-2.79065,54.06903],[-2.79156,54.06941],[-2.79195,54.06948],[-2.79238,54.06943],[-2.79284,54.06922],[-2.7969,54.06779],[-2.7979,54.06728],[-2.79889,54.067],[-2.79944,54.06692],[-2.80131,54.06688],[-2.80163,54.0668],[-2.80238,54.06646],[-2.80314,54.06632],[-2.80512,54.06631],[-2.80747,54.06644],[-2.80767,54.06654],[-2.80788,54.06678],[-2.8079,54.06705],[-2.80773,54.06775],[-2.80781,54.06798],[-2.8092,54.06904],[-2.81047,54.06936],[-2.81105,54.0697],[-2.81111,54.06985],[-2.81087,54.071],[-2.811,54.07128],[-2.81485,54.07292],[-2.8151,54.07311],[-2.81527,54.07344],[-2.8152,54.07413],[-2.81534,54.07585],[-2.8153,54.07629],[-2.81546,54.07662],[-2.81551,54.07697],[-2.81541,54.07739],[-2.81511,54.07809],[-2.81513,54.07837],[-2.81545,54.07908],[-2.81543,54.07958],[-2.81518,54.08016],[-2.81465,54.08085],[-2.81413,54.08135],[-2.814,54.08167],[-2.81403,54.08179],[-2.8142,54.08196],[-2.81533,54.08223],[-2.81554,54.08241],[-2.81559,54.08265],[-2.8148,54.08343],[-2.81399,54.08401],[-2.81384,54.08431],[-2.81399,54.08464],[-2.81433,54.08505],[-2.81443,54.08528],[-2.81444,54.08555],[-2.81431,54.08597],[-2.81373,54.08674],[-2.81358,54.08716],[-2.81349,54.08756],[-2.8135,54.08869],[-2.81363,54.08934],[-2.81348,54.08978],[-2.81298,54.09013],[-2.81197,54.09061],[-2.81156,54.09108],[-2.81113,54.09132],[-2.81048,54.09146],[-2.80899,54.09136],[-2.80731,54.0918],[-2.80638,54.09197],[-2.80621,54.09207],[-2.80609,54.09225],[-2.806,54.09283],[-2.80532,54.09369],[-2.80482,54.09404],[-2.8043,54.09413],[-2.80159,54.09409],[-2.80097,54.09428],[-2.8008,54.09443],[-2.80079,54.09453],[-2.80114,54.09557],[-2.80116,54.09588],[-2.80102,54.09606],[-2.80078,54.0962],[-2.80045,54.09627],[-2.79952,54.09629],[-2.79913,54.09646],[-2.79785,54.09765],[-2.79759,54.09816],[-2.79742,54.09902],[-2.79724,54.09921],[-2.79692,54.09938],[-2.79539,54.09976],[-2.79489,54.09998],[-2.794,54.10054],[-2.7937,54.10087],[-2.79363,54.10106],[-2.79374,54.10195],[-2.79363,54.10254],[-2.7935,54.1028],[-2.79317,54.10307],[-2.79258,54.10333],[-2.79175,54.10358],[-2.79068,54.10484],[-2.79039,54.10534],[-2.78993,54.10559],[-2.78873,54.106],[-2.78837,54.10623],[-2.78777,54.10703],[-2.7878,54.10724],[-2.78798,54.10758],[-2.78797,54.10774],[-2.78717,54.10914],[-2.78667,54.1097],[-2.78593,54.11017],[-2.7856,54.11069],[-2.78555,54.11204],[-2.78542,54.11267],[-2.78565,54.11285],[-2.78688,54.1131],[-2.78753,54.11331],[-2.7879,54.11352],[-2.78816,54.11382],[-2.78835,54.11424],[-2.78831,54.1147],[-2.78812,54.11496],[-2.7871,54.11581],[-2.78659,54.11615],[-2.78615,54.11636],[-2.78486,54.11676],[-2.7841,54.11743],[-2.78365,54.1177],[-2.78308,54.11789],[-2.78211,54.11799],[-2.77833,54.1192],[-2.7771,54.11947],[-2.77635,54.11971],[-2.77556,54.1203],[-2.77452,54.12138],[-2.77417,54.1216],[-2.77312,54.12206],[-2.77279,54.12234],[-2.77266,54.12253],[-2.77254,54.1229],[-2.77251,54.12368],[-2.77242,54.12421],[-2.77231,54.12451],[-2.77204,54.1248],[-2.77114,54.12506],[-2.77005,54.12505],[-2.76872,54.12527],[-2.76702,54.12508],[-2.76652,54.12515],[-2.76622,54.12526],[-2.76585,54.12548],[-2.76545,54.12592],[-2.76537,54.12613],[-2.76528,54.12736],[-2.76495,54.12789],[-2.76456,54.12808],[-2.76367,54.12813],[-2.76272,54.1283]],[[-2.76272,54.1283],[-2.76223,54.12838],[-2.76167,54.12831],[-2.76081,54.12834],[-2.75842,54.12918],[-2.75803,54.12924],[-2.75612,54.12929],[-2.75572,54.12912],[-2.75534,54.12878],[-2.75491,54.12863],[-2.75288,54.12867],[-2.75192,54.12904],[-2.75011,54.12953],[-2.74976,54.12974],[-2.74934,54.13016]],[[-2.74934,54.13016],[-2.74796,54.13161],[-2.74772,54.13176],[-2.74699,54.13185],[-2.74541,54.13181],[-2.74455,54.13215],[-2.74387,54.13255],[-2.7433,54.13276],[-2.74263,54.13291],[-2.74138,54.13307],[-2.73954,54.13345],[-2.73822,54.13407],[-2.73699,54.13447]],[[-2.73699,54.13447],[-2.73634,54.13478],[-2.73535,54.13566],[-2.73514,54.13574],[-2.73469,54.13579],[-2.73277,54.13577],[-2.73234,54.13592],[-2.73136,54.13648],[-2.73088,54.13666],[-2.73037,54.13678],[-2.7292,54.13683],[-2.72855,54.13696],[-2.72825,54.13712],[-2.72792,54.13747],[-2.72739,54.13859],[-2.72716,54.13886],[-2.72636,54.13918],[-2.72575,54.13929]],[[-2.72575,54.13929],[-2.72334,54.13935],[-2.72278,54.13945],[-2.72208,54.13968],[-2.72156,54.13993],[-2.72094,54.14045],[-2.72086,54.141],[-2.7209,54.14121],[-2.72201,54.14237],[-2.72259,54.14364],[-2.72309,54.14405],[-2.72389,54.1443],[-2.72414,54.1445],[-2.72423,54.1448],[-2.72422,54.1455]],[[-2.72422,54.1455],[-2.72414,54.14601],[-2.72426,54.14699],[-2.72403,54.1478],[-2.72371,54.14846],[-2.72369,54.14863],[-2.72378,54.14883],[-2.72408,54.149],[-2.7244,54.14908],[-2.72563,54.1492],[-2.72636,54.14912],[-2.72761,54.1487],[-2.72819,54.14874],[-2.7285,54.1489],[-2.72861,54.14903],[-2.7287,54.14966],[-2.72967,54.15016],[-2.73011,54.15065],[-2.73026,54.15103]],[[-2.73026,54.15103],[-2.73032,54.15171],[-2.72978,54.1524],[-2.72977,54.1527],[-2.73102,54.15405],[-2.7316,54.15427],[-2.73426,54.15403],[-2.73512,54.15403],[-2.73606,54.15419],[-2.73639,54.15439],[-2.73666,54.15518],[-2.73679,54.15534],[-2.73771,54.15571],[-2.73781,54.1564]],[[-2.73781,54.1564],[-2.73784,54.1572],[-2.73776,54.15947],[-2.73764,54.16051],[-2.7373,54.16165],[-2.73728,54.162],[-2.73737,54.16258],[-2.73779,54.16343],[-2.73793,54.16392],[-2.73782,54.16532]],[[-2.73782,54.16532],[-2.73768,54.16654],[-2.73697,54.1686],[-2.73689,54.16897],[-2.7369,54.16949],[-2.73696,54.16977],[-2.73758,54.17125],[-2.73824,54.17249],[-2.73858,54.17294],[-2.73965,54.17394]],[[-2.73965,54.17394],[-2.742,54.1761],[-2.74208,54.17627],[-2.74242,54.17664],[-2.74259,54.177],[-2.74259,54.1772],[-2.74219,54.17801],[-2.74156,54.17909],[-2.73907,54.1817],[-2.73549,54.18435],[-2.73503,54.18455],[-2.73444,54.18469],[-2.7328,54.18491],[-2.73215,54.18518],[-2.7319,54.18556],[-2.73096,54.18759],[-2.73099,54.18796],[-2.73135,54.18876]],[[-2.73135,54.18876],[-2.73261,54.19118],[-2.7327,54.19163],[-2.73256,54.19207],[-2.73221,54.19253],[-2.73086,54.19376],[-2.72786,54.19559],[-2.72746,54.196],[-2.7272,54.19649],[-2.72709,54.19806],[-2.72759,54.20087],[-2.72751,54.20129],[-2.72708,54.202],[-2.72706,54.20214],[-2.7277,54.20427],[-2.7277,54.20541]],[[-2.72769,54.20541],[-2.72782,54.20607],[-2.72786,54.20699],[-2.72782,54.20781],[-2.72764,54.20913],[-2.72487,54.21355]],[[-2.72487,54.21355],[-2.72439,54.21452],[-2.72393,54.21598],[-2.72361,54.21639],[-2.72298,54.21671],[-2.71981,54.2177],[-2.71907,54.2181],[-2.71876,54.21844],[-2.71866,54.21884],[-2.71864,54.22037],[-2.71871,54.22068],[-2.71867,54.22205],[-2.71854,54.22244],[-2.71835,54.22264],[-2.71767,54.223],[-2.71586,54.22323],[-2.71426,54.22368],[-2.71316,54.22409],[-2.71209,54.22456],[-2.71162,54.22486],[-2.71081,54.22552],[-2.71051,54.2259],[-2.70838,54.23075],[-2.70764,54.23299],[-2.70747,54.23374],[-2.70753,54.23415],[-2.70791,54.23489],[-2.70995,54.23735],[-2.70999,54.23768],[-2.7098,54.23824],[-2.70988,54.23873],[-2.71012,54.23907],[-2.71079,54.23971],[-2.71561,54.24414],[-2.71667,54.24558],[-2.71694,54.24588],[-2.71718,54.24604],[-2.7177,54.24624],[-2.71835,54.24635],[-2.7199,54.24629],[-2.72084,54.24633],[-2.72167,54.24661],[-2.72442,54.24785],[-2.725,54.24805],[-2.72802,54.24869],[-2.72999,54.24874],[-2.73033,54.24883],[-2.73097,54.24921],[-2.73113,54.24947],[-2.73117,54.24968],[-2.73118,54.25052],[-2.73138,54.25142],[-2.73151,54.25176],[-2.7318,54.25214],[-2.73195,54.2527],[-2.73186,54.25294],[-2.73143,54.2536],[-2.73102,54.25453],[-2.73094,54.25483],[-2.7308,54.25621],[-2.73069,54.25656],[-2.72925,54.25814],[-2.72887,54.25876],[-2.72885,54.25894],[-2.72892,54.25921],[-2.72919,54.25944],[-2.73177,54.26067],[-2.7322,54.2611],[-2.73279,54.2619],[-2.73296,54.26201],[-2.73349,54.26212],[-2.73782,54.26225],[-2.73993,54.26226],[-2.74087,54.26218],[-2.74135,54.26202],[-2.74168,54.26183],[-2.74287,54.26081],[-2.74313,54.26068],[-2.74461,54.26019],[-2.74683,54.25963],[-2.75531,54.25902],[-2.75569,54.25905],[-2.75582,54.25913],[-2.75593,54.25927],[-2.75601,54.25963],[-2.75607,54.26157],[-2.75649,54.26648],[-2.75687,54.2676],[-2.75714,54.26814],[-2.75724,54.26899],[-2.75745,54.26976],[-2.75654,54.27008],[-2.75563,54.27064],[-2.75509,54.27111],[-2.75364,54.2726],[-2.75277,54.27337],[-2.7512,54.27421],[-2.75046,54.27484],[-2.74722,54.27803],[-2.74684,54.27853],[-2.74658,54.2791],[-2.7465,54.27937],[-2.74649,54.27988],[-2.74659,54.28049],[-2.74679,54.28112],[-2.74684,54.28322],[-2.74701,54.28393],[-2.74678,54.2846],[-2.74678,54.28494],[-2.7469,54.28533],[-2.74765,54.2864],[-2.74771,54.28672],[-2.74749,54.2875],[-2.74712,54.28821],[-2.74636,54.28933],[-2.74632,54.2895],[-2.74638,54.28982],[-2.74692,54.29044],[-2.74703,54.29085],[-2.74698,54.29124],[-2.74652,54.29242],[-2.74639,54.29305],[-2.74644,54.29332],[-2.74682,54.29384],[-2.74747,54.29437],[-2.74876,54.29526],[-2.74903,54.29562],[-2.74905,54.29603],[-2.74881,54.29654],[-2.74864,54.29675],[-2.74815,54.29727],[-2.74718,54.29811],[-2.74631,54.29904],[-2.74593,54.29958],[-2.74567,54.30017],[-2.74554,54.30079],[-2.74556,54.30127],[-2.74599,54.3024],[-2.7465,54.3033],[-2.74651,54.30363],[-2.74636,54.30403],[-2.74623,54.30422],[-2.74578,54.30462],[-2.74444,54.30553],[-2.74367,54.30614],[-2.74291,54.30685],[-2.74213,54.30794],[-2.74185,54.30903],[-2.74135,54.31033],[-2.7394,54.31191],[-2.73865,54.31264],[-2.7377,54.31394],[-2.73745,54.31445],[-2.73747,54.31467],[-2.73776,54.31544],[-2.73873,54.31782],[-2.73921,54.31947],[-2.7396,54.31991],[-2.74072,54.32055],[-2.7416,54.32115],[-2.74174,54.32133],[-2.74177,54.32156],[-2.74157,54.32239],[-2.74131,54.32416],[-2.74115,54.32474],[-2.74083,54.32544],[-2.73973,54.327]]]}},{"type":"Feature","properties":{"NAME":"Leigh Branch (L&L Canal)"},"geometry":{"type":"LineString","coordinates":[[-2.62955,53.53915],[-2.63002,53.5387],[-2.63113,53.53804],[-2.63247,53.53777],[-2.63289,53.53762],[-2.63402,53.5369],[-2.63517,53.53629],[-2.63607,53.53576],[-2.63633,53.53554],[-2.63704,53.53516],[-2.63748,53.53474],[-2.63757,53.53452],[-2.6375,53.5341],[-2.63731,53.53381],[-2.63505,53.53211],[-2.63339,53.5302],[-2.63023,53.52492],[-2.63004,53.5245],[-2.62997,53.52398],[-2.63013,53.52279],[-2.63045,53.52156],[-2.63047,53.5211],[-2.63038,53.52071],[-2.63012,53.5203],[-2.62984,53.52007],[-2.62927,53.51981],[-2.62658,53.51925],[-2.62581,53.51903],[-2.62323,53.51781],[-2.62181,53.5173],[-2.62025,53.51694],[-2.61709,53.51649],[-2.61467,53.51607],[-2.60759,53.51467],[-2.60578,53.51416],[-2.60368,53.51328],[-2.60313,53.51296],[-2.6019,53.51208],[-2.59939,53.5101],[-2.59831,53.50909],[-2.5964,53.50689],[-2.59627,53.50657],[-2.59611,53.50551],[-2.59595,53.50494],[-2.59487,53.50333],[-2.59233,53.50086],[-2.59145,53.50016],[-2.59071,53.49974],[-2.59,53.49951],[-2.58857,53.49923],[-2.58796,53.49905],[-2.58598,53.49817],[-2.58387,53.49714],[-2.58129,53.49638],[-2.57936,53.49552],[-2.57754,53.49495],[-2.57544,53.49444],[-2.57303,53.49394],[-2.57147,53.49372],[-2.56979,53.49324],[-2.56892,53.49308],[-2.56804,53.49305],[-2.56629,53.49321],[-2.56354,53.49334],[-2.56148,53.49367],[-2.5604,53.49361],[-2.55946,53.49336],[-2.55622,53.49203],[-2.5551,53.49169],[-2.55403,53.49153],[-2.55043,53.49166],[-2.54771,53.49154],[-2.54647,53.49168],[-2.54552,53.49191],[-2.54248,53.49303],[-2.54183,53.49319],[-2.54107,53.49329],[-2.53896,53.49325],[-2.53755,53.49351],[-2.53656,53.49392],[-2.5342,53.49539],[-2.53321,53.49574],[-2.53245,53.49584],[-2.53041,53.49574],[-2.52911,53.49549],[-2.52784,53.49509],[-2.52595,53.49461],[-2.52349,53.49441],[-2.52223,53.49422],[-2.52096,53.4939],[-2.51937,53.49365]]}},{"type":"Feature","properties":{"NAME":"Glasson Branch (Lancaster Canal)"},"geometry":{"type":"LineString","coordinates":[[-2.79214,53.98414],[-2.79772,53.9826],[-2.80102,53.98175],[-2.80189,53.9816],[-2.80343,53.98152],[-2.80557,53.98164],[-2.80673,53.98181],[-2.80832,53.98226],[-2.8098,53.98279],[-2.81186,53.98371],[-2.8135,53.98454],[-2.81478,53.98543],[-2.81656,53.98734],[-2.81771,53.98839],[-2.8202,53.99037],[-2.82104,53.99096],[-2.82216,53.99148],[-2.82304,53.99174],[-2.84095,53.99581],[-2.84121,53.99581],[-2.84392,53.99646],[-2.84467,53.99657],[-2.84707,53.99736],[-2.84769,53.99763],[-2.84808,53.99795]]}},{"type":"Feature","properties":{"NAME":"Limehouse Cut"},"geometry":{"type":"LineString","coordinates":[[-0.00812,51.52384],[-0.00916,51.52229],[-0.01087,51.52129],[-0.01161,51.52069],[-0.0314,51.51257],[-0.03206,51.51209],[-0.03287,51.5109],[-0.03305,51.51075],[-0.03369,51.51061],[-0.03438,51.51096]]}},{"type":"Feature","properties":{"NAME":"Leeds & Liverpool Canal"},"geometry":{"type":"MultiLineString","coordinates":[[[-2.99102,53.41934],[-2.99083,53.41996],[-2.99096,53.42098],[-2.99015,53.42211]],[[-2.99649,53.42173],[-2.99015,53.42211]],[[-2.99015,53.42211],[-2.98981,53.42245],[-2.98955,53.42305],[-2.98957,53.42453],[-2.98887,53.42689],[-2.98889,53.42794],[-2.98827,53.43004],[-2.9885,53.43264],[-2.98888,53.43417],[-2.98925,53.43479],[-2.98981,53.43542],[-2.99205,53.4371],[-2.99324,53.43827],[-2.99465,53.44054],[-2.99601,53.44188],[-2.99642,53.4425],[-2.99775,53.44527],[-2.99852,53.44641],[-2.99862,53.44673],[-2.99861,53.44714],[-2.9984,53.44767],[-2.9981,53.44801],[-2.99745,53.44852],[-2.99688,53.44882],[-2.99131,53.45045],[-2.9902,53.45082],[-2.98988,53.45099],[-2.98915,53.45152],[-2.98791,53.45272],[-2.98607,53.45429],[-2.98572,53.45478],[-2.98566,53.45506],[-2.98568,53.45541],[-2.98583,53.45587],[-2.98715,53.45862],[-2.98797,53.45991],[-2.98856,53.4605],[-2.98967,53.46121],[-2.99098,53.4619],[-2.99146,53.46231],[-2.99197,53.46304],[-2.99248,53.46349],[-2.99691,53.4663],[-2.99732,53.46676],[-2.99794,53.46785],[-2.99844,53.46824],[-2.99975,53.46897],[-3.00274,53.46988],[-3.00425,53.47063],[-3.00637,53.47194],[-3.00733,53.47261],[-3.00865,53.47392],[-3.00894,53.47439],[-3.00901,53.47461],[-3.00901,53.47501],[-3.00887,53.47586],[-3.00831,53.47696],[-3.00801,53.47786],[-3.00704,53.47941],[-3.00641,53.48003],[-3.00515,53.48069],[-3.00438,53.4812],[-3.00379,53.4816],[-3.00294,53.48236],[-3.00249,53.48283],[-3.00205,53.48353],[-3.00164,53.48434],[-3.00109,53.48501],[-3.00038,53.48556],[-2.99999,53.48577],[-2.99929,53.486],[-2.99863,53.48609],[-2.99611,53.48605],[-2.99377,53.48579],[-2.99101,53.48587],[-2.98875,53.48558],[-2.98496,53.4858],[-2.98416,53.4859],[-2.9834,53.48609],[-2.98272,53.48644],[-2.97998,53.48861],[-2.97969,53.489],[-2.9784,53.4914],[-2.97805,53.49177],[-2.97736,53.49213],[-2.97632,53.49255],[-2.97564,53.49266],[-2.97478,53.49263],[-2.97297,53.49231],[-2.97011,53.4921],[-2.9687,53.49183],[-2.96674,53.49132],[-2.96441,53.49054],[-2.96246,53.48974],[-2.96189,53.48941],[-2.96136,53.48901],[-2.95949,53.48713],[-2.95823,53.48647],[-2.95643,53.48565],[-2.95408,53.48514],[-2.9516,53.48482],[-2.95066,53.4845],[-2.94797,53.48304],[-2.94698,53.48221],[-2.9457,53.48172],[-2.94487,53.48118],[-2.94431,53.48094],[-2.94022,53.47996],[-2.93492,53.47832],[-2.93172,53.47753],[-2.93046,53.47726],[-2.92579,53.47657],[-2.92514,53.47659],[-2.92453,53.47671],[-2.92376,53.47709],[-2.91713,53.4828],[-2.91609,53.48377],[-2.91581,53.48409],[-2.91564,53.48442],[-2.91558,53.48467],[-2.91564,53.48512],[-2.91602,53.48619],[-2.91734,53.48741],[-2.91846,53.48887],[-2.91877,53.48917],[-2.9195,53.48962],[-2.92027,53.48997],[-2.9223,53.49043],[-2.92355,53.49088],[-2.92514,53.49194],[-2.92594,53.4924],[-2.92624,53.49269],[-2.92719,53.49423],[-2.92805,53.49548],[-2.9288,53.49688],[-2.92931,53.49952],[-2.9289,53.5006],[-2.92881,53.50113],[-2.92885,53.50147],[-2.92927,53.50225],[-2.92968,53.50279],[-2.93295,53.50458],[-2.93409,53.50552],[-2.93441,53.50567],[-2.93635,53.50621],[-2.93744,53.50674],[-2.93852,53.50759],[-2.93882,53.50802],[-2.93938,53.5086],[-2.94,53.50901],[-2.94074,53.50923],[-2.94222,53.50917],[-2.94271,53.50921],[-2.94344,53.50942],[-2.94391,53.50963],[-2.94448,53.51003],[-2.94474,53.51036],[-2.94489,53.51087],[-2.9446,53.51178],[-2.94468,53.51234],[-2.9458,53.51446],[-2.94668,53.51533],[-2.94713,53.51615],[-2.94776,53.51916],[-2.94812,53.52055],[-2.94888,53.52201],[-2.94936,53.52276],[-2.94982,53.52322],[-2.95107,53.52372],[-2.95347,53.52503],[-2.95375,53.5253],[-2.95462,53.52646],[-2.95586,53.52742],[-2.95731,53.52875],[-2.95769,53.52922],[-2.9583,53.53021],[-2.9584,53.53067],[-2.95824,53.53115],[-2.95772,53.53187],[-2.95714,53.53293],[-2.95638,53.53382],[-2.95531,53.53463],[-2.95448,53.53503],[-2.95305,53.53538],[-2.95206,53.53555],[-2.95094,53.53605],[-2.95042,53.53644],[-2.94964,53.53742],[-2.94915,53.53784],[-2.94482,53.5402],[-2.94432,53.54078],[-2.94335,53.54242],[-2.94324,53.54281],[-2.94329,53.54317],[-2.94385,53.54374],[-2.94728,53.54613],[-2.95006,53.54781],[-2.95253,53.54991],[-2.95321,53.55042],[-2.9549,53.55135],[-2.95586,53.552],[-2.95764,53.55274],[-2.95794,53.55296],[-2.9585,53.55378],[-2.95879,53.55406],[-2.96097,53.55515],[-2.96345,53.5567],[-2.96473,53.5576],[-2.96665,53.55904],[-2.96741,53.55971],[-2.96786,53.56025],[-2.96819,53.56113],[-2.96809,53.56152],[-2.96751,53.56261],[-2.96742,53.56354],[-2.96712,53.56394],[-2.96656,53.56418],[-2.96531,53.56434],[-2.96457,53.5645],[-2.96333,53.56512],[-2.96141,53.5656],[-2.96099,53.56574],[-2.96078,53.5659],[-2.95707,53.57042],[-2.95341,53.57455],[-2.95149,53.57684],[-2.95041,53.57784],[-2.94706,53.58041],[-2.94543,53.582],[-2.94472,53.58307],[-2.943,53.58509],[-2.94136,53.5874],[-2.94001,53.58914],[-2.93957,53.58962],[-2.93866,53.59045],[-2.93591,53.5925],[-2.93495,53.59313],[-2.9322,53.59557],[-2.92892,53.59812],[-2.92801,53.59865],[-2.92684,53.59902],[-2.92568,53.59909],[-2.92344,53.59906],[-2.92066,53.59916],[-2.91508,53.5995],[-2.91318,53.59985],[-2.91005,53.60072],[-2.9091,53.6009],[-2.90583,53.60079],[-2.90288,53.60009],[-2.90189,53.6],[-2.89863,53.60003],[-2.89692,53.6002],[-2.89615,53.60038],[-2.89409,53.60105],[-2.89231,53.60179],[-2.89205,53.60202],[-2.89185,53.60262],[-2.8917,53.60284],[-2.89069,53.60336],[-2.88524,53.60471],[-2.88436,53.60485],[-2.88397,53.60485],[-2.88333,53.60472],[-2.88201,53.60429],[-2.88121,53.60428],[-2.88042,53.60451],[-2.8777,53.60599],[-2.87706,53.60629],[-2.87656,53.60641],[-2.87584,53.60645],[-2.87411,53.60632],[-2.87084,53.60653],[-2.86948,53.60687],[-2.86598,53.6069],[-2.86471,53.60666],[-2.86399,53.60638],[-2.86282,53.60574],[-2.86224,53.60552],[-2.86114,53.60536],[-2.86067,53.60521],[-2.85924,53.60431],[-2.85834,53.60388],[-2.8572,53.603],[-2.85615,53.60274],[-2.85437,53.60258],[-2.85371,53.60265],[-2.85275,53.60287],[-2.85224,53.60289],[-2.85003,53.60262],[-2.8487,53.60273],[-2.84348,53.60269],[-2.84273,53.60257],[-2.83985,53.60187],[-2.8381,53.60114],[-2.83484,53.5992],[-2.83392,53.59836],[-2.83254,53.59775],[-2.83186,53.59736],[-2.83109,53.59686],[-2.82989,53.59563],[-2.82945,53.59524],[-2.82895,53.59492],[-2.8253,53.59409],[-2.82234,53.59353],[-2.82142,53.59322],[-2.81887,53.59208],[-2.81808,53.59189],[-2.81308,53.59176],[-2.81168,53.59183],[-2.8111,53.5918],[-2.81016,53.59162],[-2.80928,53.59132],[-2.80877,53.59105],[-2.80814,53.5905],[-2.80708,53.58934],[-2.80644,53.58905],[-2.80593,53.58892],[-2.80514,53.58893],[-2.80462,53.58902],[-2.8036,53.58926],[-2.80295,53.58949],[-2.80241,53.58981],[-2.80152,53.59089],[-2.80101,53.59131],[-2.79916,53.59222],[-2.79738,53.5929],[-2.79625,53.5932],[-2.79514,53.59337],[-2.79352,53.59346],[-2.79198,53.59342],[-2.79115,53.5933],[-2.7897,53.59296],[-2.78822,53.59235],[-2.78662,53.59215],[-2.7837,53.59081],[-2.78059,53.5896],[-2.77949,53.58929],[-2.77878,53.58922],[-2.77781,53.58923],[-2.77623,53.5888],[-2.77509,53.58862],[-2.77411,53.58855],[-2.77035,53.58868],[-2.76868,53.58896],[-2.76802,53.5893],[-2.76764,53.58935],[-2.76513,53.58784],[-2.76405,53.58743],[-2.76265,53.58705],[-2.7588,53.58623],[-2.75661,53.58569],[-2.754,53.58553],[-2.75231,53.58529],[-2.75139,53.58526],[-2.74945,53.58533],[-2.748,53.58511],[-2.74745,53.58498],[-2.74556,53.58412],[-2.7446,53.58386],[-2.7415,53.58349],[-2.73997,53.58324],[-2.73757,53.583],[-2.73694,53.58275],[-2.73585,53.58213],[-2.73534,53.58192],[-2.7339,53.58151]],[[-2.63984,53.54183],[-2.63961,53.54178],[-2.6379,53.54062],[-2.63679,53.54022],[-2.63486,53.53988],[-2.63151,53.53959],[-2.62955,53.53915],[-2.62818,53.53896],[-2.62697,53.53927],[-2.62668,53.53942],[-2.62464,53.54007],[-2.62302,53.54066],[-2.62111,53.54151],[-2.62008,53.54184],[-2.61802,53.54223],[-2.61554,53.54247],[-2.61283,53.54299],[-2.61094,53.54343],[-2.61025,53.54376],[-2.60944,53.54426],[-2.60886,53.54483],[-2.60855,53.54525],[-2.60841,53.54534],[-2.60649,53.5484],[-2.60626,53.54869],[-2.60553,53.54926],[-2.60312,53.55059],[-2.6023,53.55089],[-2.60014,53.55149],[-2.59891,53.55201],[-2.59791,53.55266],[-2.59561,53.5544],[-2.59266,53.55632],[-2.59439,53.55753],[-2.59487,53.55775],[-2.60052,53.55985],[-2.60084,53.56003],[-2.60121,53.56014],[-2.60292,53.56036],[-2.60393,53.56067],[-2.60498,53.56129],[-2.60572,53.56193],[-2.60694,53.56241],[-2.60779,53.56295],[-2.611,53.56454],[-2.61144,53.56495],[-2.61199,53.5659],[-2.61251,53.56636],[-2.61487,53.56819],[-2.6163,53.56876],[-2.61661,53.56903],[-2.61703,53.56954],[-2.61891,53.57095],[-2.6192,53.57139],[-2.61938,53.57209],[-2.62031,53.57327],[-2.62071,53.57401],[-2.62151,53.57448],[-2.62249,53.57539],[-2.62345,53.57598],[-2.62371,53.57622],[-2.62406,53.57687],[-2.62441,53.57721],[-2.6249,53.57755],[-2.62823,53.57918],[-2.62853,53.57938],[-2.6287,53.57957],[-2.62889,53.57996],[-2.62934,53.58166],[-2.62979,53.58223],[-2.62985,53.58244],[-2.62977,53.58298],[-2.62951,53.58336],[-2.62847,53.58397],[-2.62814,53.58451],[-2.62796,53.58494],[-2.62625,53.58668],[-2.62515,53.58796],[-2.62429,53.58857],[-2.6233,53.58911],[-2.62208,53.58952],[-2.62171,53.58974],[-2.62163,53.59],[-2.62187,53.59046],[-2.62192,53.59087],[-2.62171,53.59179],[-2.62153,53.59227],[-2.62118,53.59276],[-2.62075,53.59301],[-2.61996,53.59326],[-2.61831,53.59367],[-2.61704,53.5939],[-2.61644,53.59407],[-2.61603,53.59432],[-2.61579,53.5947],[-2.6154,53.59585],[-2.61476,53.59688],[-2.6146,53.59724],[-2.61438,53.59815],[-2.61425,53.59953],[-2.61413,53.6],[-2.61414,53.60039],[-2.61311,53.6023],[-2.61289,53.60256],[-2.61213,53.60324],[-2.60836,53.60552],[-2.60766,53.60574],[-2.60637,53.60595],[-2.60617,53.60605],[-2.60609,53.60621],[-2.60621,53.60657],[-2.60653,53.60715],[-2.60712,53.60781],[-2.60741,53.60824],[-2.60781,53.60921],[-2.60784,53.60944],[-2.60777,53.60973],[-2.60718,53.61176],[-2.60694,53.61207],[-2.60699,53.61238],[-2.60703,53.61248],[-2.60716,53.61255],[-2.60738,53.61335],[-2.60774,53.61387],[-2.60799,53.61415],[-2.60827,53.61434],[-2.60895,53.61461],[-2.60954,53.61475],[-2.61132,53.61499],[-2.61258,53.61526],[-2.61331,53.61579],[-2.61448,53.61633],[-2.61462,53.61649],[-2.61481,53.61698],[-2.61474,53.6173],[-2.61455,53.61764],[-2.61352,53.61929],[-2.61329,53.61952],[-2.6128,53.61975],[-2.61175,53.61982],[-2.61153,53.61995],[-2.61145,53.62012],[-2.61243,53.62215],[-2.61245,53.62263],[-2.61226,53.62357],[-2.61216,53.62373],[-2.61171,53.62526],[-2.61131,53.62606],[-2.61069,53.62689],[-2.61063,53.62747],[-2.61083,53.63013],[-2.61132,53.63193],[-2.61124,53.63325],[-2.61125,53.63442],[-2.61195,53.63546],[-2.6128,53.63577],[-2.61381,53.63603],[-2.61416,53.63619],[-2.61465,53.63668],[-2.61475,53.63704],[-2.61464,53.6373],[-2.61447,53.63748],[-2.61427,53.63757],[-2.61415,53.6378],[-2.61358,53.63846],[-2.61335,53.63893],[-2.6133,53.63954],[-2.6134,53.64012],[-2.61356,53.64056],[-2.61353,53.64098],[-2.61337,53.64136],[-2.61286,53.64214],[-2.61274,53.64282],[-2.61277,53.64319],[-2.61272,53.64339],[-2.61231,53.64403],[-2.61164,53.6448],[-2.61153,53.6451],[-2.61154,53.64532],[-2.61198,53.64613],[-2.61189,53.6468],[-2.61204,53.64729],[-2.61199,53.64757],[-2.61146,53.64881],[-2.61108,53.64946],[-2.61047,53.65029],[-2.61042,53.65058],[-2.61061,53.65089],[-2.61107,53.65114],[-2.6115,53.6512],[-2.61262,53.6512],[-2.61309,53.65132],[-2.61341,53.65157],[-2.61365,53.65203],[-2.61359,53.65285],[-2.6138,53.6543],[-2.61373,53.65568],[-2.61386,53.65604],[-2.61444,53.65708],[-2.6146,53.65831],[-2.61432,53.65949],[-2.61405,53.66111],[-2.61446,53.66249],[-2.61473,53.66309],[-2.61505,53.66343],[-2.61595,53.664],[-2.61616,53.66424],[-2.61722,53.6648],[-2.61884,53.666],[-2.6197,53.66701],[-2.62026,53.668],[-2.6205,53.66866],[-2.62065,53.66963],[-2.62058,53.67037],[-2.62036,53.671],[-2.61967,53.67232],[-2.61957,53.67276],[-2.61961,53.6731],[-2.61996,53.67404],[-2.62026,53.67429],[-2.6205,53.67484],[-2.62062,53.67547],[-2.62064,53.67676],[-2.62035,53.67833],[-2.62038,53.67889],[-2.6202,53.6801],[-2.62023,53.68078],[-2.62016,53.68096],[-2.62062,53.68165],[-2.6211,53.68211],[-2.62121,53.68231],[-2.62094,53.68277],[-2.61999,53.68382],[-2.6193,53.68487],[-2.6184,53.68532],[-2.61665,53.68585],[-2.61651,53.68596],[-2.61148,53.68756],[-2.60713,53.68867],[-2.60619,53.68902],[-2.6057,53.68928],[-2.60547,53.68959],[-2.60531,53.6902],[-2.60496,53.691],[-2.60495,53.69134],[-2.60515,53.69226],[-2.60513,53.69287],[-2.60433,53.69414],[-2.60366,53.69552],[-2.60321,53.69622],[-2.6027,53.6968],[-2.60208,53.69723],[-2.601,53.69777],[-2.59814,53.69865],[-2.59795,53.6988],[-2.5972,53.69912],[-2.59604,53.69978],[-2.59483,53.70033],[-2.59438,53.7006],[-2.5928,53.70191],[-2.59073,53.70396],[-2.58899,53.70526],[-2.58855,53.70568],[-2.58814,53.70617],[-2.58799,53.70652],[-2.5877,53.70797],[-2.58665,53.70885],[-2.58564,53.70988],[-2.58528,53.71018],[-2.58398,53.71103],[-2.58332,53.71181],[-2.58276,53.71235],[-2.58132,53.71348],[-2.57889,53.71521],[-2.57761,53.71644],[-2.57698,53.71693],[-2.57621,53.71728],[-2.57424,53.71779],[-2.57367,53.71814],[-2.5727,53.71912],[-2.57258,53.71934],[-2.57233,53.72019],[-2.57209,53.72047],[-2.57185,53.72063],[-2.57083,53.72105],[-2.57033,53.72114],[-2.56989,53.72113],[-2.56846,53.72083],[-2.5664,53.7206],[-2.56423,53.71988],[-2.56156,53.71935],[-2.55996,53.71874],[-2.55918,53.71857],[-2.5563,53.71853],[-2.55381,53.71887],[-2.55263,53.71894],[-2.5516,53.71876],[-2.55059,53.71831],[-2.54974,53.71812],[-2.54923,53.71814],[-2.54877,53.71826],[-2.54711,53.71901],[-2.54658,53.71918],[-2.54513,53.71944],[-2.54399,53.71944],[-2.54331,53.71929],[-2.5427,53.71892],[-2.54246,53.71863],[-2.54175,53.71726],[-2.54117,53.71654],[-2.54077,53.71626],[-2.53998,53.71606],[-2.53911,53.71602],[-2.53762,53.71603],[-2.537,53.71617],[-2.53573,53.71733],[-2.53465,53.71849],[-2.53431,53.71901],[-2.53426,53.71922],[-2.53422,53.71952],[-2.53468,53.72069],[-2.53474,53.72098],[-2.53479,53.72251],[-2.53485,53.72282],[-2.53554,53.72386],[-2.53551,53.72419],[-2.53536,53.72438],[-2.53506,53.7246],[-2.53406,53.72509],[-2.53299,53.72551],[-2.53191,53.7257],[-2.53034,53.72581],[-2.52922,53.72608],[-2.52891,53.72629],[-2.52837,53.72692],[-2.52559,53.72838],[-2.52262,53.72921],[-2.52206,53.72951],[-2.52137,53.73007],[-2.52049,53.73113],[-2.51982,53.73164],[-2.5191,53.73201],[-2.51783,53.73239],[-2.51615,53.73281],[-2.51539,53.73294],[-2.51152,53.73286],[-2.50937,53.73305],[-2.50793,53.73309],[-2.50558,53.73276],[-2.50478,53.73259],[-2.50285,53.73174],[-2.50208,53.73148],[-2.50101,53.73124],[-2.50032,53.73117],[-2.49919,53.73118],[-2.49724,53.73141],[-2.49641,53.73162],[-2.49186,53.73397],[-2.49171,53.73415],[-2.49153,53.73468],[-2.49134,53.73498],[-2.48989,53.73644],[-2.48897,53.73747],[-2.4886,53.73773],[-2.48834,53.73782],[-2.48739,53.73779],[-2.48481,53.73797],[-2.48431,53.73808],[-2.48384,53.73837],[-2.48333,53.73921],[-2.48271,53.73957],[-2.48224,53.73972],[-2.47948,53.74006],[-2.47908,53.74019],[-2.4779,53.74041],[-2.47451,53.74168],[-2.47411,53.74192],[-2.47387,53.74218],[-2.47377,53.74242],[-2.47369,53.74287],[-2.47374,53.7431],[-2.47396,53.74335],[-2.47479,53.74389],[-2.47665,53.74481],[-2.47692,53.74511],[-2.47701,53.74537],[-2.47697,53.74565],[-2.47679,53.74598],[-2.47652,53.7463],[-2.4756,53.74713],[-2.47516,53.748],[-2.47464,53.7484],[-2.47412,53.74867],[-2.47358,53.74883],[-2.47181,53.74909],[-2.4709,53.74947],[-2.47031,53.74963],[-2.46979,53.74969],[-2.46854,53.74968],[-2.46776,53.74977],[-2.46729,53.74993],[-2.46694,53.75016],[-2.46679,53.75038],[-2.46675,53.75089],[-2.46663,53.75126],[-2.46625,53.75171],[-2.46588,53.75203],[-2.46554,53.75223],[-2.46446,53.75258],[-2.46413,53.75279],[-2.46337,53.75345],[-2.463,53.75368],[-2.46256,53.75383],[-2.46187,53.75379],[-2.46133,53.75358],[-2.45964,53.75224],[-2.45906,53.75189],[-2.45854,53.75173],[-2.45773,53.75168],[-2.45662,53.75189],[-2.45604,53.75228],[-2.45548,53.75283],[-2.45412,53.75359],[-2.45316,53.75426],[-2.45279,53.75436],[-2.45218,53.75441],[-2.45034,53.7544],[-2.44912,53.75429],[-2.44847,53.75436],[-2.44779,53.75458],[-2.44728,53.75493],[-2.44652,53.7556],[-2.44527,53.75645],[-2.44371,53.75807],[-2.44359,53.75837],[-2.4436,53.75861],[-2.44374,53.75884],[-2.44398,53.75903],[-2.44726,53.76058],[-2.44852,53.76143],[-2.44926,53.76228],[-2.44951,53.76273],[-2.44972,53.76335],[-2.4497,53.76351],[-2.44962,53.76358],[-2.44962,53.76379],[-2.44826,53.76558],[-2.44774,53.76608],[-2.44668,53.76681],[-2.44347,53.76868],[-2.44185,53.7693],[-2.44047,53.76957],[-2.43925,53.76958],[-2.43823,53.76945],[-2.43582,53.76892],[-2.43509,53.7689],[-2.43455,53.76899],[-2.43395,53.76922],[-2.43164,53.77032],[-2.43114,53.77047],[-2.43036,53.77059],[-2.42747,53.77076],[-2.42496,53.77105],[-2.42366,53.77127],[-2.42277,53.77159],[-2.42073,53.77249],[-2.41767,53.77315],[-2.41653,53.77336],[-2.41602,53.77339],[-2.41492,53.77325],[-2.41416,53.77297],[-2.41362,53.77257],[-2.41338,53.77225],[-2.41316,53.77175],[-2.41309,53.771],[-2.41329,53.77007],[-2.4131,53.76945],[-2.41248,53.76871],[-2.41136,53.76767],[-2.40998,53.76583],[-2.40991,53.76541],[-2.41002,53.76468],[-2.41,53.76446],[-2.40968,53.76381],[-2.40915,53.76338],[-2.40833,53.76288],[-2.40772,53.76272],[-2.40719,53.76241],[-2.40571,53.76107],[-2.4057,53.76091],[-2.40514,53.76055],[-2.40488,53.76025],[-2.40472,53.75969],[-2.40462,53.75776],[-2.40378,53.75691],[-2.40361,53.75663],[-2.40349,53.75623],[-2.40348,53.7559],[-2.40373,53.75507],[-2.40374,53.75426],[-2.40393,53.75391],[-2.40432,53.75366],[-2.40485,53.75352],[-2.40561,53.75345],[-2.40614,53.75322],[-2.40647,53.7528],[-2.40649,53.75259],[-2.40628,53.7523],[-2.4054,53.75199],[-2.40504,53.7518],[-2.40467,53.75148],[-2.40427,53.75101],[-2.40396,53.75082],[-2.40338,53.75064],[-2.40291,53.75063],[-2.40238,53.75072],[-2.40167,53.75095],[-2.40018,53.75159],[-2.39897,53.75221],[-2.39842,53.7524],[-2.39754,53.75249],[-2.39701,53.75244],[-2.3962,53.75217],[-2.39566,53.75191],[-2.3949,53.7518],[-2.39434,53.75193],[-2.39325,53.75232],[-2.39243,53.75263],[-2.39205,53.75286],[-2.39357,53.75568],[-2.39397,53.75597],[-2.3949,53.75645],[-2.3954,53.75683],[-2.39559,53.75708],[-2.39564,53.75731],[-2.39578,53.75751],[-2.39578,53.7577],[-2.39569,53.75788],[-2.39537,53.75812],[-2.3941,53.7584],[-2.39307,53.75898],[-2.39242,53.75916],[-2.39078,53.75928],[-2.3897,53.75892],[-2.3892,53.75886],[-2.38852,53.75895],[-2.38801,53.75924],[-2.38768,53.75967],[-2.38724,53.76056],[-2.38727,53.76138],[-2.38746,53.7619],[-2.38788,53.76254],[-2.38815,53.76276],[-2.38917,53.76333],[-2.38936,53.76358],[-2.38937,53.76384],[-2.38914,53.76417],[-2.38838,53.76459],[-2.38603,53.76532],[-2.38499,53.76578],[-2.38459,53.76611],[-2.38404,53.76699],[-2.38336,53.76772],[-2.38312,53.7682],[-2.38312,53.76852],[-2.3836,53.76956],[-2.38368,53.7699],[-2.38387,53.77025],[-2.38449,53.77096],[-2.38456,53.7713],[-2.38439,53.77202],[-2.38415,53.77247],[-2.38364,53.7731],[-2.38347,53.77362],[-2.38319,53.77394],[-2.38261,53.77418],[-2.38206,53.77453],[-2.38107,53.77568],[-2.38011,53.77615],[-2.37876,53.77696],[-2.37813,53.7772],[-2.37678,53.77749],[-2.37498,53.77813],[-2.37409,53.77822],[-2.37345,53.77818],[-2.37169,53.77788],[-2.37108,53.77769],[-2.37059,53.77764],[-2.36918,53.77783],[-2.36679,53.77854],[-2.36491,53.77869],[-2.36339,53.77915],[-2.35937,53.77945],[-2.35868,53.77938],[-2.35795,53.7791],[-2.35759,53.77879],[-2.35722,53.77824],[-2.35694,53.77799],[-2.35513,53.77715],[-2.35463,53.77719],[-2.35326,53.77778],[-2.35266,53.7779],[-2.35105,53.77789],[-2.3503,53.77797],[-2.34845,53.778],[-2.34811,53.77809],[-2.34786,53.77831],[-2.34755,53.77873],[-2.34736,53.77932],[-2.34738,53.77947],[-2.34751,53.77967],[-2.348,53.78012],[-2.34801,53.78028],[-2.34792,53.78047],[-2.34703,53.78131],[-2.34646,53.78175],[-2.34578,53.7822],[-2.34412,53.78312],[-2.34357,53.78318],[-2.34208,53.78309],[-2.34091,53.7832],[-2.34013,53.78311],[-2.3396,53.78293],[-2.33892,53.78257],[-2.33674,53.7812],[-2.33624,53.78107],[-2.33553,53.78106],[-2.33318,53.78182],[-2.3302,53.78223],[-2.32989,53.78245],[-2.32972,53.78276],[-2.32986,53.78354],[-2.32983,53.78377],[-2.3297,53.78402],[-2.32941,53.78422],[-2.32874,53.78451],[-2.3278,53.78473],[-2.3263,53.7847],[-2.3257,53.7845],[-2.32494,53.78383],[-2.32461,53.78299],[-2.32432,53.78266],[-2.32354,53.78194],[-2.32304,53.78172],[-2.32216,53.78186],[-2.32111,53.78267],[-2.3208,53.78333],[-2.32043,53.78367],[-2.31963,53.78409],[-2.31847,53.78448],[-2.31663,53.78453],[-2.31468,53.78447],[-2.3115,53.78337],[-2.31083,53.78324],[-2.30954,53.78351],[-2.3087,53.78345],[-2.30807,53.78349],[-2.3049,53.78401],[-2.3023,53.78474],[-2.30144,53.78537],[-2.30115,53.7855],[-2.29768,53.78623],[-2.29716,53.78619],[-2.2968,53.78608],[-2.29606,53.78565],[-2.29556,53.78517],[-2.29505,53.78485],[-2.29236,53.78378],[-2.29186,53.78368],[-2.28963,53.78379],[-2.28937,53.78386],[-2.28922,53.78411],[-2.28931,53.7853],[-2.28914,53.78568],[-2.28862,53.78644],[-2.2884,53.78754],[-2.28762,53.78798],[-2.28557,53.78889],[-2.28456,53.7891],[-2.28335,53.78964],[-2.28169,53.79011],[-2.28103,53.79023],[-2.28046,53.79059],[-2.27976,53.79073],[-2.27704,53.79051],[-2.27568,53.79048],[-2.27519,53.79035],[-2.27469,53.79003],[-2.27399,53.78979],[-2.27255,53.78955],[-2.27165,53.78962],[-2.27081,53.78957],[-2.27019,53.78942],[-2.26938,53.78909],[-2.26825,53.78896],[-2.26798,53.78908],[-2.2629,53.79297],[-2.26201,53.79393],[-2.26084,53.79456],[-2.26032,53.79467],[-2.25986,53.79462],[-2.25942,53.79444],[-2.25908,53.79421],[-2.25858,53.79364],[-2.25839,53.79352],[-2.25725,53.79314],[-2.25645,53.79261],[-2.25619,53.79228],[-2.25614,53.79194],[-2.25626,53.79172],[-2.25678,53.79133],[-2.25684,53.79101],[-2.25671,53.79083],[-2.25568,53.79015],[-2.25515,53.78994],[-2.25354,53.7898],[-2.25272,53.78955],[-2.25062,53.78857],[-2.24998,53.78799],[-2.24941,53.78768],[-2.24893,53.78712],[-2.24868,53.78696],[-2.24819,53.78688],[-2.24729,53.7869],[-2.24692,53.78679],[-2.24614,53.78625],[-2.24576,53.78589],[-2.24564,53.78572],[-2.2455,53.78526],[-2.2452,53.78504],[-2.24431,53.78489],[-2.24352,53.78511],[-2.24304,53.78511],[-2.24249,53.78489],[-2.24156,53.78411],[-2.24063,53.78386],[-2.24038,53.78385],[-2.24016,53.78392],[-2.23994,53.78418],[-2.23887,53.78602],[-2.23477,53.79322],[-2.23451,53.79371],[-2.23459,53.79442],[-2.23454,53.79461],[-2.23398,53.7951],[-2.23383,53.79536],[-2.23382,53.79549],[-2.23401,53.79666],[-2.23561,53.79794],[-2.23602,53.79811],[-2.23734,53.7977],[-2.23905,53.79662],[-2.23963,53.79633],[-2.23993,53.79631],[-2.2414,53.79655],[-2.2421,53.79674],[-2.24237,53.79689],[-2.24257,53.79716],[-2.24262,53.79765],[-2.24271,53.7979],[-2.24406,53.79991],[-2.24468,53.80322],[-2.24459,53.80361],[-2.24438,53.80386],[-2.24389,53.80415],[-2.24252,53.80468],[-2.24249,53.80485],[-2.24273,53.80544],[-2.24284,53.80557],[-2.24338,53.80582],[-2.24526,53.80612],[-2.24602,53.80631],[-2.24651,53.80669],[-2.24715,53.8077],[-2.24715,53.80811],[-2.24687,53.80835],[-2.24497,53.80886],[-2.24448,53.80908],[-2.2443,53.80923],[-2.24332,53.81026],[-2.24204,53.81214],[-2.24201,53.81225],[-2.24209,53.81245],[-2.24413,53.81439],[-2.24429,53.81475],[-2.24392,53.81683],[-2.24385,53.81697],[-2.24366,53.81713],[-2.24334,53.81727],[-2.24214,53.81758],[-2.24189,53.81792],[-2.24194,53.81818],[-2.243,53.81854],[-2.24329,53.81878],[-2.24335,53.81927],[-2.24323,53.81988],[-2.24336,53.82041],[-2.24319,53.8208],[-2.24289,53.82108],[-2.24208,53.82139],[-2.24062,53.82245],[-2.2397,53.82267],[-2.23936,53.8229],[-2.23932,53.82311],[-2.23946,53.82371],[-2.23927,53.82412],[-2.23899,53.82451],[-2.23789,53.82563],[-2.23742,53.82602],[-2.23718,53.82646],[-2.2372,53.82689],[-2.23757,53.82752],[-2.23765,53.82784],[-2.23758,53.82809],[-2.2369,53.82842],[-2.23575,53.82874],[-2.23541,53.82891],[-2.23497,53.82938],[-2.23481,53.82947],[-2.23446,53.8296],[-2.23355,53.82978],[-2.23295,53.83],[-2.23141,53.83075],[-2.23098,53.83085],[-2.23022,53.83086],[-2.22964,53.83095],[-2.22899,53.83124],[-2.22814,53.83174],[-2.22674,53.83205],[-2.22642,53.83218],[-2.22627,53.83228],[-2.22609,53.8326],[-2.22631,53.83327],[-2.22631,53.83345],[-2.22622,53.8336],[-2.22598,53.8338],[-2.22521,53.83417],[-2.2243,53.83419],[-2.22395,53.83437],[-2.22398,53.83454],[-2.22419,53.83474],[-2.22491,53.83507],[-2.22507,53.83533],[-2.22511,53.83553],[-2.22502,53.83573],[-2.22452,53.83615],[-2.22437,53.8366],[-2.22408,53.83688],[-2.22369,53.837],[-2.22279,53.83704],[-2.22184,53.83683],[-2.22126,53.83679],[-2.22064,53.83688],[-2.22023,53.83713],[-2.22009,53.83744],[-2.21952,53.83815],[-2.2195,53.83847],[-2.21959,53.83906],[-2.21956,53.83926],[-2.21939,53.83954],[-2.21892,53.83982],[-2.21795,53.84007],[-2.21709,53.84043],[-2.21647,53.8409],[-2.21618,53.84121],[-2.2158,53.84215],[-2.21524,53.84408],[-2.21525,53.84425],[-2.21552,53.84478],[-2.2155,53.8451],[-2.21517,53.8455],[-2.21459,53.84594],[-2.2136,53.84654],[-2.21286,53.84688],[-2.21175,53.8472],[-2.20966,53.8483],[-2.20626,53.84859],[-2.20476,53.84846],[-2.20446,53.8485],[-2.20435,53.84859],[-2.20429,53.84873],[-2.20422,53.85046],[-2.20412,53.85075],[-2.20345,53.85144],[-2.20301,53.8518],[-2.20091,53.85303],[-2.20053,53.85332],[-2.20037,53.85356],[-2.2004,53.8537],[-2.20214,53.85527],[-2.20257,53.85573],[-2.2029,53.85655],[-2.20298,53.85687],[-2.20297,53.85714],[-2.20248,53.85781],[-2.20054,53.85938],[-2.20008,53.85995],[-2.19984,53.86059],[-2.1995,53.861],[-2.19824,53.86196],[-2.19764,53.86218],[-2.19731,53.86242],[-2.19724,53.86262],[-2.19725,53.86303],[-2.19706,53.86397],[-2.19696,53.86494],[-2.19672,53.86563],[-2.19624,53.86614],[-2.19484,53.86735],[-2.1934,53.86895],[-2.19271,53.86989],[-2.19189,53.87062],[-2.19135,53.87092],[-2.18887,53.87188],[-2.17209,53.87827],[-2.17162,53.87847],[-2.1712,53.8788],[-2.1711,53.87905],[-2.1712,53.87953],[-2.17182,53.8802],[-2.17188,53.88085],[-2.17174,53.88132],[-2.17123,53.88234],[-2.17111,53.88379],[-2.17068,53.88457],[-2.17065,53.88486],[-2.17093,53.88566],[-2.17095,53.88614],[-2.17112,53.88658],[-2.1716,53.88737],[-2.17216,53.88898],[-2.17254,53.88985],[-2.17268,53.89045],[-2.17267,53.89117],[-2.17252,53.89176],[-2.17233,53.89208],[-2.1717,53.89248],[-2.17147,53.89272],[-2.17148,53.89306],[-2.17165,53.89358],[-2.17137,53.8944],[-2.17148,53.8951],[-2.17139,53.89532],[-2.17101,53.89578],[-2.17095,53.89608],[-2.17102,53.89651],[-2.17133,53.89751],[-2.17184,53.89892],[-2.17202,53.89981],[-2.17197,53.89997],[-2.17165,53.90023],[-2.17044,53.90068],[-2.17008,53.9009],[-2.1698,53.90129],[-2.16976,53.9017],[-2.16996,53.90205],[-2.17044,53.90249],[-2.17263,53.90376],[-2.17269,53.90393],[-2.17245,53.90416],[-2.17237,53.90439],[-2.1725,53.90464],[-2.17328,53.90544],[-2.17483,53.90645],[-2.17508,53.90666],[-2.17523,53.9069],[-2.17525,53.90768],[-2.17581,53.90843],[-2.17584,53.90871],[-2.1757,53.90904],[-2.17493,53.91012],[-2.17443,53.91201],[-2.17453,53.91302],[-2.17457,53.91522],[-2.17482,53.91579],[-2.17509,53.91611],[-2.17712,53.9177],[-2.17745,53.9181],[-2.17767,53.91859],[-2.17801,53.91895],[-2.17804,53.91913],[-2.17797,53.91947],[-2.17755,53.92007],[-2.17746,53.9203],[-2.17748,53.92052],[-2.17768,53.9208],[-2.17797,53.92106],[-2.17849,53.92135],[-2.18076,53.92176],[-2.18109,53.92193],[-2.18128,53.92215],[-2.18129,53.92237],[-2.18123,53.92249],[-2.18126,53.92287],[-2.18097,53.9233],[-2.18094,53.92344],[-2.18112,53.92395],[-2.1811,53.92442],[-2.18097,53.92481],[-2.18062,53.92548],[-2.18022,53.92678],[-2.18008,53.92704],[-2.17977,53.92734],[-2.17918,53.92755],[-2.17837,53.92755],[-2.17737,53.92746],[-2.17608,53.92722],[-2.17555,53.92722],[-2.17531,53.92728],[-2.17476,53.92754],[-2.17455,53.92775],[-2.17445,53.92801],[-2.17446,53.92843],[-2.17439,53.92867],[-2.17412,53.92904],[-2.17382,53.92925],[-2.17326,53.92942],[-2.17097,53.92946],[-2.17023,53.92964],[-2.16989,53.92989],[-2.16975,53.93014],[-2.16979,53.93101],[-2.16967,53.93147],[-2.16954,53.93168],[-2.16862,53.93235],[-2.16779,53.93245],[-2.16687,53.93245],[-2.16652,53.93257],[-2.16629,53.93282],[-2.16629,53.93309],[-2.16644,53.93363],[-2.16639,53.93377],[-2.16624,53.93388],[-2.16592,53.93393],[-2.16416,53.93372],[-2.16389,53.93355],[-2.16363,53.93313],[-2.16336,53.93304],[-2.16281,53.93309],[-2.16176,53.93335],[-2.1608,53.93362],[-2.16044,53.93381],[-2.16027,53.93402],[-2.16001,53.93468],[-2.15964,53.93537],[-2.15755,53.93686],[-2.15704,53.93744],[-2.15699,53.93771],[-2.15706,53.93795],[-2.15768,53.93854],[-2.15791,53.93885],[-2.15791,53.93908],[-2.15783,53.93929],[-2.15765,53.93948],[-2.15709,53.93962],[-2.15679,53.93963],[-2.15632,53.93954],[-2.15501,53.93895],[-2.15455,53.93903],[-2.15443,53.93918],[-2.15416,53.93994],[-2.15333,53.94135],[-2.15297,53.94216],[-2.15252,53.94254],[-2.15153,53.94314],[-2.15137,53.9433],[-2.15118,53.94378],[-2.15098,53.944],[-2.14978,53.94484],[-2.14934,53.945],[-2.1487,53.94516],[-2.14689,53.94526],[-2.14651,53.94538],[-2.14634,53.94558],[-2.14644,53.94583],[-2.14713,53.94629],[-2.14718,53.94654],[-2.14702,53.94683],[-2.1459,53.94719],[-2.1455,53.94739],[-2.14533,53.94758],[-2.14471,53.94879],[-2.14447,53.949],[-2.14314,53.94957],[-2.14237,53.9501],[-2.14174,53.95038],[-2.14072,53.95118],[-2.13975,53.95147],[-2.13928,53.95174],[-2.13905,53.95223],[-2.13907,53.95249],[-2.13921,53.95276],[-2.13987,53.9534],[-2.13995,53.95358],[-2.13976,53.95402],[-2.13954,53.95429],[-2.13887,53.95469],[-2.13846,53.95504],[-2.13826,53.95543],[-2.1382,53.95593],[-2.13822,53.95649],[-2.13877,53.95854],[-2.13906,53.95921],[-2.13901,53.95943],[-2.13809,53.95994],[-2.13704,53.96068],[-2.13652,53.9609],[-2.13548,53.96107],[-2.13372,53.96106],[-2.13353,53.96115],[-2.13347,53.96137],[-2.13358,53.96153],[-2.13383,53.96169],[-2.13472,53.96201],[-2.13607,53.96232],[-2.13691,53.9624],[-2.139,53.96225],[-2.14067,53.9623],[-2.14131,53.96224],[-2.14217,53.96203],[-2.14289,53.9615],[-2.14324,53.96155],[-2.14372,53.96175],[-2.14403,53.96194],[-2.14394,53.96213],[-2.14337,53.96263],[-2.14278,53.96329],[-2.14237,53.96354],[-2.14177,53.96378],[-2.1397,53.96405],[-2.13942,53.96414],[-2.13927,53.9643],[-2.13932,53.96445],[-2.13954,53.96466],[-2.1404,53.96532],[-2.14088,53.96544],[-2.14212,53.96553],[-2.14244,53.96593],[-2.14254,53.96628],[-2.14249,53.96645],[-2.14207,53.96657],[-2.14003,53.96663],[-2.1398,53.96677],[-2.13959,53.96711],[-2.13939,53.96726],[-2.13769,53.96752],[-2.13685,53.96772],[-2.13612,53.96796],[-2.13569,53.96824],[-2.13556,53.96852],[-2.13574,53.96923],[-2.13569,53.96944],[-2.13501,53.96992],[-2.13456,53.97058],[-2.13445,53.97088],[-2.13469,53.97113],[-2.13638,53.97207],[-2.13698,53.9725],[-2.13739,53.97293],[-2.13745,53.97305],[-2.13741,53.97324],[-2.13704,53.97351],[-2.13629,53.97385],[-2.13595,53.97411],[-2.13578,53.97429],[-2.13584,53.97442],[-2.13583,53.9748],[-2.13553,53.97511],[-2.13454,53.97542],[-2.13305,53.97602],[-2.13228,53.97652],[-2.12772,53.97897],[-2.12714,53.97953],[-2.12552,53.98197],[-2.12525,53.98226],[-2.12491,53.98245],[-2.12226,53.98318],[-2.12158,53.98331],[-2.1202,53.98341],[-2.11778,53.98328],[-2.1168,53.98335],[-2.11565,53.98363],[-2.11474,53.98398],[-2.11391,53.9842],[-2.11226,53.98433],[-2.11072,53.98484],[-2.10988,53.98502],[-2.10781,53.98532],[-2.10147,53.98676],[-2.09493,53.98779],[-2.09392,53.98768],[-2.09216,53.98712],[-2.09184,53.98707],[-2.09012,53.98723],[-2.08876,53.98697],[-2.08821,53.98684],[-2.08766,53.98655],[-2.08541,53.98446],[-2.08519,53.98399],[-2.0849,53.98372],[-2.08221,53.9826],[-2.08168,53.98223],[-2.08082,53.98111],[-2.07972,53.97943],[-2.07912,53.97887],[-2.07776,53.97778],[-2.07715,53.97707],[-2.07671,53.97671],[-2.07617,53.97652],[-2.07522,53.97643],[-2.07468,53.97648],[-2.07348,53.97677],[-2.07276,53.97678],[-2.07057,53.97634],[-2.06942,53.97602],[-2.06834,53.97563],[-2.06648,53.97423],[-2.06529,53.97355],[-2.0642,53.97274],[-2.06375,53.97257],[-2.06217,53.97225],[-2.06149,53.97202],[-2.06102,53.97164],[-2.06084,53.97134],[-2.06076,53.97102],[-2.06075,53.96867],[-2.0609,53.96831],[-2.06121,53.96804],[-2.0624,53.96761],[-2.06278,53.96741],[-2.06304,53.96714],[-2.06313,53.96679],[-2.06307,53.96606],[-2.06296,53.96574],[-2.06277,53.96552],[-2.06239,53.96527],[-2.0621,53.96516],[-2.05883,53.96411],[-2.05806,53.96379],[-2.05398,53.96089],[-2.05285,53.96038],[-2.05045,53.95953],[-2.04911,53.95889],[-2.04844,53.9587],[-2.04787,53.95867],[-2.04752,53.95872],[-2.04712,53.9589],[-2.04633,53.95966],[-2.04589,53.9599],[-2.04555,53.96001],[-2.04475,53.96007],[-2.04382,53.95995],[-2.04339,53.95965],[-2.04285,53.95895],[-2.04202,53.95851],[-2.04154,53.95834],[-2.04112,53.95827],[-2.04071,53.95831],[-2.04034,53.95845],[-2.03959,53.95936],[-2.0393,53.95953],[-2.03887,53.95963],[-2.03825,53.95961],[-2.03723,53.9594],[-2.03678,53.95939],[-2.03515,53.95969],[-2.03452,53.9597],[-2.02945,53.95904],[-2.02873,53.95901],[-2.02818,53.95909],[-2.02646,53.95958],[-2.02461,53.95985],[-2.02386,53.96017],[-2.023,53.96071],[-2.02237,53.96089],[-2.02126,53.96098],[-2.02031,53.96074],[-2.02011,53.9606],[-2.01986,53.96024],[-2.01972,53.95959],[-2.01947,53.95914],[-2.01923,53.95893],[-2.01769,53.95803],[-2.01682,53.95742],[-2.01644,53.95698],[-2.01633,53.95666],[-2.01633,53.95629],[-2.01655,53.95578],[-2.01703,53.95535],[-2.0179,53.9548],[-2.01893,53.95382],[-2.0191,53.9534],[-2.01905,53.9529],[-2.01816,53.95175],[-2.01799,53.95138],[-2.01786,53.9507],[-2.01757,53.95025],[-2.01724,53.94998],[-2.01627,53.94944],[-2.0156,53.94848],[-2.01525,53.94813],[-2.01485,53.94789],[-2.01397,53.94754],[-2.0136,53.94723],[-2.0135,53.94699],[-2.01354,53.94631],[-2.01341,53.94594],[-2.01295,53.94536],[-2.01228,53.94474],[-2.01185,53.94385],[-2.01153,53.94275],[-2.01136,53.94179],[-2.01135,53.94092],[-2.01145,53.94028],[-2.0118,53.93983],[-2.01188,53.93881],[-2.01239,53.93779],[-2.01262,53.93712],[-2.01266,53.93658],[-2.0125,53.9361],[-2.01193,53.93529],[-2.01105,53.93443],[-2.01,53.93353],[-2.00817,53.93232],[-2.00711,53.93139],[-2.00573,53.93093],[-2.00484,53.93078],[-2.00364,53.93078],[-2.00251,53.93099],[-2.00164,53.93092],[-2.00074,53.93062],[-1.99998,53.93025],[-1.99972,53.92998],[-1.99961,53.92975],[-1.99973,53.92908],[-1.9999,53.92876],[-2.00023,53.92848],[-2.002,53.92742],[-2.00236,53.92697],[-2.00252,53.9265],[-2.00252,53.92629],[-2.00235,53.92512],[-2.00221,53.92489],[-2.00083,53.92379],[-1.99993,53.92327],[-1.99938,53.92285],[-1.99822,53.92159],[-1.99702,53.91957],[-1.99687,53.91898],[-1.99695,53.9186],[-1.99739,53.91787],[-1.9975,53.91727],[-1.9976,53.91708],[-1.99829,53.91637],[-1.99852,53.91599],[-1.99858,53.91573],[-1.99853,53.91523],[-1.99861,53.91443],[-1.99852,53.91407],[-1.99823,53.9137],[-1.99756,53.91316],[-1.99722,53.91302],[-1.99678,53.91295],[-1.99593,53.913],[-1.99526,53.91315],[-1.99379,53.91379],[-1.99295,53.91384],[-1.9922,53.91361],[-1.99146,53.91319],[-1.99066,53.91258],[-1.98901,53.9115],[-1.98847,53.91106],[-1.98718,53.90981],[-1.98676,53.90959],[-1.98626,53.90952],[-1.98525,53.90962],[-1.98291,53.90953],[-1.98141,53.90934],[-1.97939,53.90919],[-1.97813,53.90895],[-1.974,53.90779],[-1.97279,53.90757],[-1.97105,53.90733],[-1.96882,53.90729],[-1.96728,53.90718],[-1.9654,53.90731],[-1.9635,53.90766],[-1.96109,53.90784],[-1.96048,53.90786],[-1.95877,53.9077],[-1.95653,53.90762],[-1.95579,53.90768],[-1.95524,53.9078],[-1.95441,53.90817],[-1.95386,53.90832],[-1.95195,53.9083],[-1.95128,53.90838],[-1.95078,53.90856],[-1.94993,53.90912],[-1.94894,53.9094],[-1.94623,53.90979],[-1.94486,53.91023],[-1.94398,53.91043],[-1.94205,53.91063],[-1.93934,53.91135],[-1.93834,53.91143],[-1.93635,53.91135],[-1.93556,53.91117],[-1.93505,53.91088],[-1.9349,53.9107],[-1.93485,53.90975],[-1.9346,53.90944],[-1.93422,53.9092],[-1.93269,53.90873],[-1.929,53.9079],[-1.92726,53.90681],[-1.92544,53.90609],[-1.92377,53.90511],[-1.92296,53.90452],[-1.92279,53.90429],[-1.92233,53.90328],[-1.92214,53.90304],[-1.9213,53.90243],[-1.92126,53.9019],[-1.92096,53.90149],[-1.91968,53.90066],[-1.9194,53.89999],[-1.91937,53.89955],[-1.91944,53.89849],[-1.9194,53.89833],[-1.91863,53.89729],[-1.91806,53.89614],[-1.91799,53.89569],[-1.9181,53.89533],[-1.91836,53.8949],[-1.91851,53.89442],[-1.9191,53.89385],[-1.91942,53.89368],[-1.92051,53.89348],[-1.9208,53.8933],[-1.92102,53.89299],[-1.92118,53.89262],[-1.92113,53.8924],[-1.92087,53.89217],[-1.91934,53.89148],[-1.91872,53.89136],[-1.91741,53.89124],[-1.91591,53.89068],[-1.91439,53.88984],[-1.91311,53.88897],[-1.91093,53.88818],[-1.90953,53.88757],[-1.90876,53.88738],[-1.90817,53.88713],[-1.90642,53.88607],[-1.90471,53.88546],[-1.9041,53.88518],[-1.90259,53.88421],[-1.89897,53.88212],[-1.89537,53.88069],[-1.89407,53.88036],[-1.89325,53.88005],[-1.89202,53.87975],[-1.89053,53.87955],[-1.88894,53.87923],[-1.88764,53.87879],[-1.88632,53.87817],[-1.88317,53.87756],[-1.88145,53.87697],[-1.87958,53.87667],[-1.87809,53.87627],[-1.87578,53.87548],[-1.87462,53.87534],[-1.87344,53.87489],[-1.86897,53.87383],[-1.86737,53.8732],[-1.86577,53.87274],[-1.86511,53.87235],[-1.8648,53.87207],[-1.8646,53.87177],[-1.86427,53.8715],[-1.86248,53.87069],[-1.86128,53.86974],[-1.86016,53.86898],[-1.85816,53.86793],[-1.85606,53.86714],[-1.85226,53.86639],[-1.85137,53.86645],[-1.84996,53.86685],[-1.84946,53.86693],[-1.84788,53.86691],[-1.84721,53.86667],[-1.84663,53.86629],[-1.84606,53.8654],[-1.84523,53.86456],[-1.84513,53.8643],[-1.84503,53.86346],[-1.84472,53.86291],[-1.84437,53.86262],[-1.84312,53.8621],[-1.84273,53.86182],[-1.84235,53.86127],[-1.84211,53.86057],[-1.84187,53.86019],[-1.84187,53.85987],[-1.84176,53.85966],[-1.84125,53.85926],[-1.84037,53.85894],[-1.84007,53.85876],[-1.83983,53.85851],[-1.83929,53.85762],[-1.83849,53.85695],[-1.83818,53.85661],[-1.83806,53.85634],[-1.83781,53.8552],[-1.83748,53.85441],[-1.83704,53.85363],[-1.83696,53.85326],[-1.83698,53.85292],[-1.83709,53.85268],[-1.83726,53.85247],[-1.83804,53.85196],[-1.83828,53.85169],[-1.83868,53.85103],[-1.83861,53.85081],[-1.83774,53.84976],[-1.83711,53.84928],[-1.83618,53.84889],[-1.83576,53.84881],[-1.83428,53.84879],[-1.83285,53.84865],[-1.83178,53.84842],[-1.83107,53.84816],[-1.83046,53.84777],[-1.83,53.84727],[-1.82917,53.84655],[-1.82858,53.84589],[-1.82822,53.84535],[-1.82805,53.84521],[-1.82754,53.84495],[-1.82651,53.84464],[-1.8259,53.84431],[-1.82553,53.84396],[-1.8251,53.84327],[-1.82469,53.84291],[-1.82423,53.84269],[-1.8229,53.84227],[-1.82206,53.84173],[-1.8217,53.84157],[-1.81965,53.84099],[-1.81814,53.84074],[-1.81706,53.84041],[-1.81641,53.84029],[-1.81356,53.8404],[-1.80994,53.8409],[-1.80772,53.84103],[-1.80691,53.84102],[-1.80418,53.84069],[-1.80328,53.84047],[-1.80171,53.84024],[-1.79692,53.83922],[-1.79262,53.83932],[-1.79032,53.83946],[-1.78649,53.83912],[-1.78566,53.83897],[-1.78432,53.83855],[-1.78341,53.83815],[-1.78123,53.8369],[-1.77882,53.836],[-1.7752,53.8353],[-1.77453,53.83526],[-1.77364,53.83534],[-1.76896,53.83617],[-1.76845,53.83634],[-1.76736,53.83685],[-1.76464,53.83872],[-1.76336,53.83934],[-1.76013,53.84029],[-1.7583,53.8407],[-1.75592,53.84106],[-1.75536,53.8412],[-1.75408,53.84186]],[[-2.63984,53.54183],[-2.63911,53.5422],[-2.63842,53.54235]],[[-2.67471,53.55986],[-2.67359,53.56024],[-2.67214,53.5603],[-2.67066,53.55993],[-2.66931,53.55945],[-2.66644,53.55878],[-2.66332,53.55765],[-2.66246,53.55728],[-2.66189,53.55696],[-2.66129,53.55637],[-2.66109,53.55442],[-2.66116,53.554],[-2.6608,53.55358],[-2.65977,53.55276],[-2.65952,53.55263],[-2.65801,53.5521],[-2.656,53.55153],[-2.65568,53.55139],[-2.65507,53.55096],[-2.65439,53.55028],[-2.65322,53.54967],[-2.65315,53.54958],[-2.6521,53.54927],[-2.64894,53.54794],[-2.64871,53.54774],[-2.64855,53.54747],[-2.64848,53.54648],[-2.64828,53.54605],[-2.6475,53.54535],[-2.64518,53.54356],[-2.64471,53.54305],[-2.64458,53.54278],[-2.6445,53.54238],[-2.64437,53.5422],[-2.64417,53.54212],[-2.64323,53.54209],[-2.64183,53.5419],[-2.63984,53.54183]],[[-2.67561,53.56111],[-2.67514,53.56054],[-2.67471,53.55986]],[[-2.70205,53.56149],[-2.70164,53.56137],[-2.70024,53.56149],[-2.69639,53.56159],[-2.6957,53.56156],[-2.69521,53.5615],[-2.69346,53.56102],[-2.69179,53.56076],[-2.69134,53.56091],[-2.69069,53.56143],[-2.6901,53.56161],[-2.68968,53.56164],[-2.68785,53.56154],[-2.68652,53.56158],[-2.68479,53.56193],[-2.68427,53.56195],[-2.68159,53.56154],[-2.68096,53.56135],[-2.67994,53.56085],[-2.67964,53.56061],[-2.67866,53.56014],[-2.67746,53.55972],[-2.67587,53.55949],[-2.67532,53.55957],[-2.67471,53.55986]],[[-2.70363,53.5622],[-2.70357,53.562],[-2.70337,53.56184],[-2.70257,53.56158],[-2.70205,53.56149]],[[-2.70363,53.5622],[-2.70205,53.56149]],[[-2.72801,53.5802],[-2.72742,53.57997],[-2.72619,53.57927],[-2.72454,53.57885],[-2.72281,53.57795],[-2.7223,53.57776],[-2.7208,53.57756],[-2.71943,53.57767],[-2.71862,53.57761],[-2.7177,53.57733],[-2.7172,53.57705],[-2.71539,53.57548],[-2.71491,53.5749],[-2.71469,53.57443],[-2.71465,53.57429],[-2.71469,53.57394],[-2.71495,53.57343],[-2.71502,53.57314],[-2.71492,53.57235],[-2.71497,53.57143],[-2.71476,53.5704],[-2.7144,53.56974],[-2.7137,53.5692],[-2.71124,53.56804],[-2.71039,53.56755],[-2.70993,53.5672],[-2.70923,53.5664],[-2.70824,53.56476],[-2.70807,53.56458],[-2.7078,53.5644],[-2.70722,53.56419],[-2.70469,53.56343],[-2.70424,53.56307],[-2.70363,53.5622]],[[-2.7339,53.58151],[-2.73175,53.58093],[-2.72844,53.58023],[-2.72801,53.5802]],[[-2.7339,53.58151],[-2.73263,53.58143],[-2.73168,53.58123],[-2.72857,53.58048],[-2.72828,53.58038],[-2.72801,53.5802]],[[-1.75408,53.84186],[-1.75333,53.84222],[-1.75149,53.84269],[-1.75064,53.84301],[-1.74794,53.84437],[-1.74693,53.84511],[-1.74493,53.84599],[-1.74453,53.84628],[-1.74365,53.84713],[-1.7427,53.8478],[-1.74032,53.84982],[-1.73924,53.85056],[-1.73825,53.8514],[-1.73689,53.85218],[-1.73572,53.85273],[-1.73305,53.85371],[-1.73218,53.85388],[-1.73074,53.85399],[-1.72969,53.854],[-1.7269,53.85383],[-1.72616,53.85373],[-1.72207,53.85221],[-1.72111,53.85163],[-1.72104,53.85147],[-1.7207,53.85113],[-1.7205,53.85088],[-1.72035,53.85055],[-1.72022,53.84936],[-1.71941,53.84817],[-1.71929,53.84717],[-1.71912,53.84694],[-1.71834,53.8465],[-1.71805,53.84624],[-1.71778,53.84577],[-1.71758,53.84513],[-1.71757,53.84464],[-1.71764,53.84436],[-1.71803,53.84342],[-1.71811,53.84304],[-1.71824,53.84181],[-1.71813,53.8413],[-1.71799,53.84111],[-1.71728,53.84049],[-1.71686,53.83983],[-1.71561,53.83895],[-1.71417,53.83806],[-1.71339,53.83745],[-1.71245,53.83659],[-1.71214,53.83642],[-1.70934,53.8358],[-1.70667,53.83506],[-1.70624,53.835],[-1.70526,53.835],[-1.7039,53.83508],[-1.70345,53.83517],[-1.70309,53.83532],[-1.70174,53.8361],[-1.69984,53.83646],[-1.69887,53.83677],[-1.69622,53.83738],[-1.69213,53.83873],[-1.69049,53.83915],[-1.68938,53.83925],[-1.68748,53.83902],[-1.68688,53.83887],[-1.68662,53.83876],[-1.68581,53.83817],[-1.68544,53.83799],[-1.68232,53.83695],[-1.68148,53.83659],[-1.68108,53.83635],[-1.68038,53.83575],[-1.67936,53.83503],[-1.67921,53.83477],[-1.67918,53.83423],[-1.67905,53.83393],[-1.67803,53.83329],[-1.67733,53.83267],[-1.67645,53.83204],[-1.67579,53.83179],[-1.67323,53.83114],[-1.67171,53.831],[-1.67085,53.83073],[-1.6701,53.83031],[-1.66891,53.82945],[-1.66706,53.82871],[-1.66615,53.82795],[-1.6649,53.82715],[-1.66414,53.82649],[-1.664,53.82631],[-1.66356,53.82536],[-1.6631,53.8239],[-1.6629,53.82366],[-1.66254,53.82341],[-1.66217,53.82328],[-1.66182,53.82324],[-1.66104,53.82327],[-1.65998,53.82341],[-1.65907,53.8234],[-1.6585,53.8233],[-1.65738,53.82297],[-1.65549,53.82187],[-1.65441,53.8208],[-1.65309,53.8201],[-1.65158,53.81945],[-1.64779,53.8183],[-1.64693,53.81824],[-1.64614,53.81827],[-1.64432,53.81849],[-1.64272,53.81894],[-1.64172,53.81931],[-1.64058,53.82022],[-1.64001,53.82076],[-1.6395,53.82138],[-1.63888,53.82229],[-1.6388,53.82264],[-1.63891,53.82319],[-1.63888,53.82406],[-1.63876,53.82439],[-1.63814,53.82527],[-1.63743,53.8257],[-1.63574,53.82613],[-1.63458,53.82609],[-1.63183,53.82573],[-1.62886,53.82412],[-1.62677,53.82352],[-1.6254,53.82329],[-1.62313,53.82302],[-1.62223,53.82296],[-1.62043,53.82298],[-1.61935,53.82286],[-1.61701,53.82205],[-1.61546,53.82136],[-1.61452,53.82067],[-1.61361,53.8196],[-1.61237,53.81884],[-1.61115,53.81788],[-1.61039,53.81701],[-1.60977,53.81605],[-1.6086,53.81495],[-1.60798,53.81427],[-1.60776,53.81363],[-1.60769,53.81311],[-1.60736,53.81247],[-1.60655,53.81175],[-1.60609,53.81144],[-1.60432,53.81073],[-1.60413,53.81054],[-1.60358,53.80944],[-1.60235,53.80797],[-1.60169,53.80732],[-1.60099,53.80686],[-1.5998,53.80621],[-1.59863,53.80571],[-1.59727,53.80499],[-1.59622,53.80453],[-1.59469,53.8037],[-1.59356,53.80341],[-1.59152,53.80333],[-1.58823,53.80306],[-1.58632,53.80275],[-1.58394,53.80258],[-1.58142,53.80231],[-1.57948,53.80195],[-1.57669,53.80182],[-1.5762,53.80174],[-1.5725,53.80039],[-1.57001,53.79919],[-1.56914,53.79869],[-1.56804,53.79772],[-1.56607,53.79628],[-1.56417,53.79551],[-1.5601,53.79422],[-1.55875,53.79322],[-1.55785,53.79281],[-1.55737,53.79273],[-1.5567,53.79274],[-1.55505,53.79315],[-1.55437,53.79318],[-1.55228,53.79302],[-1.54945,53.793],[-1.54764,53.79271]]]}},{"type":"Feature","properties":{"NAME":"Walton Summit Arm (L&L Canal)"},"geometry":{"type":"LineString","coordinates":[[-2.62364,53.68343],[-2.62364,53.68287],[-2.62335,53.68258],[-2.62097,53.68133],[-2.62033,53.68077],[-2.62021,53.68054]]}},{"type":"Feature","properties":{"NAME":"Lee Navigation"},"geometry":{"type":"MultiLineString","coordinates":[[[-0.00816,51.52226],[-0.00814,51.52266]],[[-0.00813,51.52343],[-0.00823,51.52327],[-0.00824,51.52278],[-0.00814,51.52266]],[[-0.00813,51.52343],[-0.00803,51.52328],[-0.00805,51.52278],[-0.00814,51.52266]],[[-0.00813,51.52343],[-0.00802,51.52483],[-0.00792,51.52508],[-0.00749,51.5257],[-0.00748,51.52599],[-0.00762,51.52631],[-0.00815,51.52674],[-0.00837,51.527],[-0.0086,51.52749],[-0.01021,51.52841],[-0.01044,51.52868],[-0.0106,51.52916],[-0.01082,51.52935],[-0.01136,51.52948],[-0.01295,51.52966],[-0.01386,51.52988],[-0.01402,51.52995],[-0.01422,51.5302],[-0.01442,51.53032],[-0.01552,51.53064],[-0.01672,51.53109],[-0.01754,51.53156],[-0.01781,51.53199],[-0.01816,51.53228],[-0.01825,51.53247],[-0.01823,51.53268],[-0.01798,51.53309],[-0.01805,51.53336],[-0.01824,51.5336],[-0.01897,51.53413],[-0.01907,51.53433],[-0.01911,51.53478],[-0.01939,51.53523],[-0.02006,51.53591],[-0.02098,51.53628],[-0.02117,51.53653],[-0.0213,51.537],[-0.02104,51.53739],[-0.02099,51.53778]],[[-0.02099,51.53778],[-0.02106,51.53787],[-0.0209,51.53841]],[[-0.02099,51.53778],[-0.02086,51.53821],[-0.0209,51.53841]],[[-0.0209,51.53841],[-0.02061,51.54014],[-0.02058,51.54059],[-0.02064,51.54093],[-0.02088,51.54155],[-0.02179,51.54291],[-0.02225,51.54421],[-0.02256,51.54474],[-0.02281,51.54504],[-0.02664,51.54812],[-0.03073,51.55185],[-0.0313,51.55245],[-0.03239,51.55404],[-0.0329,51.55437],[-0.03558,51.5556],[-0.03624,51.55609],[-0.03758,51.55671],[-0.03785,51.55689],[-0.03861,51.55759],[-0.03972,51.55941],[-0.04018,51.55982],[-0.0414,51.5603],[-0.0422,51.56054],[-0.04463,51.56114],[-0.04484,51.56133],[-0.04515,51.56179],[-0.04571,51.56222],[-0.04659,51.56236],[-0.04724,51.56267],[-0.04736,51.5629],[-0.04732,51.5631],[-0.04669,51.56384],[-0.04663,51.56413],[-0.04673,51.56443],[-0.04738,51.56516],[-0.04836,51.56573],[-0.04926,51.56649],[-0.05012,51.56701],[-0.05096,51.56762],[-0.05268,51.56832],[-0.05335,51.56868],[-0.05347,51.5688],[-0.05401,51.56982],[-0.05432,51.57023],[-0.05488,51.57048],[-0.0558,51.57055],[-0.05634,51.57071],[-0.05662,51.57097],[-0.05679,51.57134],[-0.05851,51.5726],[-0.05874,51.57348],[-0.05887,51.57376],[-0.05996,51.57532],[-0.06044,51.57623],[-0.06081,51.57713],[-0.06166,51.57848],[-0.06218,51.57912],[-0.06225,51.57946],[-0.06208,51.5799],[-0.06128,51.58068],[-0.05985,51.58149],[-0.05828,51.58223],[-0.05786,51.58251],[-0.0575,51.58304],[-0.05727,51.58326],[-0.05647,51.58366],[-0.05611,51.58395],[-0.05606,51.5841],[-0.05618,51.58486],[-0.0565,51.58618],[-0.05645,51.58679],[-0.05658,51.58756]],[[-0.05658,51.58756],[-0.05665,51.58771],[-0.05635,51.58835],[-0.0562,51.58847]],[[-0.05658,51.58756],[-0.05646,51.58764],[-0.05615,51.58833],[-0.0562,51.58847]],[[-0.0562,51.58847],[-0.05591,51.58895],[-0.0537,51.59146],[-0.05343,51.59203],[-0.05289,51.59286],[-0.05269,51.59401],[-0.05259,51.59427],[-0.05087,51.59677]],[[-0.05087,51.59677],[-0.05072,51.59701],[-0.05005,51.59751]],[[-0.05087,51.59677],[-0.05021,51.59729],[-0.05005,51.59751]],[[-0.05005,51.59751],[-0.04776,51.59914],[-0.04662,51.60013],[-0.04398,51.60286],[-0.0421,51.60546],[-0.04198,51.60566],[-0.04189,51.60613],[-0.04194,51.60619],[-0.0416,51.60896],[-0.04126,51.61048],[-0.039,51.6145],[-0.03421,51.62251],[-0.03306,51.62483],[-0.03264,51.62555],[-0.03228,51.62646],[-0.03174,51.62751],[-0.03149,51.62819],[-0.03055,51.63152],[-0.03065,51.63424],[-0.03095,51.63848],[-0.03106,51.63931],[-0.03066,51.64059],[-0.03022,51.6416]],[[-0.03022,51.6416],[-0.03021,51.64179],[-0.03011,51.64199],[-0.02999,51.64221],[-0.0298,51.64237]],[[-0.03022,51.6416],[-0.03007,51.64179],[-0.0298,51.64237]],[[-0.0298,51.64237],[-0.02844,51.64478],[-0.02777,51.64525],[-0.02584,51.64625],[-0.02529,51.64701],[-0.0239,51.64864],[-0.02335,51.64946],[-0.02316,51.64964],[-0.02239,51.65012],[-0.0219,51.65128],[-0.02159,51.65175],[-0.02115,51.65222],[-0.02052,51.65325],[-0.02045,51.65359],[-0.02064,51.65403],[-0.02065,51.65435],[-0.02042,51.65493],[-0.02043,51.65564],[-0.02008,51.65616],[-0.02008,51.65632],[-0.0204,51.6571],[-0.02055,51.65978],[-0.02073,51.66133],[-0.0206,51.66194],[-0.0206,51.66239],[-0.02074,51.66304],[-0.02071,51.66321],[-0.02052,51.66359],[-0.01995,51.66424],[-0.01858,51.66532],[-0.01837,51.6656],[-0.01819,51.66683],[-0.01811,51.66948],[-0.01731,51.67125],[-0.01585,51.67307],[-0.01347,51.67384],[-0.0129,51.67441],[-0.01208,51.67785],[-0.01192,51.68008],[-0.01192,51.68207],[-0.0118,51.68294],[-0.01191,51.68383],[-0.01157,51.68443],[-0.01096,51.68498],[-0.01091,51.6852],[-0.01158,51.68665],[-0.01172,51.68684],[-0.01606,51.68965],[-0.01627,51.68989],[-0.01857,51.69863],[-0.01859,51.69891],[-0.01965,51.7027],[-0.01972,51.70313],[-0.01971,51.70337],[-0.01943,51.70395],[-0.01758,51.70732],[-0.0152,51.71654],[-0.01478,51.7186],[-0.01419,51.72261],[-0.01378,51.72724],[-0.01342,51.72884]],[[-0.01342,51.72884],[-0.01293,51.72767],[-0.013,51.72724]],[[-0.01342,51.72884],[-0.01385,51.73065],[-0.01392,51.73152],[-0.01377,51.73198],[-0.01307,51.73301],[-0.01301,51.73369],[-0.01322,51.7346],[-0.01372,51.73524],[-0.01376,51.73557],[-0.01371,51.73582],[-0.01338,51.73653],[-0.01266,51.73754],[-0.01266,51.73769],[-0.01291,51.73823],[-0.01332,51.74008],[-0.01359,51.74077],[-0.01356,51.74207],[-0.01342,51.74242],[-0.01313,51.74266],[-0.01262,51.74293],[-0.01215,51.74301],[-0.0108,51.7427],[-0.00725,51.74166],[-0.00623,51.74172],[-0.00524,51.74198],[-0.00484,51.74215],[-0.004,51.74277],[-0.00209,51.74358],[-0.00046,51.74445],[0.00083,51.74483],[0.00137,51.74529],[0.00162,51.74558],[0.00179,51.7459],[0.00195,51.74699],[0.00196,51.74812],[0.00227,51.74943],[0.00235,51.75035],[0.00272,51.75173],[0.00346,51.75256],[0.0056,51.75533],[0.00599,51.75552],[0.00892,51.75549],[0.00982,51.75557],[0.01037,51.75571],[0.01108,51.75606],[0.0125,51.75709],[0.01318,51.75767],[0.01345,51.75818],[0.01344,51.75851],[0.01318,51.75954],[0.01301,51.75979],[0.01217,51.76063],[0.01208,51.76086],[0.01216,51.76122],[0.01281,51.76228],[0.01291,51.76264],[0.01302,51.76386],[0.01335,51.76476],[0.01305,51.76533],[0.01247,51.76592],[0.01173,51.76632],[0.01125,51.76645],[0.01046,51.76732],[0.00929,51.76771],[0.00895,51.76793],[0.00873,51.76852],[0.0086,51.76862],[0.00736,51.76907],[0.00712,51.76921],[0.00569,51.77038],[0.00505,51.77126],[0.00463,51.77223],[0.00433,51.77275],[0.00398,51.77314],[0.00285,51.77406],[0.0028,51.77417],[0.0028,51.77466],[0.0027,51.77501],[0.00214,51.77568],[0.00212,51.77599],[0.00299,51.7767],[0.00333,51.77735],[0.00582,51.78025],[0.00618,51.78085],[0.00596,51.78126],[0.00527,51.78203],[0.0048,51.78295],[0.00454,51.78477],[0.00415,51.78605],[0.00355,51.78717],[0.0032,51.78807],[0.00289,51.78829],[0.00181,51.78879],[0.00146,51.78907],[0.00129,51.78927],[0.00116,51.78961],[0.00091,51.78986],[-8e-05,51.79129],[-0.00063,51.79193],[-0.00243,51.79319],[-0.01179,51.80037],[-0.01684,51.8034],[-0.01822,51.80439],[-0.01928,51.80505],[-0.02237,51.80771],[-0.02284,51.80818],[-0.02369,51.80871],[-0.02672,51.80919],[-0.02911,51.80968],[-0.03299,51.80991],[-0.0332,51.80996],[-0.03384,51.8103],[-0.0344,51.81044],[-0.03565,51.81015],[-0.03674,51.80973],[-0.03882,51.80972],[-0.03944,51.80988],[-0.03999,51.81021],[-0.04037,51.81034],[-0.04074,51.81067],[-0.04154,51.81108],[-0.04231,51.81116],[-0.04346,51.81107],[-0.04653,51.81059],[-0.04762,51.81035],[-0.05105,51.80939],[-0.05173,51.80937],[-0.05243,51.80945],[-0.05292,51.80941],[-0.05324,51.80927],[-0.05385,51.80873],[-0.05443,51.80839],[-0.05724,51.80706],[-0.05858,51.80704],[-0.06315,51.80737],[-0.06336,51.80722],[-0.06696,51.80355],[-0.0721,51.80137],[-0.07343,51.80068],[-0.07506,51.80014],[-0.07577,51.79918],[-0.07674,51.7984],[-0.0774,51.79808],[-0.07864,51.79764]]]}},{"type":"Feature","properties":{"NAME":"Old River Lea"},"geometry":{"type":"LineString","coordinates":[[-0.02104,51.53739],[-0.02066,51.53768],[-0.01978,51.53806],[-0.01939,51.53838],[-0.01916,51.53867],[-0.01908,51.53894],[-0.01882,51.53939],[-0.01857,51.53966],[-0.01786,51.5402],[-0.01771,51.54084],[-0.01758,51.541],[-0.01658,51.54131],[-0.01639,51.54206],[-0.01614,51.54252],[-0.01649,51.54305]]}},{"type":"Feature","properties":{"NAME":"Prees Branch (Llangollen Canal)"},"geometry":{"type":"LineString","coordinates":[[-2.76147,52.91183],[-2.75777,52.90887],[-2.75739,52.9084],[-2.75728,52.90791],[-2.75691,52.90481],[-2.75677,52.90422],[-2.75616,52.90308],[-2.75561,52.90253],[-2.75465,52.90198],[-2.75317,52.90137],[-2.75262,52.9013],[-2.75094,52.90144],[-2.75022,52.90137],[-2.74799,52.9009],[-2.74755,52.90071],[-2.74732,52.90046],[-2.74724,52.9002],[-2.74734,52.89993],[-2.7484,52.89852],[-2.74873,52.89722],[-2.74914,52.89647],[-2.74923,52.89604],[-2.74868,52.89434],[-2.74852,52.89407],[-2.74813,52.89361],[-2.74678,52.89258],[-2.74651,52.89224],[-2.74624,52.89141],[-2.74605,52.89112],[-2.74567,52.89079],[-2.74302,52.8898],[-2.7407,52.88937]]}},{"type":"Feature","properties":{"NAME":"Rufford Branch (L&L Canal)"},"geometry":{"type":"LineString","coordinates":[[-2.83105,53.59682],[-2.83065,53.5972],[-2.82937,53.59877],[-2.82891,53.59921],[-2.82816,53.59976],[-2.82706,53.60101],[-2.82696,53.60132],[-2.82701,53.60156],[-2.82762,53.60246],[-2.8277,53.60274],[-2.82764,53.6031],[-2.82735,53.60355],[-2.82696,53.60387],[-2.82426,53.60554],[-2.82263,53.60675],[-2.8222,53.60722],[-2.82205,53.60756],[-2.82197,53.60795],[-2.82208,53.60835],[-2.82227,53.60865],[-2.82353,53.60991],[-2.82371,53.61045],[-2.82361,53.61082],[-2.82257,53.61261],[-2.8221,53.61311],[-2.82155,53.61349],[-2.81894,53.61482],[-2.81824,53.61563],[-2.81703,53.61725],[-2.81688,53.61789],[-2.81697,53.61851],[-2.81775,53.6199],[-2.8179,53.62034],[-2.81795,53.62272],[-2.81809,53.6253],[-2.81797,53.62593],[-2.81689,53.62896],[-2.81667,53.62928],[-2.81647,53.62944],[-2.81592,53.62964],[-2.81533,53.62968],[-2.81338,53.62943],[-2.81295,53.6295],[-2.8123,53.62982],[-2.81175,53.6303],[-2.81109,53.63115],[-2.81043,53.63285],[-2.81033,53.6333],[-2.81067,53.63483],[-2.81083,53.63517],[-2.81482,53.64136],[-2.8184,53.64706],[-2.81934,53.64842],[-2.82081,53.65081],[-2.82199,53.65238],[-2.82215,53.65271],[-2.82223,53.65371],[-2.82214,53.65601],[-2.82184,53.66125],[-2.82171,53.66259],[-2.82141,53.66292],[-2.82111,53.66342],[-2.82094,53.66401],[-2.82077,53.66431],[-2.82048,53.66467],[-2.81981,53.66525],[-2.81973,53.66551],[-2.82006,53.66599],[-2.82103,53.66686],[-2.82129,53.66703],[-2.82308,53.66776],[-2.82328,53.66791],[-2.82334,53.66814],[-2.8231,53.66852],[-2.82249,53.6689],[-2.82049,53.66977],[-2.81782,53.67058],[-2.81749,53.67082],[-2.81718,53.67122],[-2.81697,53.67186],[-2.81711,53.67216],[-2.81739,53.67368],[-2.8176,53.67414],[-2.81815,53.67484],[-2.81887,53.67552],[-2.8192,53.67593],[-2.82058,53.67718],[-2.82231,53.67844],[-2.82409,53.67953],[-2.82433,53.67974],[-2.82478,53.68031],[-2.825,53.6808],[-2.82508,53.68119],[-2.82401,53.68426],[-2.82389,53.68493],[-2.82406,53.68571],[-2.82424,53.68603],[-2.82459,53.68643],[-2.8254,53.68714]]}},{"type":"Feature","properties":{"NAME":"Springs Branch (L&L Canal)"},"geometry":{"type":"LineString","coordinates":[[-2.02026,53.96071],[-2.01993,53.96096],[-2.019,53.96142],[-2.01738,53.96288],[-2.01719,53.96314],[-2.01707,53.96393],[-2.0169,53.9642],[-2.01637,53.96436],[-2.01568,53.96436],[-2.01418,53.96423],[-2.01362,53.96439]]}},{"type":"Feature","properties":{"NAME":"St.Helens Canal"},"geometry":{"type":"LineString","coordinates":[[-2.69185,53.4573],[-2.69291,53.45773],[-2.69333,53.4581],[-2.69392,53.45887],[-2.69442,53.4591],[-2.69497,53.45921],[-2.69596,53.45916],[-2.69979,53.45939],[-2.70133,53.45968],[-2.70135,53.45979],[-2.70125,53.45997],[-2.70113,53.4605],[-2.70086,53.46118],[-2.70083,53.46152],[-2.70101,53.4617],[-2.70164,53.46205],[-2.70234,53.46282],[-2.7024,53.46308],[-2.70238,53.46354],[-2.70253,53.46403],[-2.70268,53.4649],[-2.70324,53.46649],[-2.70353,53.46681],[-2.704,53.46703],[-2.70482,53.46729],[-2.70539,53.46757]]}},{"type":"Feature","properties":{"NAME":"Ladywood Arm (New Main Line)"},"geometry":{"type":"LineString","coordinates":[[-1.92374,52.48103],[-1.92277,52.48113]]}},{"type":"Feature","properties":{"NAME":"Macclesfield Canal"},"geometry":{"type":"MultiLineString","coordinates":[[[-2.10787,53.31688],[-2.10786,53.3158],[-2.10879,53.31355],[-2.10918,53.31187],[-2.10916,53.31155],[-2.10947,53.31127],[-2.11014,53.30939],[-2.11042,53.30828],[-2.11042,53.30732],[-2.11031,53.3068],[-2.11009,53.30619],[-2.10966,53.30549],[-2.10945,53.30544],[-2.10938,53.30516],[-2.10865,53.30454],[-2.10762,53.30381],[-2.10491,53.30231],[-2.10076,53.3003],[-2.10032,53.29997],[-2.10014,53.29971],[-2.10009,53.29949],[-2.10031,53.29879],[-2.10066,53.29797],[-2.10078,53.29783],[-2.10529,53.29571],[-2.10603,53.29525],[-2.10628,53.29501],[-2.10648,53.29459],[-2.10653,53.29417],[-2.10655,53.29251],[-2.10643,53.29131],[-2.1063,53.29092],[-2.10581,53.28993],[-2.10472,53.28883],[-2.10467,53.28853],[-2.10473,53.28839],[-2.10508,53.28792],[-2.10683,53.28604],[-2.10751,53.28541],[-2.10884,53.28463],[-2.11104,53.28355],[-2.11179,53.28303],[-2.11231,53.28238],[-2.11268,53.28155],[-2.11282,53.28102],[-2.11273,53.28061],[-2.11209,53.27942],[-2.11034,53.27719],[-2.10982,53.27638],[-2.10823,53.2724],[-2.10798,53.27195],[-2.10728,53.27101],[-2.10727,53.27071],[-2.10705,53.2702],[-2.10717,53.26839],[-2.10673,53.26744],[-2.1057,53.26578],[-2.1056,53.26536],[-2.10578,53.26492],[-2.10736,53.26325],[-2.10747,53.26305],[-2.10744,53.26212],[-2.10779,53.26146],[-2.10805,53.26117],[-2.10873,53.26075],[-2.1092,53.2606],[-2.11164,53.26041],[-2.11235,53.26027],[-2.11298,53.26002],[-2.11349,53.2597],[-2.11388,53.25912],[-2.114,53.25826],[-2.11438,53.25755],[-2.11443,53.25669],[-2.11436,53.2563],[-2.11392,53.25574],[-2.11354,53.25512],[-2.11355,53.25489],[-2.11439,53.25314],[-2.11484,53.25234],[-2.11512,53.25201],[-2.11578,53.25158],[-2.11605,53.25131],[-2.11677,53.25021],[-2.11692,53.24962],[-2.11679,53.24883],[-2.1165,53.24781],[-2.11366,53.24403],[-2.11353,53.24375],[-2.11348,53.24332],[-2.11356,53.24298],[-2.11382,53.2425],[-2.11425,53.24198],[-2.11486,53.24141],[-2.11552,53.24091],[-2.1166,53.24034],[-2.11978,53.23923],[-2.12272,53.23807],[-2.12747,53.23696],[-2.13271,53.23627],[-2.13362,53.2361],[-2.13417,53.2359],[-2.13501,53.23544],[-2.13547,53.23512],[-2.1358,53.23474],[-2.1363,53.23321],[-2.13618,53.23288],[-2.13565,53.23239],[-2.13427,53.23163],[-2.1338,53.23129],[-2.1329,53.2303],[-2.13263,53.23008],[-2.13213,53.22986],[-2.1305,53.22938],[-2.12973,53.22879],[-2.12897,53.22808],[-2.12874,53.22769],[-2.12864,53.22733],[-2.12882,53.22597],[-2.12878,53.22555],[-2.12838,53.22516],[-2.12697,53.22431],[-2.12651,53.22385],[-2.12612,53.22306],[-2.1259,53.22185],[-2.12568,53.22133],[-2.12443,53.22021],[-2.12427,53.21993],[-2.12424,53.21969],[-2.12437,53.21935],[-2.12452,53.21915],[-2.12541,53.21827],[-2.12666,53.21738],[-2.12736,53.21699],[-2.12897,53.2163],[-2.13201,53.21533],[-2.13323,53.21482],[-2.13424,53.21408],[-2.13619,53.21247],[-2.13643,53.21209],[-2.13667,53.2114],[-2.13685,53.21112],[-2.13743,53.2107],[-2.13976,53.20935],[-2.14026,53.20881],[-2.14047,53.20848],[-2.14067,53.20799],[-2.14082,53.20726],[-2.13999,53.20472],[-2.13998,53.20411],[-2.14004,53.20391],[-2.14028,53.2034],[-2.14068,53.20287],[-2.14146,53.20208],[-2.14248,53.20118],[-2.14298,53.20061],[-2.14524,53.19605],[-2.14544,53.19548],[-2.14532,53.19498],[-2.14427,53.1924],[-2.14354,53.191],[-2.14336,53.19081],[-2.1434,53.19072],[-2.14318,53.19035],[-2.14259,53.1897],[-2.14204,53.18929],[-2.14191,53.1891],[-2.139,53.18744],[-2.13846,53.18692],[-2.13844,53.18674],[-2.13964,53.18548],[-2.14017,53.18506],[-2.14361,53.1835],[-2.14425,53.18328],[-2.14505,53.18313],[-2.14889,53.1834],[-2.15258,53.18395],[-2.15349,53.18398],[-2.15871,53.18286],[-2.16036,53.18256],[-2.16136,53.18247],[-2.16227,53.18249],[-2.16577,53.18283],[-2.16736,53.18353],[-2.16974,53.18399],[-2.1712,53.18415],[-2.17283,53.18424],[-2.17417,53.18418],[-2.17484,53.18398],[-2.1816,53.18025],[-2.18368,53.17943],[-2.18703,53.17845],[-2.18769,53.17809],[-2.18796,53.17778],[-2.18802,53.1776],[-2.18803,53.17733],[-2.18795,53.17715],[-2.18097,53.16487],[-2.17961,53.16227],[-2.17951,53.16192],[-2.17956,53.16114],[-2.17978,53.16021],[-2.17993,53.15993],[-2.18092,53.15899],[-2.18184,53.15826],[-2.18235,53.15802],[-2.18311,53.15786],[-2.18561,53.15765],[-2.19544,53.15719],[-2.20088,53.1567],[-2.2023,53.15616],[-2.20356,53.15551],[-2.20842,53.15232],[-2.20969,53.15142],[-2.21386,53.14809],[-2.21408,53.14783],[-2.21562,53.14472],[-2.216,53.14307],[-2.21619,53.14269],[-2.21684,53.14224],[-2.21847,53.1413],[-2.21907,53.14086],[-2.21957,53.14043],[-2.22062,53.13915],[-2.22236,53.13798],[-2.22297,53.13751],[-2.22397,53.13657],[-2.22462,53.13578],[-2.22561,53.1342],[-2.22632,53.13325],[-2.23032,53.12836],[-2.23096,53.12764],[-2.23248,53.12658],[-2.23313,53.12596],[-2.2333,53.12567],[-2.23385,53.12378],[-2.23417,53.12326],[-2.23541,53.122],[-2.23764,53.12029],[-2.23796,53.11981],[-2.23912,53.11729],[-2.23937,53.11696],[-2.24166,53.11464],[-2.24294,53.11317],[-2.24345,53.11286],[-2.24494,53.11217],[-2.24585,53.11156],[-2.24704,53.11045],[-2.24764,53.10967],[-2.24775,53.10936],[-2.24769,53.10558],[-2.24787,53.10436],[-2.24802,53.10395],[-2.24868,53.10323],[-2.2515,53.10077],[-2.25246,53.0996],[-2.25281,53.09904],[-2.25323,53.09806],[-2.25342,53.09727],[-2.25347,53.09643],[-2.25336,53.09376],[-2.2534,53.09342],[-2.25384,53.09271],[-2.25548,53.09094],[-2.25546,53.09082],[-2.25527,53.09062],[-2.25501,53.09047],[-2.2496,53.08807],[-2.2484,53.0878],[-2.24774,53.0878],[-2.24737,53.08792],[-2.24696,53.08839]],[[-2.05929,53.39257],[-2.06221,53.39123],[-2.06281,53.39084],[-2.06307,53.3905],[-2.06336,53.38956],[-2.06338,53.38923],[-2.06328,53.3889],[-2.06337,53.38845],[-2.06337,53.38769],[-2.06353,53.38692],[-2.06373,53.38644],[-2.06414,53.38606],[-2.06569,53.38526],[-2.06653,53.38469],[-2.06765,53.38371],[-2.06807,53.38318],[-2.06851,53.38247],[-2.06859,53.38201],[-2.06844,53.38164],[-2.06747,53.38068],[-2.06636,53.37922],[-2.06619,53.37887],[-2.0661,53.37823],[-2.06638,53.37771],[-2.06679,53.37667],[-2.0666,53.3759],[-2.06663,53.37561],[-2.06673,53.37547],[-2.06814,53.37431],[-2.07063,53.37329],[-2.07105,53.37299],[-2.07121,53.3728],[-2.07137,53.37245],[-2.0726,53.36833],[-2.07297,53.36741],[-2.07322,53.36705],[-2.07361,53.36668],[-2.07554,53.36522],[-2.07613,53.36463],[-2.07627,53.36437],[-2.07627,53.36414],[-2.076,53.36372],[-2.07594,53.36335],[-2.07511,53.36153],[-2.07488,53.36082],[-2.07378,53.35712],[-2.07377,53.3567],[-2.07383,53.3565],[-2.07406,53.35616],[-2.07498,53.35539],[-2.07522,53.35505],[-2.07551,53.35493],[-2.07745,53.3533],[-2.07993,53.35176],[-2.08016,53.35156],[-2.08141,53.34877],[-2.0818,53.34827],[-2.08385,53.34611],[-2.08399,53.34587],[-2.08421,53.34514],[-2.08437,53.34394],[-2.08435,53.34364],[-2.08429,53.34342],[-2.08364,53.34227],[-2.08327,53.3418],[-2.08236,53.34086],[-2.08225,53.34061],[-2.08149,53.33656],[-2.08147,53.33611],[-2.08155,53.33588],[-2.08172,53.33565],[-2.08219,53.33545],[-2.08463,53.33526],[-2.08533,53.33511],[-2.08732,53.33387],[-2.08786,53.33361],[-2.08842,53.33357],[-2.0904,53.33383],[-2.091,53.33381],[-2.09227,53.33345],[-2.09332,53.33287],[-2.09473,53.33152],[-2.09495,53.33118],[-2.09523,53.33108],[-2.09576,53.33059],[-2.09641,53.32974],[-2.09678,53.32861],[-2.09692,53.32634],[-2.09724,53.32478],[-2.09757,53.32424],[-2.09894,53.32283],[-2.09928,53.32229],[-2.1002,53.32162],[-2.10155,53.32038],[-2.10217,53.32011],[-2.10243,53.32005],[-2.1027,53.32008],[-2.10481,53.31959],[-2.1062,53.31915],[-2.10652,53.31899],[-2.1069,53.31874],[-2.1078,53.31764],[-2.10788,53.31747],[-2.10787,53.31688]]]}},{"type":"Feature","properties":{"NAME":"Monmouthshire & Brecon Canal"},"geometry":{"type":"MultiLineString","coordinates":[[[-3.02671,51.67543],[-3.02679,51.67577],[-3.02659,51.67626],[-3.02653,51.67675],[-3.02631,51.67718],[-3.02475,51.67832],[-3.02385,51.67873],[-3.02351,51.67895],[-3.02285,51.67953],[-3.02279,51.67971],[-3.02285,51.67998],[-3.02325,51.68054],[-3.02351,51.68135],[-3.02356,51.6818],[-3.02356,51.68251],[-3.02329,51.6853],[-3.02346,51.68682],[-3.02356,51.68711],[-3.0238,51.68743],[-3.02444,51.68798],[-3.02435,51.68868],[-3.02456,51.68947],[-3.02452,51.69026],[-3.0254,51.6915],[-3.02622,51.69226],[-3.02657,51.69338],[-3.02665,51.69399],[-3.02662,51.69468],[-3.02628,51.69532],[-3.02599,51.69562],[-3.02214,51.69735],[-3.02052,51.69821],[-3.01992,51.69881],[-3.01942,51.69963],[-3.01849,51.70022],[-3.01778,51.70045],[-3.01579,51.70071],[-3.0153,51.70091],[-3.01507,51.70121],[-3.01451,51.70244],[-3.01447,51.70268],[-3.0146,51.70283],[-3.01478,51.70289],[-3.01598,51.70289],[-3.01659,51.70302],[-3.01669,51.70313],[-3.01678,51.70356],[-3.01647,51.70433],[-3.016,51.70487],[-3.01564,51.70511],[-3.01402,51.70529],[-3.01265,51.70594],[-3.01177,51.70661],[-3.0108,51.70796],[-3.0108,51.70814],[-3.0109,51.70829],[-3.01116,51.70841],[-3.01163,51.70846],[-3.01284,51.70844],[-3.01371,51.70856],[-3.01444,51.70875],[-3.01467,51.7089],[-3.01482,51.70914],[-3.01477,51.70934],[-3.01457,51.70954],[-3.01226,51.71067],[-3.01196,51.7109],[-3.01193,51.711],[-3.01189,51.71176],[-3.01161,51.7128],[-3.01153,51.71333],[-3.01165,51.71355],[-3.01242,51.71437],[-3.01252,51.71452],[-3.01256,51.71474],[-3.01219,51.71543],[-3.01153,51.7162],[-3.01155,51.71638],[-3.01185,51.71695],[-3.01191,51.71763],[-3.01173,51.7181],[-3.01119,51.71902],[-3.01114,51.71925],[-3.01127,51.71952],[-3.01141,51.71963],[-3.01212,51.71994],[-3.01235,51.72016],[-3.0124,51.72042],[-3.01218,51.72092],[-3.01215,51.72125],[-3.01254,51.72183],[-3.01255,51.72195],[-3.01242,51.72215],[-3.01155,51.72248],[-3.0112,51.72271],[-3.00989,51.7238],[-3.00964,51.72415],[-3.00957,51.72469],[-3.00969,51.72515],[-3.01004,51.72544],[-3.01067,51.72559],[-3.01103,51.72578],[-3.01116,51.72603],[-3.01118,51.72634],[-3.01108,51.72665],[-3.01086,51.72701],[-3.01039,51.7274],[-3.00988,51.72765],[-3.00951,51.72805],[-3.00901,51.72941],[-3.00845,51.73051],[-3.00855,51.73132],[-3.00845,51.73175],[-3.00789,51.7323],[-3.00746,51.73243],[-3.007,51.7324],[-3.00531,51.73188],[-3.00383,51.73222],[-3.00314,51.73222],[-3.00279,51.73208],[-3.00266,51.73196],[-3.00235,51.73104],[-3.00185,51.7302],[-3.00124,51.72973],[-3.00067,51.72945],[-3.00015,51.72933],[-2.99877,51.72912],[-2.99846,51.72913],[-2.99805,51.72921],[-2.99764,51.72939],[-2.99649,51.73005],[-2.99456,51.73159],[-2.99204,51.73279],[-2.99094,51.73326],[-2.99055,51.73331],[-2.98956,51.73323],[-2.9891,51.7334],[-2.98898,51.73354],[-2.98896,51.73394],[-2.98909,51.7343],[-2.98972,51.73496],[-2.9901,51.7352],[-2.99052,51.73579],[-2.99103,51.73608],[-2.99185,51.73679],[-2.99286,51.7372],[-2.99315,51.73746],[-2.99318,51.73755],[-2.99307,51.73775],[-2.99236,51.73836],[-2.99205,51.73894],[-2.99209,51.73931],[-2.99233,51.73975],[-2.9921,51.74037],[-2.99179,51.74076],[-2.99195,51.74129],[-2.99195,51.74215],[-2.99247,51.74284],[-2.99374,51.74403],[-2.994,51.74511],[-2.99459,51.74561],[-2.99479,51.7459],[-2.99485,51.7461],[-2.99472,51.74676],[-2.9948,51.74703],[-2.99496,51.74729],[-2.99559,51.74793],[-2.99567,51.7481],[-2.99539,51.74989],[-2.99541,51.75021],[-2.99572,51.75066],[-2.99612,51.75094]],[[-2.99612,51.75094],[-2.99621,51.75108],[-2.99603,51.75148],[-2.99638,51.75205],[-2.99654,51.75273]],[[-2.99701,51.75128],[-2.99612,51.75094]],[[-2.99654,51.75273],[-2.99664,51.75315],[-2.99688,51.75366],[-2.99702,51.75515],[-2.99774,51.75577],[-2.99799,51.7561],[-2.99815,51.75659],[-2.9981,51.75683],[-2.99783,51.757],[-2.99685,51.75727],[-2.99564,51.75774],[-2.99531,51.75804],[-2.99502,51.75842],[-2.99493,51.7587],[-2.99509,51.75918],[-2.9956,51.75996],[-2.99575,51.7605],[-2.99604,51.76106],[-2.99621,51.7612],[-2.99685,51.7614],[-2.99936,51.76153],[-2.99959,51.76143],[-3.00011,51.761],[-3.00104,51.76087],[-3.00229,51.76037],[-3.00297,51.76033],[-3.00329,51.76048],[-3.00352,51.76079],[-3.00356,51.76099],[-3.00343,51.76117],[-3.00307,51.76135],[-3.00289,51.76152],[-3.00271,51.76185],[-3.00264,51.76219],[-3.0027,51.76248],[-3.00318,51.76345],[-3.00323,51.76388],[-3.00307,51.76425],[-3.00257,51.76469],[-3.00241,51.76493],[-3.00223,51.76547],[-3.00253,51.76665],[-3.0033,51.76768],[-3.00474,51.76886],[-3.0051,51.76928],[-3.00684,51.7701],[-3.00748,51.7705],[-3.00782,51.77094],[-3.0079,51.77188],[-3.00818,51.77237],[-3.00923,51.77341],[-3.00961,51.77392],[-3.00994,51.77451],[-3.01159,51.77579],[-3.01217,51.77633],[-3.01245,51.77647],[-3.01312,51.77658],[-3.01479,51.7766],[-3.016,51.77654]],[[-2.99785,51.75329],[-2.99688,51.7527],[-2.99654,51.75273]],[[-3.016,51.77654],[-3.0166,51.77649],[-3.01737,51.77615],[-3.01787,51.7761],[-3.01984,51.77622],[-3.02004,51.77633],[-3.02019,51.77656],[-3.02005,51.77736],[-3.01992,51.77753],[-3.01973,51.77761],[-3.01826,51.77767],[-3.01728,51.77795],[-3.01646,51.77829],[-3.01546,51.77906],[-3.01529,51.77932],[-3.01507,51.77993],[-3.01499,51.78131],[-3.01504,51.78167],[-3.01524,51.78223],[-3.01645,51.78464],[-3.01666,51.78541],[-3.01723,51.78676],[-3.01838,51.78848],[-3.01901,51.78982],[-3.01959,51.79055]],[[-3.01959,51.79055],[-3.02062,51.79159],[-3.0209,51.79241],[-3.02139,51.79298],[-3.02153,51.79363],[-3.02227,51.79456],[-3.02316,51.79547],[-3.02354,51.79642],[-3.02395,51.79722],[-3.0245,51.79788],[-3.02494,51.79867],[-3.02541,51.79895],[-3.02738,51.79924],[-3.0276,51.79933],[-3.02761,51.79952],[-3.02753,51.79964],[-3.02637,51.80004],[-3.02627,51.80043],[-3.02633,51.80064],[-3.02654,51.80091],[-3.02711,51.80138],[-3.02776,51.80161],[-3.02813,51.80188],[-3.02861,51.80245],[-3.03037,51.80427],[-3.03093,51.80474],[-3.03123,51.80512]],[[-3.03123,51.80512],[-3.03155,51.80564],[-3.0325,51.80649],[-3.03568,51.80972],[-3.0367,51.8104],[-3.03747,51.81077],[-3.03804,51.81093],[-3.03852,51.81096],[-3.03892,51.81111],[-3.03892,51.81134],[-3.03902,51.81162],[-3.03933,51.81216]],[[-3.03933,51.81217],[-3.04013,51.81307],[-3.04065,51.8135],[-3.04252,51.81452],[-3.04431,51.81513],[-3.04623,51.8155],[-3.0464,51.81571],[-3.04604,51.81631],[-3.04603,51.81648],[-3.04629,51.81682],[-3.04656,51.81701],[-3.04733,51.81734],[-3.04898,51.81779]],[[-3.04898,51.81779],[-3.05055,51.81805],[-3.05168,51.81805],[-3.05221,51.81799],[-3.05356,51.81767],[-3.05571,51.81687],[-3.05633,51.81676],[-3.05798,51.81697],[-3.05928,51.81698],[-3.05995,51.81708],[-3.06199,51.81707],[-3.06412,51.8173],[-3.06632,51.81728],[-3.06755,51.81754],[-3.06795,51.81748],[-3.06864,51.81699],[-3.06909,51.81688],[-3.06944,51.81693],[-3.06969,51.81709],[-3.06971,51.81731],[-3.06921,51.81787],[-3.06921,51.81814],[-3.06932,51.81837],[-3.06949,51.81852],[-3.07058,51.81887],[-3.07231,51.81916],[-3.07269,51.81927],[-3.07297,51.81943],[-3.07354,51.81958]],[[-3.07354,51.81958],[-3.07411,51.81979],[-3.07494,51.82024],[-3.07563,51.8205],[-3.07788,51.82075],[-3.07841,51.82092],[-3.07881,51.82125],[-3.07982,51.82285],[-3.0807,51.82326],[-3.08117,51.82341],[-3.08184,51.82349],[-3.08283,51.82349],[-3.08316,51.82356],[-3.0834,51.8237],[-3.08377,51.8242],[-3.084,51.82429],[-3.08567,51.82443],[-3.08683,51.82437],[-3.08884,51.82408],[-3.09248,51.82408],[-3.09371,51.82413],[-3.0943,51.82431],[-3.09474,51.82436],[-3.09539,51.82427],[-3.09595,51.82409],[-3.09675,51.82372],[-3.09751,51.82346],[-3.09772,51.82341],[-3.09801,51.82344],[-3.09822,51.8236],[-3.09853,51.82409],[-3.09851,51.82458],[-3.09875,51.82492],[-3.10052,51.82595],[-3.10252,51.82698],[-3.10268,51.82733],[-3.10234,51.82803],[-3.10239,51.82819],[-3.10261,51.82843],[-3.10297,51.82862],[-3.10426,51.8289]],[[-3.10712,51.82972],[-3.10896,51.83033],[-3.10986,51.83056],[-3.11255,51.83163],[-3.11333,51.83204],[-3.11435,51.83271],[-3.11523,51.83316],[-3.11714,51.83449],[-3.1183,51.83557],[-3.1196,51.83697],[-3.12033,51.83833],[-3.12052,51.83892],[-3.12094,51.83963],[-3.12325,51.84244],[-3.12413,51.84312],[-3.12555,51.84375],[-3.12735,51.84409],[-3.1281,51.84415],[-3.12863,51.84413],[-3.1294,51.84388],[-3.12985,51.84384],[-3.13239,51.84384],[-3.13307,51.8439],[-3.13485,51.84438],[-3.13673,51.84457],[-3.13724,51.84469],[-3.13901,51.84523],[-3.14032,51.84578],[-3.14149,51.84608],[-3.14484,51.84602],[-3.14649,51.84576],[-3.14773,51.84537],[-3.1483,51.84526],[-3.14913,51.84528],[-3.14993,51.84553],[-3.15022,51.84574],[-3.15181,51.8476],[-3.15325,51.84859],[-3.15388,51.84889],[-3.15394,51.84897],[-3.15399,51.84945],[-3.15385,51.84978],[-3.15349,51.84997],[-3.15254,51.85022],[-3.15218,51.85044],[-3.15189,51.85068],[-3.15172,51.8511],[-3.15174,51.85138],[-3.15187,51.85163],[-3.15267,51.85251],[-3.15264,51.85358],[-3.15304,51.85439],[-3.15306,51.85471],[-3.15324,51.85533],[-3.15324,51.85556],[-3.15283,51.85624],[-3.15271,51.85665],[-3.15277,51.85778],[-3.15348,51.85885],[-3.15372,51.85907],[-3.15485,51.8598],[-3.15507,51.86006],[-3.15545,51.86035],[-3.15629,51.86083],[-3.15685,51.8611],[-3.15905,51.86192],[-3.16076,51.86236],[-3.16249,51.86268],[-3.1669,51.86327],[-3.17185,51.86438]],[[-3.10712,51.82972],[-3.10426,51.8289]],[[-3.17185,51.86438],[-3.17238,51.86455],[-3.17307,51.86465],[-3.17318,51.86475],[-3.17321,51.86491],[-3.17369,51.86518],[-3.17408,51.86531],[-3.17512,51.86548],[-3.17596,51.86577],[-3.17774,51.86612],[-3.17847,51.86633],[-3.18039,51.86663],[-3.18525,51.86721]],[[-3.18525,51.86721],[-3.18595,51.8673],[-3.18763,51.86774],[-3.18875,51.86811],[-3.19103,51.86852],[-3.19181,51.8686],[-3.19355,51.86905],[-3.1959,51.86943],[-3.19735,51.86955],[-3.19905,51.86934]],[[-3.2131,51.86767],[-3.21393,51.86762],[-3.21427,51.86774],[-3.21498,51.86821],[-3.21535,51.86833],[-3.21587,51.86839],[-3.21713,51.86838],[-3.21941,51.86798],[-3.22032,51.86806],[-3.22109,51.86821],[-3.22168,51.86867],[-3.22173,51.86898],[-3.22165,51.86912],[-3.22092,51.86969],[-3.22083,51.86993],[-3.22085,51.87011],[-3.22145,51.8709],[-3.2218,51.87117],[-3.22216,51.8713]],[[-3.19905,51.86934],[-3.20083,51.86908],[-3.20206,51.86917],[-3.20281,51.86902],[-3.20346,51.86881],[-3.2042,51.86869],[-3.20523,51.86863],[-3.20694,51.86836],[-3.20997,51.86772],[-3.21098,51.86773],[-3.21176,51.86781],[-3.2131,51.86767]],[[-3.24719,51.871],[-3.24819,51.87073],[-3.24938,51.8706],[-3.25162,51.87057],[-3.25365,51.87072],[-3.25501,51.87038],[-3.25641,51.87043],[-3.25718,51.87023],[-3.25797,51.87012],[-3.25892,51.87033],[-3.25984,51.8703],[-3.26103,51.87046],[-3.26175,51.87066],[-3.26242,51.87104],[-3.26305,51.87123],[-3.26344,51.87123],[-3.26463,51.87104],[-3.26575,51.87114],[-3.26754,51.87148],[-3.2684,51.87174],[-3.26878,51.87205],[-3.26878,51.87292],[-3.26905,51.87327],[-3.26955,51.87357],[-3.27058,51.87399],[-3.27136,51.87462],[-3.27209,51.87491]],[[-3.22216,51.8713],[-3.22354,51.87136],[-3.22405,51.87144],[-3.22438,51.87166],[-3.22457,51.87224],[-3.2247,51.8724],[-3.22524,51.87262],[-3.22673,51.87289],[-3.22855,51.87291],[-3.23051,51.87269],[-3.23229,51.87262],[-3.23308,51.87244],[-3.2342,51.87233],[-3.23536,51.87206],[-3.23732,51.87172],[-3.23892,51.87172],[-3.23995,51.87191],[-3.24123,51.87192],[-3.24156,51.87183],[-3.2423,51.87136],[-3.24256,51.87105],[-3.24283,51.87041],[-3.24364,51.86992],[-3.2442,51.87002],[-3.24504,51.87066],[-3.24554,51.87086],[-3.24719,51.871]],[[-3.27209,51.87491],[-3.27259,51.87519],[-3.27296,51.87559],[-3.27342,51.87647],[-3.27356,51.87685],[-3.27352,51.87838],[-3.27387,51.87881],[-3.27404,51.87924],[-3.27406,51.87949],[-3.27396,51.87979],[-3.27338,51.88043],[-3.27347,51.88066],[-3.27407,51.88124],[-3.27416,51.88149],[-3.27407,51.88202],[-3.27359,51.88332]],[[-3.27359,51.88332],[-3.27351,51.88361],[-3.27376,51.88429],[-3.27618,51.88747],[-3.27705,51.88828],[-3.27752,51.88898],[-3.27797,51.88946],[-3.28339,51.89262],[-3.28386,51.89305],[-3.28436,51.89339],[-3.28528,51.8939],[-3.28575,51.89409],[-3.28634,51.89419],[-3.28693,51.89424],[-3.28764,51.89423],[-3.28803,51.89416],[-3.28844,51.8942],[-3.29057,51.89591],[-3.29144,51.89622]],[[-3.29144,51.89622],[-3.29196,51.89645],[-3.2921,51.89657],[-3.29228,51.89702],[-3.29231,51.89739],[-3.29214,51.89797],[-3.29222,51.89867],[-3.29195,51.89925],[-3.29125,51.90029],[-3.29115,51.90068],[-3.29117,51.90085],[-3.29142,51.90134],[-3.29179,51.90179],[-3.29258,51.90224],[-3.29303,51.90261],[-3.29315,51.90291],[-3.29316,51.90331],[-3.29328,51.90349],[-3.29393,51.90387],[-3.29455,51.90403],[-3.29516,51.9041],[-3.29628,51.90389],[-3.29663,51.9039],[-3.29723,51.9041],[-3.29843,51.90506],[-3.29979,51.90633],[-3.30194,51.90742],[-3.30202,51.90754],[-3.30284,51.9081],[-3.30412,51.90864],[-3.30528,51.90923],[-3.30696,51.91028],[-3.30789,51.91071],[-3.30866,51.91117],[-3.31078,51.91216],[-3.31195,51.91246],[-3.31256,51.9127],[-3.31352,51.91344],[-3.31519,51.91422],[-3.31591,51.91479],[-3.31698,51.91617],[-3.31751,51.91623],[-3.31859,51.91579],[-3.31932,51.91568],[-3.31965,51.91573],[-3.3209,51.91617],[-3.3216,51.91628],[-3.32251,51.91684],[-3.32276,51.91691],[-3.32427,51.91697],[-3.3253,51.91712],[-3.32605,51.91736],[-3.32704,51.91746],[-3.32765,51.91747],[-3.32839,51.91739],[-3.32901,51.91742],[-3.33132,51.91787],[-3.33266,51.91783],[-3.33593,51.91845],[-3.33649,51.91862],[-3.33776,51.92004],[-3.33781,51.92033],[-3.33775,51.92054],[-3.33747,51.92103],[-3.33638,51.92156],[-3.33555,51.92166],[-3.33463,51.92195],[-3.3334,51.92313],[-3.33221,51.92311],[-3.33135,51.92319],[-3.32987,51.92363],[-3.3285,51.92425],[-3.32811,51.92453],[-3.3275,51.92517],[-3.32741,51.92567],[-3.3276,51.92685],[-3.328,51.9275],[-3.32905,51.92841],[-3.33028,51.92911],[-3.33183,51.93024],[-3.33235,51.93075],[-3.3332,51.93202],[-3.33501,51.93342],[-3.33549,51.93371],[-3.33645,51.93409],[-3.3392,51.93472],[-3.34049,51.93523],[-3.34071,51.93544],[-3.34098,51.93684],[-3.34114,51.93698],[-3.34192,51.93703],[-3.34392,51.93686],[-3.34511,51.93666],[-3.34583,51.93648],[-3.3472,51.93586],[-3.34799,51.93565],[-3.34831,51.93563],[-3.35071,51.93622],[-3.3525,51.93711],[-3.35392,51.93817],[-3.35423,51.93874],[-3.35423,51.93912],[-3.3544,51.93932],[-3.35536,51.93972],[-3.35614,51.93991],[-3.35931,51.94035],[-3.36129,51.94077],[-3.36373,51.94114],[-3.36572,51.94118],[-3.36954,51.941],[-3.37242,51.94114],[-3.37398,51.94145],[-3.3758,51.94196],[-3.37658,51.94211],[-3.37892,51.94218],[-3.38239,51.94267],[-3.38411,51.94313],[-3.38658,51.94393],[-3.38855,51.94434]]]}},{"type":"Feature","properties":{"NAME":"Manchester Bolton & Bury Canal"},"geometry":{"type":"LineString","coordinates":[[-2.25952,53.47846],[-2.26023,53.47914],[-2.26223,53.47944],[-2.26475,53.48068],[-2.26475,53.48111],[-2.26547,53.4813],[-2.26617,53.48125],[-2.26811,53.48155],[-2.27121,53.48217],[-2.27267,53.48266],[-2.27394,53.48334],[-2.27475,53.48413],[-2.27499,53.48446],[-2.2751,53.48475],[-2.27532,53.48601],[-2.27522,53.48662],[-2.2753,53.48692],[-2.27603,53.4884],[-2.27587,53.48939],[-2.27651,53.49041],[-2.27851,53.49235],[-2.27888,53.49257],[-2.28229,53.49355],[-2.28633,53.49567],[-2.28855,53.49691],[-2.28916,53.49731],[-2.29004,53.4981],[-2.29101,53.50062],[-2.29202,53.50164],[-2.29296,53.50241],[-2.29336,53.50287],[-2.29356,53.50334],[-2.2939,53.50456],[-2.29428,53.50502],[-2.29519,53.50543],[-2.29537,53.50558],[-2.29632,53.50713],[-2.29645,53.50744],[-2.29641,53.5076],[-2.2958,53.50848],[-2.29575,53.50936],[-2.29589,53.50961],[-2.29635,53.50995],[-2.29727,53.51046],[-2.29821,53.51094],[-2.30095,53.51213],[-2.30227,53.51293],[-2.30301,53.51346],[-2.30434,53.51457],[-2.3071,53.51727],[-2.30759,53.51792],[-2.30779,53.51842],[-2.30781,53.51904],[-2.30715,53.52081],[-2.30701,53.52184],[-2.30745,53.52252],[-2.30757,53.52287],[-2.30795,53.52477],[-2.30863,53.52542],[-2.30909,53.52573],[-2.31104,53.5268],[-2.31149,53.52697],[-2.31202,53.527],[-2.31377,53.52678],[-2.31663,53.52686],[-2.31702,53.5277],[-2.31721,53.52784],[-2.31759,53.52794],[-2.31928,53.52784],[-2.32074,53.52766],[-2.3216,53.52761],[-2.32233,53.52766],[-2.32783,53.52965],[-2.32997,53.53017],[-2.33433,53.53138],[-2.33519,53.53168],[-2.33704,53.53319],[-2.33848,53.5345],[-2.34084,53.53648],[-2.34137,53.53686],[-2.34261,53.53741],[-2.34363,53.5377],[-2.3459,53.5379],[-2.34683,53.53833],[-2.34861,53.53957],[-2.34911,53.54001],[-2.34993,53.54024],[-2.35483,53.543],[-2.35551,53.54333],[-2.3559,53.54361],[-2.35838,53.5446],[-2.35874,53.54498],[-2.359,53.54553],[-2.35925,53.54581],[-2.36134,53.54683],[-2.36295,53.5475],[-2.36495,53.54804],[-2.36782,53.54845],[-2.36994,53.54897],[-2.37042,53.54923],[-2.37077,53.54956],[-2.37148,53.54979],[-2.3727,53.54978],[-2.37368,53.54989],[-2.37416,53.55001],[-2.37441,53.55019],[-2.3747,53.55054],[-2.37532,53.55141],[-2.37544,53.55159],[-2.37554,53.55202],[-2.37568,53.5522],[-2.37706,53.55303],[-2.37706,53.5531],[-2.37637,53.55345],[-2.3756,53.55394],[-2.37392,53.55471],[-2.37151,53.55519],[-2.36932,53.55503],[-2.36717,53.55473],[-2.36648,53.55475],[-2.36623,53.55486],[-2.36597,53.55512],[-2.36571,53.55573],[-2.36556,53.5559],[-2.36511,53.55612],[-2.36417,53.55637],[-2.36355,53.55676],[-2.36301,53.55691],[-2.36257,53.55692],[-2.36116,53.55663],[-2.36005,53.55663],[-2.35949,53.55653],[-2.35874,53.55651],[-2.35811,53.55664],[-2.35749,53.55687],[-2.3565,53.55741],[-2.35524,53.55741],[-2.35477,53.55749],[-2.35454,53.55761],[-2.35424,53.55763],[-2.35363,53.55757],[-2.35177,53.5576],[-2.34867,53.55698],[-2.34827,53.55674],[-2.34755,53.556],[-2.3472,53.55579],[-2.34555,53.55539],[-2.34489,53.55534],[-2.34439,53.55539],[-2.34384,53.55555],[-2.3425,53.55652],[-2.34192,53.55675],[-2.34158,53.55697],[-2.34031,53.55718],[-2.33781,53.55789],[-2.33718,53.55823],[-2.3369,53.55856],[-2.33675,53.55896],[-2.33665,53.56013],[-2.33638,53.56055],[-2.33392,53.56254],[-2.33322,53.56283],[-2.33173,53.5633],[-2.33016,53.56374],[-2.3289,53.564],[-2.32752,53.5645],[-2.32631,53.56522],[-2.32565,53.56572],[-2.32274,53.56689],[-2.3224,53.56715],[-2.3217,53.56802],[-2.32047,53.56896],[-2.31928,53.56951],[-2.31727,53.57009],[-2.31665,53.57047],[-2.31657,53.57073],[-2.31648,53.57315],[-2.31463,53.57718],[-2.31439,53.57783],[-2.31432,53.57812],[-2.31439,53.57936],[-2.31426,53.5797],[-2.31431,53.57993],[-2.31425,53.58008],[-2.31423,53.58056],[-2.31357,53.58177],[-2.31356,53.58297],[-2.3135,53.58343]]}},{"type":"Feature","properties":{"NAME":"Bolton Arm (Man'r, Bolton & Bury)"},"geometry":{"type":"LineString","coordinates":[[-2.37392,53.55471],[-2.37623,53.55415],[-2.37672,53.55406],[-2.37704,53.5541],[-2.37724,53.55419],[-2.37751,53.55447],[-2.3778,53.55495],[-2.3779,53.55526],[-2.37775,53.55586],[-2.37778,53.5561],[-2.37855,53.55748],[-2.37888,53.55776],[-2.37953,53.55801],[-2.38097,53.55818],[-2.38572,53.55958],[-2.38687,53.55984]]}},{"type":"Feature","properties":{"NAME":"Guilsfield Arm (Montgomery Canal)"},"geometry":{"type":"LineString","coordinates":[[-3.10699,52.72562],[-3.1104,52.72447],[-3.11085,52.72425],[-3.11125,52.72393],[-3.11317,52.72315],[-3.11432,52.72281],[-3.11586,52.72253],[-3.11656,52.7222],[-3.11678,52.72198],[-3.11684,52.72178],[-3.11671,52.72068],[-3.11681,52.7203],[-3.11693,52.72011],[-3.11729,52.71977],[-3.11986,52.71807],[-3.12199,52.71715],[-3.12272,52.71669],[-3.12298,52.71643],[-3.12311,52.7161],[-3.12295,52.71502],[-3.12313,52.71473],[-3.12345,52.71447],[-3.12423,52.71404],[-3.12594,52.71328],[-3.12748,52.71273],[-3.12906,52.71238],[-3.12985,52.71213],[-3.13092,52.71165],[-3.13174,52.7112],[-3.13205,52.71095],[-3.13229,52.7106],[-3.1325,52.70916],[-3.13285,52.70845],[-3.13371,52.7076],[-3.13471,52.70696],[-3.13514,52.7068],[-3.13588,52.70666],[-3.13757,52.70666],[-3.13871,52.70657],[-3.13916,52.70647],[-3.14049,52.70596],[-3.14152,52.70533],[-3.14218,52.70478]]}},{"type":"Feature","properties":{"NAME":"Montgomery Canal"},"geometry":{"type":"MultiLineString","coordinates":[[[-3.24568,52.5428],[-3.24636,52.54257],[-3.24928,52.54196],[-3.25091,52.54176],[-3.25137,52.54163],[-3.25301,52.54062],[-3.25397,52.5402],[-3.25471,52.53959],[-3.25593,52.53893],[-3.25612,52.5387],[-3.25691,52.53725],[-3.25719,52.537],[-3.26025,52.53576],[-3.26049,52.53556],[-3.26118,52.53475],[-3.26141,52.53459],[-3.2633,52.53398],[-3.26392,52.53351],[-3.26554,52.53288],[-3.26607,52.53244],[-3.26616,52.53227],[-3.26607,52.53204],[-3.26545,52.5313],[-3.26546,52.53101],[-3.26583,52.53041],[-3.26641,52.53007],[-3.26803,52.52979],[-3.26862,52.52963],[-3.26909,52.52942],[-3.26954,52.52912],[-3.27102,52.52772]],[[-3.23674,52.54959],[-3.23717,52.54872],[-3.2374,52.54792],[-3.23777,52.54752],[-3.24,52.54612],[-3.24134,52.54491],[-3.24203,52.54443],[-3.24319,52.54381],[-3.24568,52.5428]],[[-3.23674,52.54959],[-3.2364,52.55015],[-3.23569,52.5509],[-3.23523,52.5515],[-3.23423,52.55303],[-3.23225,52.55548]],[[-3.23087,52.55781],[-3.23225,52.55548]],[[-3.21152,52.57038],[-3.21411,52.56921],[-3.21475,52.56855],[-3.21548,52.56818],[-3.21638,52.56756],[-3.2167,52.56741],[-3.21975,52.56652],[-3.22016,52.56603],[-3.22085,52.56571],[-3.22208,52.56498],[-3.22338,52.56449],[-3.22513,52.564],[-3.22646,52.56341],[-3.22689,52.56297],[-3.22749,52.56163],[-3.22964,52.55976],[-3.23003,52.55922],[-3.23086,52.55781]],[[-3.20072,52.57555],[-3.20534,52.57199],[-3.20615,52.57148],[-3.20662,52.57132],[-3.20756,52.57118],[-3.21003,52.57131],[-3.21079,52.57075],[-3.21152,52.57038]],[[-3.19486,52.58975],[-3.19519,52.58943],[-3.19528,52.58921],[-3.19522,52.58877],[-3.19448,52.58798],[-3.19379,52.58689],[-3.19346,52.58655],[-3.19282,52.58624],[-3.19172,52.5859],[-3.1912,52.58499],[-3.19085,52.58453],[-3.19081,52.58431],[-3.1909,52.58387],[-3.19087,52.58365],[-3.19019,52.58336],[-3.19025,52.58314],[-3.19071,52.58257],[-3.19156,52.58175],[-3.19662,52.57946],[-3.19691,52.57921],[-3.19826,52.57758],[-3.19959,52.57643],[-3.20072,52.57555]],[[-3.19341,52.59178],[-3.19359,52.59115],[-3.1938,52.59071],[-3.19414,52.59032],[-3.19486,52.58975]],[[-3.1856,52.61219],[-3.18643,52.6116],[-3.18698,52.61094],[-3.18772,52.61023],[-3.18822,52.60885],[-3.18899,52.6079],[-3.19117,52.60593],[-3.1914,52.60534],[-3.19152,52.60462],[-3.19295,52.60216],[-3.19341,52.60154],[-3.19444,52.60065],[-3.19497,52.60033],[-3.1963,52.59987],[-3.19701,52.59952],[-3.19823,52.59835],[-3.19963,52.59679],[-3.19964,52.59664],[-3.19957,52.59652],[-3.19898,52.59575],[-3.19859,52.5953],[-3.19834,52.59512],[-3.19624,52.59388],[-3.19414,52.59307],[-3.19384,52.5929],[-3.19368,52.59266],[-3.19347,52.59252],[-3.19337,52.59232],[-3.19341,52.59178]],[[-3.17794,52.61906],[-3.1793,52.61779],[-3.17997,52.61697],[-3.18029,52.61646],[-3.18051,52.61571],[-3.18054,52.61458],[-3.18062,52.61424],[-3.18072,52.61411],[-3.18139,52.61361],[-3.18229,52.61316],[-3.18331,52.61281],[-3.18495,52.61248],[-3.18559,52.61218]],[[-3.15603,52.64171],[-3.157,52.64099],[-3.15748,52.64079],[-3.15875,52.63998],[-3.16023,52.63926],[-3.16313,52.63749],[-3.1649,52.63636],[-3.16674,52.63498],[-3.16826,52.63319],[-3.16894,52.63262],[-3.16937,52.63213],[-3.17018,52.63067],[-3.17048,52.62987],[-3.17084,52.62937],[-3.17168,52.62857],[-3.17205,52.62737],[-3.17313,52.62576],[-3.17354,52.62504],[-3.17374,52.62433],[-3.17373,52.62361],[-3.17387,52.62332],[-3.17472,52.62252],[-3.17663,52.62005],[-3.17746,52.6195],[-3.17794,52.61906]],[[-3.14893,52.64912],[-3.14957,52.648],[-3.14994,52.64719],[-3.15056,52.64635],[-3.1507,52.64623],[-3.15138,52.64615],[-3.15215,52.64586],[-3.15361,52.64472],[-3.15463,52.64402],[-3.1548,52.6438],[-3.15497,52.64272],[-3.15529,52.64228],[-3.15603,52.64171]],[[-3.13506,52.66321],[-3.13702,52.66228],[-3.13859,52.66168],[-3.13919,52.66158],[-3.14069,52.66151],[-3.1418,52.66117],[-3.14262,52.6606],[-3.14385,52.65959],[-3.14614,52.65757],[-3.1463,52.65738],[-3.14639,52.65709],[-3.14593,52.65586],[-3.14591,52.65547],[-3.14602,52.65489],[-3.14702,52.65212],[-3.14893,52.64912]],[[-3.12829,52.67062],[-3.12895,52.6703],[-3.12919,52.67008],[-3.12947,52.66966],[-3.13009,52.66694],[-3.13032,52.66657],[-3.13081,52.66612],[-3.13176,52.66552],[-3.1325,52.66513],[-3.13355,52.66474],[-3.1339,52.66396],[-3.13413,52.6637],[-3.1346,52.66338],[-3.13506,52.66321]],[[-3.11294,52.68463],[-3.11351,52.68445],[-3.11397,52.68438],[-3.11422,52.68439],[-3.11446,52.68448],[-3.11513,52.68427],[-3.11603,52.68383],[-3.11679,52.68311],[-3.11757,52.68198],[-3.11816,52.68138],[-3.11893,52.68026],[-3.11971,52.67941],[-3.12033,52.67821],[-3.12055,52.67737],[-3.12128,52.67626],[-3.12194,52.67507],[-3.12221,52.67413],[-3.12275,52.67334],[-3.1232,52.67297],[-3.12384,52.6726],[-3.12484,52.67176],[-3.12526,52.67153],[-3.12712,52.67111],[-3.12829,52.67062]],[[-3.10672,52.69263],[-3.10806,52.69145],[-3.10882,52.69065],[-3.10919,52.68953],[-3.1095,52.68898],[-3.10994,52.68774],[-3.11038,52.687],[-3.11265,52.68481],[-3.11294,52.68463]],[[-3.10131,52.70056],[-3.10138,52.7003],[-3.10104,52.69957],[-3.10092,52.69891],[-3.10109,52.69838],[-3.10264,52.69657],[-3.10419,52.69438],[-3.10477,52.69391],[-3.10592,52.69327],[-3.10672,52.69263]],[[-3.09642,52.70879],[-3.09673,52.70828],[-3.09813,52.70725],[-3.09894,52.70623],[-3.09922,52.70578],[-3.09965,52.70491],[-3.09983,52.70401],[-3.09968,52.70322],[-3.09974,52.70277],[-3.09985,52.70247],[-3.10058,52.7013],[-3.10115,52.70084],[-3.10131,52.70056]],[[-3.10583,52.71327],[-3.1036,52.71108],[-3.10311,52.71073],[-3.10273,52.71057],[-3.10214,52.71045],[-3.10121,52.71043],[-3.09878,52.71097],[-3.09806,52.71103],[-3.09762,52.71096],[-3.09712,52.71076],[-3.09682,52.71051],[-3.09624,52.70973],[-3.09627,52.70915],[-3.09642,52.70879]],[[-3.1097,52.72174],[-3.10973,52.72126],[-3.10989,52.72072],[-3.10986,52.72034],[-3.10844,52.71628],[-3.10816,52.71572],[-3.10769,52.71512],[-3.10583,52.71327]],[[-3.09545,52.73658],[-3.09542,52.73595],[-3.0956,52.73551],[-3.09578,52.73531],[-3.09756,52.73442],[-3.10044,52.73239],[-3.10096,52.73213],[-3.1012,52.73188],[-3.10149,52.73142],[-3.10159,52.73037],[-3.10172,52.72995],[-3.10224,52.72913],[-3.10294,52.72837],[-3.10373,52.72773],[-3.10552,52.72675],[-3.10729,52.7254],[-3.10808,52.72492],[-3.10906,52.72411],[-3.10953,52.72357],[-3.10975,52.72308],[-3.1097,52.72175]],[[-3.09067,52.74396],[-3.08996,52.74306],[-3.08976,52.74224],[-3.08979,52.74125],[-3.09014,52.74042],[-3.09055,52.73999],[-3.09099,52.73966],[-3.09155,52.73939],[-3.09344,52.73881],[-3.09465,52.73811],[-3.09511,52.73768],[-3.09537,52.73732],[-3.09546,52.737],[-3.09545,52.73658]],[[-3.09172,52.74642],[-3.09131,52.74491],[-3.09104,52.74443],[-3.09067,52.74396]],[[-3.09385,52.75276],[-3.09279,52.75203],[-3.09159,52.75144],[-3.09125,52.75114],[-3.09115,52.75093],[-3.09109,52.75072],[-3.09116,52.75031],[-3.09184,52.74916],[-3.09194,52.74886],[-3.09197,52.74836],[-3.09183,52.74741],[-3.09191,52.74708]],[[-3.09082,52.76089],[-3.09099,52.76018],[-3.09114,52.76007],[-3.09107,52.75994],[-3.09131,52.75955],[-3.09126,52.75939],[-3.09137,52.759],[-3.09199,52.75723],[-3.0926,52.7565],[-3.09367,52.75585],[-3.09425,52.75542],[-3.09444,52.75524],[-3.09471,52.75479],[-3.09479,52.75456],[-3.09481,52.75415],[-3.09469,52.75359],[-3.09444,52.75323],[-3.09386,52.75276]],[[-3.10838,52.77208],[-3.10745,52.77034],[-3.10683,52.76859],[-3.10627,52.7684],[-3.1049,52.76823],[-3.10429,52.76794],[-3.10411,52.76739],[-3.10413,52.76696],[-3.10405,52.76665],[-3.10395,52.76646],[-3.1036,52.76615],[-3.10331,52.76601],[-3.10207,52.76565],[-3.10116,52.76522],[-3.10042,52.76501],[-3.09936,52.76492],[-3.09571,52.76485],[-3.09246,52.76405],[-3.09162,52.76355],[-3.09101,52.76298],[-3.09086,52.76274],[-3.09073,52.76224],[-3.0907,52.76146],[-3.09082,52.76089]],[[-3.08698,52.78223],[-3.08962,52.78164],[-3.09131,52.78118],[-3.0946,52.77985],[-3.09641,52.77925],[-3.09957,52.77862],[-3.10207,52.77796],[-3.10231,52.77782],[-3.10257,52.77752],[-3.10349,52.77616],[-3.10416,52.77553],[-3.10458,52.77525],[-3.10533,52.77502],[-3.10643,52.77495],[-3.10692,52.7748],[-3.10731,52.77466],[-3.1081,52.77413],[-3.10842,52.77377],[-3.1087,52.77316],[-3.10866,52.77263],[-3.10838,52.77208]],[[-3.05024,52.80594],[-3.05083,52.80538],[-3.05197,52.80363],[-3.05224,52.80332],[-3.05283,52.80286],[-3.05438,52.80244],[-3.05549,52.80229],[-3.05792,52.80135],[-3.05899,52.80069],[-3.05962,52.80038],[-3.06349,52.7992],[-3.06399,52.79916],[-3.06497,52.79934],[-3.0658,52.79971],[-3.06613,52.79979],[-3.06657,52.79976],[-3.06743,52.79942],[-3.06769,52.7992],[-3.0681,52.79824],[-3.06832,52.79802],[-3.06931,52.79747],[-3.06961,52.79724],[-3.07023,52.7964],[-3.07066,52.79598],[-3.07112,52.79537],[-3.0732,52.79375],[-3.07329,52.79326],[-3.07279,52.79184],[-3.07283,52.79142],[-3.07301,52.79101],[-3.07413,52.79],[-3.07508,52.7896],[-3.07636,52.78929],[-3.07706,52.78902],[-3.07739,52.7888],[-3.07778,52.78837],[-3.0784,52.78793],[-3.08143,52.78676],[-3.08169,52.78653],[-3.08204,52.78602],[-3.08215,52.78563],[-3.08282,52.78421],[-3.08334,52.78339],[-3.08376,52.78309],[-3.08415,52.78295],[-3.08546,52.78256],[-3.08698,52.78223]],[[-2.93985,52.8734],[-2.94101,52.87324],[-2.94166,52.87307],[-2.942,52.87288],[-2.94224,52.87259],[-2.94271,52.87099],[-2.94265,52.86934],[-2.94269,52.86849],[-2.94296,52.86708],[-2.94335,52.86633],[-2.94391,52.8655],[-2.94436,52.86493],[-2.94478,52.86452],[-2.94525,52.86418],[-2.94629,52.86365],[-2.94881,52.86274],[-2.95117,52.86208],[-2.95167,52.86184],[-2.96496,52.85161],[-2.96511,52.85131],[-2.9646,52.84685],[-2.96459,52.84475],[-2.96447,52.84433],[-2.96375,52.84349],[-2.96372,52.84318],[-2.96394,52.84281],[-2.96762,52.84109],[-2.97967,52.83565],[-2.98025,52.8354],[-2.98051,52.83536],[-2.98064,52.83523],[-2.98126,52.83497],[-2.98463,52.83368],[-2.98489,52.83345],[-2.98612,52.83201],[-2.98727,52.83116],[-2.99128,52.82856],[-2.99622,52.82592],[-2.99697,52.82539],[-2.99804,52.82437],[-2.9983,52.824],[-2.99967,52.8213],[-3.00238,52.81904],[-3.00492,52.81804],[-3.00575,52.81777],[-3.00684,52.81754],[-3.00781,52.81762],[-3.00901,52.81828],[-3.00966,52.81849],[-3.01226,52.81876],[-3.01474,52.81891],[-3.01627,52.81876],[-3.02229,52.81784],[-3.02672,52.81757],[-3.0286,52.81758],[-3.03029,52.81769],[-3.03099,52.81766],[-3.03209,52.81718],[-3.03287,52.81699],[-3.03338,52.81673],[-3.0337,52.81646],[-3.03379,52.81606],[-3.03353,52.81507],[-3.03352,52.81483],[-3.0337,52.81377],[-3.03392,52.81346],[-3.03408,52.81334],[-3.03484,52.81313],[-3.03731,52.81301],[-3.03768,52.81294],[-3.03853,52.81262],[-3.03917,52.81229],[-3.03936,52.81199],[-3.03933,52.81165],[-3.03919,52.8114],[-3.03855,52.81065],[-3.03845,52.81029],[-3.03855,52.8098],[-3.03875,52.80951],[-3.03906,52.80923],[-3.03972,52.80896],[-3.04118,52.80878],[-3.04254,52.80851],[-3.0459,52.80818],[-3.04704,52.80778],[-3.04912,52.80656],[-3.0497,52.80631],[-3.05022,52.80594]],[[-2.93985,52.8734],[-2.93794,52.87352],[-2.93021,52.87421],[-2.92912,52.87423],[-2.92455,52.8741],[-2.92124,52.8741]],[[-2.93684,52.88043],[-2.93715,52.87996],[-2.93844,52.87891],[-2.93874,52.87847],[-2.93896,52.87799],[-2.94006,52.87666],[-2.94014,52.87639],[-2.94009,52.87612],[-2.93969,52.87523],[-2.93939,52.87428],[-2.93939,52.87407],[-2.93953,52.87359],[-2.93985,52.8734]]]}},{"type":"Feature","properties":{"NAME":"New Junction Canal"},"geometry":{"type":"LineString","coordinates":[[-1.07602,53.58968],[-1.07539,53.59092],[-1.07248,53.59452],[-1.06683,53.60076],[-1.06262,53.6057],[-1.06249,53.60592],[-1.06166,53.60683],[-1.04167,53.63055],[-1.03258,53.64148],[-1.0259,53.64933],[-1.01671,53.65988],[-1.01592,53.66093]]}},{"type":"Feature","properties":{"NAME":"Sharpness - Old arm"},"geometry":{"type":"LineString","coordinates":[[-2.48194,51.72469],[-2.47991,51.72525],[-2.47952,51.72527],[-2.4742,51.72495],[-2.47319,51.72494]]}},{"type":"Feature","properties":{"NAME":"Brownsover Arm (Oxford Canal)"},"geometry":{"type":"LineString","coordinates":[[-1.25517,52.38958],[-1.25545,52.38975],[-1.25581,52.39019],[-1.25602,52.39035],[-1.25715,52.39088],[-1.25746,52.39112],[-1.25759,52.39134],[-1.25733,52.39245],[-1.25717,52.39278],[-1.25719,52.39386],[-1.25706,52.39415],[-1.2568,52.39447],[-1.25683,52.39491],[-1.257,52.39536],[-1.25716,52.39559],[-1.25777,52.39591],[-1.25805,52.39623],[-1.25809,52.39647],[-1.25805,52.39717],[-1.25818,52.39748],[-1.2592,52.39816],[-1.25977,52.39924],[-1.25979,52.40037],[-1.25968,52.40072],[-1.25929,52.4015],[-1.25926,52.40171],[-1.25936,52.40199],[-1.26004,52.40249],[-1.26017,52.40265],[-1.26033,52.40376],[-1.26026,52.40405],[-1.26009,52.40431],[-1.25948,52.4048],[-1.25918,52.4053],[-1.25922,52.40567],[-1.25953,52.40623],[-1.2597,52.4069]]}},{"type":"Feature","properties":{"NAME":"Dukes Cut (Oxford Canal)"},"geometry":{"type":"LineString","coordinates":[[-1.29892,51.79081],[-1.29478,51.79198],[-1.29374,51.79241]]}},{"type":"Feature","properties":{"NAME":"Engine Arm (Oxford Canal)"},"geometry":{"type":"LineString","coordinates":[[-1.33118,52.22778],[-1.33093,52.2276],[-1.3304,52.22752],[-1.329,52.22765],[-1.32699,52.22764],[-1.32643,52.22769]]}},{"type":"Feature","properties":{"NAME":"Clifton Arm (Oxford Canal)"},"geometry":{"type":"LineString","coordinates":[[-1.23745,52.38041],[-1.23733,52.38092],[-1.23649,52.38139],[-1.23597,52.38149],[-1.23426,52.38153],[-1.23279,52.38184]]}},{"type":"Feature","properties":{"NAME":"Hythe Bridge Street Arm (Ox'd Cnl)"},"geometry":{"type":"LineString","coordinates":[[-1.26491,51.75381],[-1.2651,51.75395],[-1.26726,51.75493],[-1.26944,51.75623]]}},{"type":"Feature","properties":{"NAME":"Brinklow Arm (Oxford Canal)"},"geometry":{"type":"LineString","coordinates":[[-1.35649,52.41446],[-1.35602,52.41447],[-1.35549,52.41462],[-1.35484,52.41508],[-1.35361,52.41498],[-1.35299,52.415],[-1.35151,52.41528],[-1.35037,52.41572]]}},{"type":"Feature","properties":{"NAME":"Rugby Arm (Oxford Canal)"},"geometry":{"type":"LineString","coordinates":[[-1.26528,52.38652],[-1.26485,52.38759],[-1.26404,52.38804],[-1.2637,52.3883],[-1.26355,52.38856],[-1.26354,52.3887],[-1.26358,52.38886],[-1.26377,52.3891]]}},{"type":"Feature","properties":{"NAME":"Stretton Arm (Oxford Canal)"},"geometry":{"type":"LineString","coordinates":[[-1.35531,52.42255],[-1.35495,52.42305],[-1.35433,52.42352],[-1.35304,52.42426],[-1.35207,52.4247],[-1.35184,52.42491],[-1.35171,52.42545],[-1.35173,52.42566],[-1.35217,52.42671],[-1.35257,52.42681]]}},{"type":"Feature","properties":{"NAME":"Newbold Arm (Oxford Canal)"},"geometry":{"type":"LineString","coordinates":[[-1.29417,52.39702],[-1.29423,52.39684],[-1.29439,52.39667],[-1.29507,52.39634]]}},{"type":"Feature","properties":{"NAME":"Oxford Canal"},"geometry":{"type":"MultiLineString","coordinates":[[[-1.29705,51.85299],[-1.2961,51.85166],[-1.29504,51.85107],[-1.29446,51.8505],[-1.29356,51.8498],[-1.29356,51.84948],[-1.29335,51.84869],[-1.29331,51.84831],[-1.29348,51.84804],[-1.29371,51.84783],[-1.29425,51.84758],[-1.29465,51.84749],[-1.29732,51.84733],[-1.29898,51.84752],[-1.29975,51.84744],[-1.30143,51.84686],[-1.30248,51.8464],[-1.30308,51.84608],[-1.3037,51.84563],[-1.3044,51.84469],[-1.3045,51.84442],[-1.30447,51.84404],[-1.30367,51.84332],[-1.30306,51.84259],[-1.30268,51.84226],[-1.30156,51.84084],[-1.30067,51.84034],[-1.30059,51.84023],[-1.30127,51.83974],[-1.30442,51.83788],[-1.30496,51.83698],[-1.305,51.8364],[-1.30478,51.83583],[-1.30438,51.83533],[-1.30213,51.83289],[-1.30151,51.83247],[-1.30137,51.83228],[-1.30148,51.83155],[-1.30211,51.8308],[-1.30326,51.82963],[-1.30365,51.8286],[-1.30366,51.82787],[-1.30355,51.82734],[-1.30339,51.82693],[-1.30285,51.82606],[-1.30191,51.82502],[-1.30109,51.82423],[-1.30025,51.82323],[-1.29832,51.82144],[-1.29718,51.82005],[-1.29521,51.81853],[-1.29261,51.81674],[-1.29223,51.81658],[-1.29094,51.81625],[-1.28973,51.81575],[-1.28864,51.81487],[-1.2882,51.81446],[-1.28807,51.81425],[-1.28811,51.81332],[-1.28805,51.81271],[-1.28806,51.81146],[-1.28839,51.81007],[-1.28859,51.80821],[-1.28883,51.80729],[-1.28905,51.80516],[-1.28923,51.8043],[-1.29007,51.80144],[-1.29027,51.80115],[-1.29092,51.80067],[-1.29144,51.80041],[-1.29171,51.80014],[-1.29188,51.79958],[-1.29214,51.7982],[-1.29241,51.79727],[-1.2935,51.79427],[-1.29374,51.79241],[-1.2933,51.79178],[-1.29144,51.79022],[-1.29094,51.78947],[-1.28999,51.78836],[-1.2892,51.78771],[-1.28629,51.78559],[-1.28287,51.78249],[-1.28168,51.78123],[-1.27835,51.7792],[-1.27738,51.77843],[-1.2752,51.77614],[-1.27338,51.77448],[-1.27183,51.77262],[-1.27138,51.77197],[-1.27071,51.77078],[-1.27024,51.76966],[-1.27,51.76882],[-1.26984,51.76749],[-1.27048,51.76517],[-1.27072,51.76474],[-1.27085,51.76429],[-1.27095,51.76276],[-1.27088,51.76228],[-1.27083,51.75912],[-1.27074,51.75832],[-1.27062,51.75783],[-1.26995,51.75668],[-1.26903,51.75582]],[[-1.29611,51.90288],[-1.29339,51.89956],[-1.29096,51.89673],[-1.29075,51.89599],[-1.28995,51.89496],[-1.28955,51.89384],[-1.28954,51.89367],[-1.28966,51.89337],[-1.28996,51.89317],[-1.29064,51.89286],[-1.29192,51.89247],[-1.29317,51.89197],[-1.29451,51.89118],[-1.29537,51.89048],[-1.29608,51.88977],[-1.29654,51.88919],[-1.29674,51.88869],[-1.29674,51.88799],[-1.29635,51.88743],[-1.29537,51.88675],[-1.29426,51.88573],[-1.29192,51.88415],[-1.29003,51.88306],[-1.28829,51.88169],[-1.28665,51.87819],[-1.28582,51.87742],[-1.28558,51.87708],[-1.28546,51.87675],[-1.28543,51.87609],[-1.28557,51.87524],[-1.2857,51.87499],[-1.28715,51.87387],[-1.28757,51.87362],[-1.28831,51.87326],[-1.29153,51.87228],[-1.29183,51.87213],[-1.29243,51.87162],[-1.29277,51.87147],[-1.29518,51.8707],[-1.29703,51.87002],[-1.29816,51.8693],[-1.29848,51.86902],[-1.29863,51.86871],[-1.2986,51.86845],[-1.29845,51.86821],[-1.29802,51.8678],[-1.29492,51.86571],[-1.29286,51.86408],[-1.29264,51.86362],[-1.29271,51.8632],[-1.29344,51.86203],[-1.29396,51.86154],[-1.29439,51.86128],[-1.29486,51.86111],[-1.2961,51.86095],[-1.29783,51.86092],[-1.30075,51.86117],[-1.30295,51.86094],[-1.30648,51.86041],[-1.30712,51.86008],[-1.30738,51.85977],[-1.30741,51.8594],[-1.30727,51.85911],[-1.3065,51.85833],[-1.30607,51.85778],[-1.30594,51.85771],[-1.30595,51.85762],[-1.30494,51.85628],[-1.30366,51.8559],[-1.30238,51.856],[-1.30163,51.85544],[-1.30057,51.85509],[-1.30003,51.85503],[-1.29938,51.85516],[-1.29906,51.85513],[-1.29869,51.85477],[-1.29859,51.85415],[-1.29841,51.85407],[-1.29766,51.85402],[-1.29739,51.85384],[-1.29727,51.85332],[-1.29707,51.85296]],[[-1.29868,51.91942],[-1.29917,51.91856],[-1.29923,51.91828],[-1.29924,51.91745],[-1.299,51.9154],[-1.2991,51.91445],[-1.29877,51.91386],[-1.2982,51.91319],[-1.29788,51.91137],[-1.29788,51.91051],[-1.29803,51.90965],[-1.2982,51.90916],[-1.29866,51.90824],[-1.29913,51.90749],[-1.29965,51.90636],[-1.29988,51.90538],[-1.29989,51.90505],[-1.2996,51.90475],[-1.29807,51.90419],[-1.29737,51.90387],[-1.29661,51.90338],[-1.29611,51.90288]],[[-1.2776,51.95813],[-1.2787,51.95747],[-1.27959,51.95702],[-1.28101,51.95585],[-1.28122,51.95558],[-1.28166,51.95531],[-1.28266,51.95498],[-1.28877,51.95396],[-1.29138,51.95204],[-1.29144,51.95174],[-1.29083,51.95084],[-1.2902,51.94948],[-1.28932,51.94793],[-1.28884,51.94604],[-1.28887,51.94559],[-1.28927,51.94478],[-1.28986,51.94411],[-1.29012,51.94339],[-1.29031,51.94308],[-1.29165,51.94122],[-1.29194,51.94094],[-1.29321,51.9402],[-1.29361,51.93985],[-1.29388,51.93946],[-1.29385,51.93913],[-1.29356,51.9389],[-1.29234,51.93826],[-1.28976,51.93751],[-1.2891,51.93714],[-1.28841,51.93665],[-1.28812,51.93634],[-1.2866,51.93423],[-1.28647,51.93368],[-1.28628,51.93332],[-1.286,51.93305],[-1.28489,51.93248],[-1.28389,51.93127],[-1.28368,51.93069],[-1.28324,51.93004],[-1.2833,51.92966],[-1.28319,51.92925],[-1.28313,51.92828],[-1.28293,51.92778],[-1.28289,51.9275],[-1.28299,51.92722],[-1.28326,51.92686],[-1.28389,51.92647],[-1.28434,51.926],[-1.28446,51.92535],[-1.28489,51.92424],[-1.28498,51.92377],[-1.28531,51.92328],[-1.28696,51.92202],[-1.28814,51.92154],[-1.28858,51.92115],[-1.28894,51.92094],[-1.2893,51.92081],[-1.28976,51.92074],[-1.29108,51.92085],[-1.29172,51.92081],[-1.29298,51.92061],[-1.29622,51.92075],[-1.29688,51.92073],[-1.29751,51.92057],[-1.29812,51.92025],[-1.29839,51.91997],[-1.29868,51.91942]],[[-1.28262,51.966],[-1.27904,51.96343],[-1.27803,51.96248],[-1.27774,51.9621],[-1.27729,51.96123],[-1.27721,51.96009],[-1.27723,51.95885],[-1.27743,51.95833],[-1.27761,51.95813]],[[-1.27477,51.98096],[-1.27513,51.98026],[-1.27538,51.97953],[-1.27549,51.97883],[-1.27531,51.97825],[-1.27456,51.97686],[-1.27445,51.97657],[-1.27442,51.97616],[-1.27464,51.97554],[-1.27591,51.97283],[-1.27734,51.97115],[-1.27776,51.97074],[-1.27804,51.97059],[-1.27862,51.97034],[-1.27937,51.97012],[-1.28267,51.96943],[-1.28342,51.96905],[-1.28363,51.96884],[-1.28388,51.96826],[-1.28368,51.96759],[-1.28338,51.96693],[-1.28266,51.966]],[[-1.33533,52.07118],[-1.33489,52.07084],[-1.33446,52.07039],[-1.33433,52.0701],[-1.33435,52.06987],[-1.33589,52.06751],[-1.33632,52.0661],[-1.33631,52.06594],[-1.3357,52.0651],[-1.33527,52.06472],[-1.33256,52.06298],[-1.33118,52.0626],[-1.33065,52.06226],[-1.33042,52.06201],[-1.33002,52.0613],[-1.33021,52.05917],[-1.33034,52.05849],[-1.33027,52.0575],[-1.33007,52.05716],[-1.32968,52.05689],[-1.32845,52.05624],[-1.32552,52.05478],[-1.3242,52.05401],[-1.32178,52.05227],[-1.31855,52.05028],[-1.31712,52.04913],[-1.31472,52.04684],[-1.31387,52.04626],[-1.31336,52.04598],[-1.3126,52.04568],[-1.30799,52.04444],[-1.3073,52.0441],[-1.30667,52.0436],[-1.30624,52.04339],[-1.30529,52.04312],[-1.30419,52.04292],[-1.29957,52.03971],[-1.29908,52.03867],[-1.29848,52.03649],[-1.29753,52.0346],[-1.29711,52.03341],[-1.29672,52.03254],[-1.29643,52.03123],[-1.29621,52.02939],[-1.29528,52.02819],[-1.29486,52.02779],[-1.29455,52.02736],[-1.29434,52.02723],[-1.29283,52.02716],[-1.29006,52.02637],[-1.28737,52.02571],[-1.28694,52.02547],[-1.2868,52.02525],[-1.28698,52.02393],[-1.28707,52.02372],[-1.28763,52.02296],[-1.28765,52.02277],[-1.28754,52.02257],[-1.28717,52.02213],[-1.28661,52.02162],[-1.28522,52.02053],[-1.28509,52.02033],[-1.28475,52.01931],[-1.28431,52.01862],[-1.28394,52.01821],[-1.28357,52.01794],[-1.28246,52.01747],[-1.2797,52.01556],[-1.27939,52.01523],[-1.27935,52.01505],[-1.27949,52.01484],[-1.28015,52.01445],[-1.28069,52.01427],[-1.28153,52.01408],[-1.28316,52.01413],[-1.28398,52.01409],[-1.28669,52.01345],[-1.2871,52.01329],[-1.28736,52.0131],[-1.28768,52.01246],[-1.28823,52.01186],[-1.28856,52.01128],[-1.28871,52.01089],[-1.28875,52.01036],[-1.28864,52.01009],[-1.28766,52.00907],[-1.28694,52.00862],[-1.28612,52.00827],[-1.28213,52.00723],[-1.28187,52.00701],[-1.2816,52.00646],[-1.28102,52.00601],[-1.28079,52.00574],[-1.28077,52.00555],[-1.28097,52.00475],[-1.28172,52.0005],[-1.28154,51.99925],[-1.28159,51.99736],[-1.28177,51.99667],[-1.28181,51.99618],[-1.28176,51.99525],[-1.28159,51.99491],[-1.27895,51.99157],[-1.27631,51.98674],[-1.27477,51.98406],[-1.27418,51.98264],[-1.27415,51.98245],[-1.27419,51.98197],[-1.27476,51.98096]],[[-1.33669,52.0721],[-1.33653,52.07188],[-1.33617,52.07162],[-1.33533,52.07118]],[[-1.32904,52.07958],[-1.33118,52.0793],[-1.33535,52.0786],[-1.33566,52.07848],[-1.33595,52.07825],[-1.33637,52.07751],[-1.33646,52.07716],[-1.3364,52.07603],[-1.33645,52.0754],[-1.33679,52.07389],[-1.33683,52.07346],[-1.3368,52.07332],[-1.33563,52.07258],[-1.33542,52.07239],[-1.33533,52.07118]],[[-1.32274,52.09422],[-1.3233,52.09346],[-1.32338,52.0932],[-1.32343,52.09212],[-1.32404,52.09109],[-1.32413,52.09053],[-1.32415,52.0894],[-1.32408,52.08883],[-1.32366,52.08723],[-1.32248,52.08587],[-1.32195,52.0849],[-1.32182,52.08455],[-1.32184,52.08429],[-1.3221,52.08359],[-1.32195,52.08224],[-1.32223,52.08132],[-1.32237,52.08111],[-1.32327,52.08079],[-1.32904,52.07958]],[[-1.31758,52.13254],[-1.31743,52.13145],[-1.31717,52.13104],[-1.31656,52.13059],[-1.31469,52.12943],[-1.31272,52.12804],[-1.3125,52.12761],[-1.31224,52.12582],[-1.3123,52.12524],[-1.31276,52.12355],[-1.31336,52.1209],[-1.3134,52.11883],[-1.31346,52.11849],[-1.31365,52.11806],[-1.31489,52.11672],[-1.31632,52.11477],[-1.31668,52.11372],[-1.31713,52.11199],[-1.31689,52.11068],[-1.31671,52.11029],[-1.31554,52.10848],[-1.31446,52.10803],[-1.31278,52.10769],[-1.31185,52.10722],[-1.31158,52.10704],[-1.31133,52.10677],[-1.31111,52.10634],[-1.31096,52.10566],[-1.31094,52.1032],[-1.31099,52.10308],[-1.31135,52.10276],[-1.31478,52.10043],[-1.31764,52.0983],[-1.31943,52.09686],[-1.32018,52.09659],[-1.32182,52.0964],[-1.32242,52.09617],[-1.32254,52.09592],[-1.32237,52.09527],[-1.32236,52.09489],[-1.32244,52.09463],[-1.32274,52.09422]],[[-1.35499,52.18905],[-1.35499,52.18816],[-1.35493,52.18794],[-1.35377,52.18674],[-1.35365,52.18645],[-1.35372,52.18617],[-1.35387,52.18599],[-1.35431,52.18573],[-1.35601,52.18509],[-1.35627,52.18485],[-1.35666,52.18409],[-1.35657,52.1839],[-1.35444,52.18194],[-1.35435,52.18165],[-1.35437,52.18152],[-1.35453,52.18133],[-1.35597,52.18035],[-1.35637,52.18015],[-1.35749,52.17985],[-1.35811,52.17934],[-1.35836,52.17922],[-1.35891,52.17912],[-1.35981,52.17912],[-1.36075,52.17887],[-1.36198,52.17879],[-1.36392,52.17825],[-1.36441,52.17797],[-1.36458,52.1778],[-1.36468,52.17763],[-1.36475,52.17726],[-1.36489,52.17701],[-1.36509,52.17685],[-1.36683,52.17619],[-1.36769,52.17598],[-1.36894,52.17598],[-1.36982,52.17571],[-1.37105,52.17556],[-1.37206,52.17521],[-1.37324,52.17448],[-1.37368,52.17407],[-1.37375,52.17386],[-1.37376,52.17333],[-1.37425,52.17274],[-1.37423,52.17252],[-1.37405,52.17222],[-1.37318,52.17125],[-1.37278,52.1709],[-1.36983,52.16925],[-1.36933,52.16904],[-1.36017,52.16602],[-1.35342,52.16392],[-1.35162,52.16379],[-1.34994,52.16386],[-1.34915,52.16365],[-1.34863,52.16343],[-1.3478,52.163],[-1.34675,52.16223],[-1.34663,52.16191],[-1.34666,52.16152],[-1.34698,52.16049],[-1.34682,52.16017],[-1.3456,52.15919],[-1.34497,52.15881],[-1.34201,52.15814],[-1.34105,52.15766],[-1.33979,52.1569],[-1.33926,52.15686],[-1.33854,52.15698],[-1.3355,52.15765],[-1.33366,52.15768],[-1.33285,52.15756],[-1.3325,52.15744],[-1.33138,52.15671],[-1.33092,52.15653],[-1.3293,52.15646],[-1.32696,52.15571],[-1.32575,52.15549],[-1.32518,52.15527],[-1.32467,52.15481],[-1.32441,52.15446],[-1.32438,52.15407],[-1.3246,52.15339],[-1.32445,52.15307],[-1.32423,52.15292],[-1.32299,52.15266],[-1.32248,52.15247],[-1.32171,52.15174],[-1.32135,52.15103],[-1.32136,52.14993],[-1.32142,52.14971],[-1.32237,52.14892],[-1.32254,52.14886],[-1.32279,52.14848],[-1.32275,52.14827],[-1.32229,52.1474],[-1.3215,52.14651],[-1.32113,52.14594],[-1.32115,52.14322],[-1.3213,52.14257],[-1.32291,52.13983],[-1.32316,52.13919],[-1.3228,52.13877],[-1.32171,52.13795],[-1.32162,52.13769],[-1.32179,52.13716],[-1.32179,52.13694],[-1.32169,52.13673],[-1.32143,52.13647],[-1.32112,52.13631],[-1.32088,52.13628],[-1.31977,52.13634],[-1.31936,52.1363],[-1.31905,52.13617],[-1.31868,52.13587],[-1.31784,52.13438],[-1.31758,52.13255]],[[-1.36365,52.19435],[-1.36428,52.19434],[-1.36549,52.19416],[-1.36737,52.19376],[-1.36825,52.19347],[-1.36939,52.19331],[-1.37055,52.19273],[-1.37177,52.1926],[-1.37202,52.19243],[-1.37204,52.19217],[-1.37193,52.19197],[-1.37162,52.19176],[-1.36946,52.19101],[-1.3691,52.19094],[-1.36835,52.19094],[-1.36741,52.19068],[-1.36662,52.19059],[-1.36588,52.19056],[-1.36473,52.19064],[-1.36339,52.19058],[-1.36104,52.19018],[-1.36026,52.19013],[-1.35937,52.19014],[-1.35789,52.19049],[-1.35717,52.19057],[-1.35679,52.19054],[-1.35598,52.1903],[-1.35535,52.18998],[-1.35508,52.18957],[-1.35499,52.18905]],[[-1.32022,52.22242],[-1.32012,52.22213],[-1.32014,52.22175],[-1.3206,52.22068],[-1.32251,52.22009],[-1.32661,52.21808],[-1.32702,52.21784],[-1.32914,52.21623],[-1.33042,52.21555],[-1.33062,52.2153],[-1.33068,52.2151],[-1.3306,52.2148],[-1.3304,52.21464],[-1.33,52.21448],[-1.32898,52.21441],[-1.32819,52.21458],[-1.32684,52.21462],[-1.32597,52.21452],[-1.32428,52.21369],[-1.32207,52.21309],[-1.32182,52.21291],[-1.32171,52.21271],[-1.32169,52.2125],[-1.32176,52.2121],[-1.322,52.21184],[-1.32417,52.20988],[-1.32506,52.20923],[-1.32581,52.20826],[-1.32618,52.20758],[-1.32806,52.20597],[-1.32869,52.20512],[-1.32861,52.20478],[-1.32824,52.20451],[-1.32785,52.20441],[-1.32586,52.20431],[-1.32552,52.20412],[-1.32542,52.20386],[-1.32566,52.20356],[-1.32688,52.20284],[-1.32781,52.20165],[-1.32833,52.20115],[-1.32861,52.20095],[-1.32943,52.20072],[-1.33027,52.20016],[-1.33078,52.1997],[-1.33082,52.19931],[-1.33052,52.19895],[-1.32976,52.19859],[-1.32877,52.19835],[-1.32839,52.19809],[-1.32828,52.19786],[-1.32801,52.19634],[-1.32811,52.19587],[-1.3284,52.1953],[-1.32967,52.19443],[-1.33169,52.19254],[-1.33176,52.19229],[-1.33163,52.19174],[-1.33133,52.19141],[-1.33083,52.1911],[-1.33076,52.19103],[-1.33074,52.19086],[-1.33081,52.19068],[-1.33194,52.1894],[-1.33227,52.18933],[-1.33301,52.18952],[-1.33386,52.18956],[-1.335,52.18949],[-1.33647,52.1893],[-1.33815,52.18942],[-1.33937,52.18922],[-1.34003,52.18926],[-1.34068,52.18943],[-1.34101,52.18958],[-1.34126,52.18979],[-1.34129,52.18999],[-1.34118,52.19024],[-1.34089,52.19037],[-1.33986,52.19056],[-1.33933,52.19084],[-1.33876,52.19142],[-1.33877,52.19172],[-1.33932,52.19236],[-1.33999,52.1929],[-1.34055,52.19309],[-1.34154,52.19329],[-1.34242,52.19338],[-1.34279,52.19361],[-1.34348,52.19436],[-1.34398,52.19455],[-1.34547,52.19469],[-1.34729,52.19454],[-1.34903,52.19458],[-1.35114,52.19438],[-1.35145,52.19445],[-1.35241,52.19485],[-1.35338,52.19495],[-1.35499,52.19495],[-1.35558,52.19512],[-1.35618,52.19519],[-1.35721,52.19509],[-1.35925,52.19506],[-1.35986,52.19492],[-1.36172,52.19472],[-1.363,52.19438],[-1.36365,52.19435]],[[-1.33176,52.23447],[-1.33172,52.23361],[-1.3315,52.23318],[-1.3312,52.23292],[-1.33078,52.23269],[-1.32951,52.23216],[-1.32915,52.23186],[-1.32899,52.23153],[-1.32899,52.23132],[-1.32957,52.23005],[-1.33093,52.22815],[-1.33139,52.22741],[-1.33146,52.22709],[-1.33146,52.2266],[-1.33134,52.22629],[-1.3311,52.22599],[-1.33093,52.22586],[-1.33029,52.22562],[-1.32925,52.22536],[-1.32845,52.22525],[-1.32673,52.22531],[-1.32503,52.22556],[-1.32426,52.22553],[-1.32372,52.22543],[-1.32337,52.22525],[-1.32276,52.22475],[-1.3204,52.22268],[-1.32021,52.22242]],[[-1.33902,52.24801],[-1.33918,52.24759],[-1.33935,52.24734],[-1.33974,52.24697],[-1.34043,52.24648],[-1.3405,52.24625],[-1.34028,52.24599],[-1.33818,52.24551],[-1.33654,52.24536],[-1.33594,52.24525],[-1.33381,52.24472],[-1.33101,52.2438],[-1.33082,52.24364],[-1.33078,52.24346],[-1.33085,52.24276],[-1.33106,52.24177],[-1.33193,52.23907],[-1.33214,52.23836],[-1.33221,52.23789],[-1.33217,52.23704],[-1.33177,52.23565],[-1.33175,52.23447]],[[-1.33049,52.25497],[-1.33086,52.25478],[-1.33194,52.25377],[-1.33223,52.25336],[-1.33273,52.25295],[-1.33285,52.25276],[-1.33292,52.25234],[-1.33306,52.25214],[-1.33322,52.25203],[-1.33396,52.25181],[-1.33542,52.25117],[-1.33629,52.25051],[-1.33723,52.25005],[-1.3375,52.24982],[-1.33821,52.24897],[-1.33889,52.24833],[-1.33903,52.24801]],[[-1.31282,52.25815],[-1.31637,52.25856],[-1.31709,52.25853],[-1.31785,52.25839]],[[-1.31785,52.25839],[-1.31883,52.2582],[-1.31959,52.25796],[-1.3221,52.25666],[-1.32464,52.25553],[-1.32533,52.25547],[-1.32696,52.25585],[-1.32745,52.25588],[-1.32881,52.25558],[-1.33049,52.25497]],[[-1.3041,52.25903],[-1.30723,52.25777],[-1.30791,52.25763],[-1.30902,52.25766],[-1.31282,52.25815]],[[-1.29034,52.25932],[-1.29064,52.25917],[-1.29455,52.25896],[-1.29583,52.25873],[-1.29703,52.25872],[-1.29828,52.25842],[-1.29865,52.25846],[-1.3,52.25896],[-1.3006,52.25894],[-1.30184,52.25869],[-1.30215,52.25875],[-1.30257,52.25902],[-1.30307,52.25915],[-1.3041,52.25903]],[[-1.27726,52.26269],[-1.27894,52.26221],[-1.28052,52.26203],[-1.28385,52.26133],[-1.28735,52.26084],[-1.28988,52.25998],[-1.2901,52.25981],[-1.29033,52.25932]],[[-1.25645,52.27388],[-1.257,52.27351],[-1.25759,52.27337],[-1.25811,52.27343],[-1.25902,52.27367],[-1.25945,52.27359],[-1.26128,52.27243],[-1.26312,52.27116],[-1.26369,52.27051],[-1.26517,52.2699],[-1.26567,52.26959],[-1.26865,52.26699],[-1.26909,52.26651],[-1.26933,52.26602],[-1.26953,52.26581],[-1.27045,52.26542],[-1.27124,52.26489],[-1.27159,52.26476],[-1.27276,52.26455],[-1.27382,52.26418],[-1.27416,52.26404],[-1.27576,52.26309],[-1.27726,52.26269]],[[-1.25028,52.27984],[-1.25175,52.27849],[-1.25299,52.27758],[-1.25314,52.2774],[-1.2531,52.27711],[-1.25279,52.27677],[-1.25178,52.27633],[-1.25151,52.27612],[-1.25144,52.27588],[-1.25152,52.27571],[-1.25181,52.2755],[-1.25244,52.27525],[-1.25324,52.27514],[-1.25498,52.2751],[-1.25535,52.275],[-1.25565,52.2748],[-1.25615,52.27416],[-1.25645,52.27388]],[[-1.23739,52.28334],[-1.23977,52.28291],[-1.24323,52.28251],[-1.24628,52.28202],[-1.2469,52.28187],[-1.24776,52.28159],[-1.24896,52.28091],[-1.24978,52.28031],[-1.25028,52.27984]],[[-1.22476,52.28774],[-1.22959,52.28552],[-1.23104,52.28496],[-1.23401,52.28406],[-1.23739,52.28334]],[[-1.22091,52.28951],[-1.22476,52.28774]],[[-1.22091,52.28951],[-1.22041,52.28955]],[[-1.22244,52.3025],[-1.22218,52.30222],[-1.22134,52.30171],[-1.22101,52.3009],[-1.22074,52.30056],[-1.21822,52.29832],[-1.21693,52.29678],[-1.2167,52.2964],[-1.21663,52.29614],[-1.21641,52.29475],[-1.21657,52.29428],[-1.2172,52.29366],[-1.21916,52.29222],[-1.22066,52.29128],[-1.22079,52.29109],[-1.22094,52.29046],[-1.22092,52.29016],[-1.22073,52.28988],[-1.22091,52.28951]],[[-1.23468,52.31561],[-1.2342,52.31393],[-1.23407,52.31217],[-1.23361,52.31146],[-1.23335,52.31047],[-1.23337,52.31016],[-1.2337,52.30898],[-1.23329,52.30753],[-1.23304,52.30711],[-1.23285,52.30695],[-1.23142,52.30632],[-1.23041,52.30575],[-1.23003,52.30564],[-1.22936,52.3056],[-1.22794,52.30596],[-1.2271,52.30605],[-1.22665,52.306],[-1.22591,52.30576],[-1.22459,52.30502],[-1.22337,52.30461],[-1.2228,52.30428],[-1.22251,52.30383],[-1.2225,52.30362],[-1.22265,52.30303],[-1.22262,52.30282],[-1.22244,52.3025]],[[-1.23604,52.33238],[-1.23637,52.33153],[-1.23796,52.33087],[-1.23813,52.33071],[-1.23833,52.32993],[-1.23823,52.32978],[-1.23756,52.32926],[-1.2373,52.32843],[-1.23731,52.32826],[-1.23759,52.32754],[-1.23805,52.32669],[-1.23854,52.32537],[-1.23857,52.3251],[-1.23847,52.32481],[-1.23806,52.32419],[-1.2376,52.32292],[-1.23729,52.32236],[-1.23699,52.32187],[-1.23635,52.32114],[-1.23604,52.32061],[-1.23468,52.31561]],[[-1.22518,52.33807],[-1.23077,52.33582],[-1.23212,52.33534],[-1.23244,52.3351],[-1.23265,52.33471],[-1.23285,52.33449],[-1.23365,52.33411],[-1.23437,52.33342],[-1.23512,52.33295],[-1.23575,52.3327],[-1.23591,52.33259],[-1.23604,52.33238]],[[-1.2076,52.36354],[-1.20591,52.36238],[-1.2048,52.36145],[-1.20333,52.36057],[-1.20144,52.35964],[-1.19889,52.35889],[-1.19858,52.35871],[-1.19824,52.3583],[-1.1982,52.35794],[-1.19827,52.35773],[-1.19852,52.35737],[-1.19875,52.35718],[-1.20045,52.35625],[-1.20137,52.35559],[-1.20156,52.35536],[-1.20173,52.35485],[-1.2029,52.34996],[-1.20317,52.34918],[-1.20388,52.34862],[-1.20687,52.34701],[-1.20751,52.34654],[-1.20883,52.34537],[-1.21072,52.34407],[-1.21167,52.34351],[-1.22518,52.33807]],[[-1.20886,52.36382],[-1.20761,52.36356],[-1.20794,52.36367],[-1.20886,52.36382]],[[-1.21075,52.36421],[-1.20886,52.36382]],[[-1.21164,52.3645],[-1.21155,52.36441],[-1.21126,52.36431],[-1.21075,52.36421]],[[-1.21164,52.3645],[-1.21075,52.36421]],[[-1.21171,52.36599],[-1.21188,52.36481],[-1.21184,52.36467],[-1.21164,52.3645]],[[-1.21171,52.36599],[-1.21052,52.3668]],[[-1.21181,52.36628],[-1.21171,52.36599]],[[-1.21187,52.36683],[-1.21192,52.36672],[-1.21181,52.36628]],[[-1.21187,52.36683],[-1.21176,52.36637],[-1.21181,52.36628]],[[-1.21198,52.36726],[-1.21187,52.36683]],[[-1.21198,52.36726],[-1.2119,52.36742],[-1.21211,52.36856]],[[-1.32217,52.40255],[-1.32186,52.40285]],[[-1.32186,52.40285],[-1.31622,52.40032],[-1.31426,52.39957],[-1.31371,52.39946],[-1.31295,52.39951],[-1.30697,52.40095],[-1.30626,52.40101],[-1.30489,52.40095],[-1.30355,52.40082],[-1.30312,52.40072],[-1.29492,52.39745],[-1.28557,52.39218],[-1.28453,52.39181],[-1.28342,52.39175],[-1.28169,52.39141],[-1.27875,52.39136],[-1.27744,52.39122],[-1.27655,52.39099],[-1.27394,52.3899],[-1.27302,52.38962],[-1.272,52.38944],[-1.26392,52.38915],[-1.26377,52.3891],[-1.26218,52.38918],[-1.25784,52.38965],[-1.25701,52.38969],[-1.25517,52.38958],[-1.25394,52.38928],[-1.25268,52.38932],[-1.25194,52.38919],[-1.25161,52.38904],[-1.25131,52.38881],[-1.25085,52.38813],[-1.25046,52.38786],[-1.24818,52.38704],[-1.24595,52.38582],[-1.24552,52.38551],[-1.24497,52.38535],[-1.244,52.38522],[-1.24319,52.38493],[-1.24284,52.38468],[-1.24124,52.3832],[-1.24034,52.38246],[-1.23618,52.37951],[-1.23568,52.37929],[-1.23504,52.37917],[-1.23462,52.379],[-1.23369,52.37834],[-1.2323,52.37771],[-1.23095,52.37673],[-1.22979,52.37617],[-1.22921,52.37565],[-1.22899,52.37553],[-1.22818,52.37518],[-1.22714,52.37505],[-1.22671,52.37488],[-1.22652,52.37461],[-1.22611,52.3729],[-1.22559,52.37174],[-1.22492,52.37053],[-1.22466,52.37024],[-1.22417,52.36987],[-1.22326,52.3695],[-1.2222,52.36931],[-1.22133,52.36903],[-1.21851,52.36855],[-1.21824,52.36854],[-1.21591,52.36888],[-1.21489,52.36872],[-1.21372,52.36837],[-1.21301,52.36803],[-1.21261,52.3678],[-1.21198,52.36726]],[[-1.4695,52.45778],[-1.46931,52.45765],[-1.46909,52.45767],[-1.46878,52.45785],[-1.46678,52.45852],[-1.46606,52.45866],[-1.46541,52.4586],[-1.46412,52.4582],[-1.46397,52.45806],[-1.46392,52.4579],[-1.46464,52.45691],[-1.46507,52.45585],[-1.46564,52.45522],[-1.46604,52.45466],[-1.46681,52.45325],[-1.46695,52.45284],[-1.46691,52.45261],[-1.46637,52.45184],[-1.4658,52.4516],[-1.46522,52.45157],[-1.46472,52.4517],[-1.46414,52.45198],[-1.46346,52.45208],[-1.46292,52.45201],[-1.46175,52.45168],[-1.46151,52.45149],[-1.46145,52.4507],[-1.46109,52.45032],[-1.45636,52.44759],[-1.45565,52.44709],[-1.44786,52.44334],[-1.44707,52.44304],[-1.44345,52.44296],[-1.44294,52.44302],[-1.43838,52.44508],[-1.43741,52.44527],[-1.4367,52.4453],[-1.43296,52.44504],[-1.43235,52.44508],[-1.43095,52.44558],[-1.42962,52.44614],[-1.42797,52.44711],[-1.4269,52.44805],[-1.42549,52.44863],[-1.42488,52.44874],[-1.42459,52.4487],[-1.42341,52.44829],[-1.42303,52.44825],[-1.42095,52.44847],[-1.42007,52.44843],[-1.41939,52.44829],[-1.41628,52.44705],[-1.41606,52.44691],[-1.41535,52.44598],[-1.41499,52.44585],[-1.41436,52.4458],[-1.41396,52.44584],[-1.41314,52.4461],[-1.41205,52.4467],[-1.41106,52.44745],[-1.40911,52.44839],[-1.4076,52.44866],[-1.40636,52.44873],[-1.40517,52.44868],[-1.40335,52.44848],[-1.40027,52.44787],[-1.39609,52.44677],[-1.39408,52.44605],[-1.39161,52.44491],[-1.38968,52.44379],[-1.38917,52.44343],[-1.38735,52.44193],[-1.38405,52.43893],[-1.38345,52.43823],[-1.38281,52.43734],[-1.37912,52.43095],[-1.37897,52.43051],[-1.37892,52.42996],[-1.37885,52.42981],[-1.37843,52.42924],[-1.37801,52.42886],[-1.37676,52.42817],[-1.37538,52.42786],[-1.37298,52.42701],[-1.37266,52.42696],[-1.37199,52.42699],[-1.37067,52.4273],[-1.37022,52.42729],[-1.36937,52.42714],[-1.36702,52.42651],[-1.35408,52.42214],[-1.35315,52.4216],[-1.35261,52.4211],[-1.3521,52.42046],[-1.35182,52.41992],[-1.35118,52.4182],[-1.35037,52.41572],[-1.34863,52.40747],[-1.34849,52.40712],[-1.34818,52.40665],[-1.34752,52.40607],[-1.34657,52.40565],[-1.34556,52.40547],[-1.34505,52.40544],[-1.34343,52.40513],[-1.33901,52.40404],[-1.33805,52.40387],[-1.33697,52.40422],[-1.33546,52.40457],[-1.33501,52.40492],[-1.33461,52.40542],[-1.33454,52.40566],[-1.33435,52.40587],[-1.33358,52.40634],[-1.33296,52.40646],[-1.33225,52.40647],[-1.33093,52.40616],[-1.32974,52.40613],[-1.32908,52.40603],[-1.32856,52.40576],[-1.32807,52.40541],[-1.3258,52.40461],[-1.32186,52.40285]]]}},{"type":"Feature","properties":{"NAME":"Bugsworth Arm (Peak Forest Canal)"},"geometry":{"type":"LineString","coordinates":[[-1.98179,53.3375],[-1.97987,53.3372],[-1.97892,53.33724],[-1.97827,53.33742],[-1.97754,53.33739],[-1.97738,53.33735],[-1.9768,53.33698],[-1.97591,53.33628],[-1.97511,53.33591],[-1.97462,53.33578],[-1.9735,53.33575],[-1.97252,53.33564],[-1.97198,53.33542],[-1.97135,53.335],[-1.97116,53.33494],[-1.97032,53.33498],[-1.96905,53.33529],[-1.96757,53.33513],[-1.96673,53.33523]]}},{"type":"Feature","properties":{"NAME":"Prescott Channel"},"geometry":{"type":"LineString","coordinates":[[-0.00718,51.53038],[-0.00522,51.52964],[-0.00457,51.52916],[-0.00438,51.52889],[-0.00422,51.52776],[-0.00403,51.5274],[-0.00394,51.52666]]}},{"type":"Feature","properties":{"NAME":"Peak Forest Canal"},"geometry":{"type":"LineString","coordinates":[[-2.09968,53.48252],[-2.099,53.4819],[-2.0989,53.48149],[-2.09896,53.48113],[-2.09941,53.48002],[-2.09994,53.47931],[-2.10007,53.47902],[-2.10006,53.47808],[-2.10021,53.47749],[-2.10046,53.47721],[-2.10128,53.47668],[-2.10166,53.47622],[-2.10179,53.47583],[-2.10177,53.47555],[-2.10192,53.47497],[-2.10221,53.47445],[-2.10275,53.47378],[-2.10308,53.47312],[-2.10317,53.47267],[-2.10308,53.4723],[-2.10243,53.47133],[-2.10154,53.47045],[-2.10107,53.46978],[-2.10066,53.46941],[-2.09987,53.469],[-2.09854,53.46856],[-2.09814,53.46833],[-2.09773,53.46796],[-2.09695,53.46713],[-2.09635,53.4659],[-2.09488,53.4641],[-2.09428,53.46351],[-2.09336,53.46294],[-2.09283,53.46247],[-2.09217,53.46134],[-2.09211,53.4605],[-2.09205,53.46037],[-2.09222,53.46017],[-2.09245,53.45955],[-2.09237,53.45925],[-2.09218,53.45903],[-2.09093,53.45828],[-2.08975,53.45729],[-2.08905,53.45659],[-2.08871,53.45599],[-2.08806,53.45446],[-2.08669,53.45382],[-2.0866,53.45357],[-2.08662,53.45289],[-2.08676,53.45215],[-2.08667,53.45182],[-2.0857,53.45066],[-2.08544,53.4502],[-2.08544,53.45012],[-2.08564,53.44986],[-2.08649,53.44919],[-2.08692,53.44864],[-2.08714,53.44748],[-2.0874,53.44687],[-2.08745,53.44659],[-2.08741,53.44641],[-2.08679,53.44529],[-2.08674,53.44505],[-2.08692,53.4442],[-2.08719,53.4434],[-2.0874,53.44318],[-2.08833,53.44277],[-2.08883,53.44229],[-2.08911,53.44183],[-2.08918,53.44162],[-2.08917,53.44138],[-2.08872,53.44092],[-2.08864,53.44074],[-2.08867,53.4406],[-2.08893,53.44032],[-2.09028,53.43934],[-2.09043,53.43913],[-2.09033,53.43864],[-2.08986,53.43763],[-2.08986,53.4374],[-2.08994,53.43719],[-2.09029,53.43696],[-2.0925,53.43602],[-2.09271,53.43585],[-2.09294,53.43533],[-2.09376,53.43452],[-2.09405,53.43413],[-2.09407,53.43399],[-2.09611,53.43259],[-2.09742,53.43216],[-2.09835,53.43173],[-2.09897,53.43125],[-2.09915,53.43094],[-2.09914,53.43057],[-2.09895,53.43019],[-2.09886,53.43016],[-2.09844,53.42958],[-2.09757,53.42879],[-2.09725,53.42832],[-2.09715,53.42803],[-2.09717,53.42769],[-2.0973,53.42724],[-2.09798,53.42646],[-2.09926,53.42479],[-2.09938,53.42431],[-2.09933,53.42404],[-2.09905,53.42356],[-2.09834,53.42285],[-2.09803,53.42242],[-2.09777,53.42187],[-2.09766,53.42133],[-2.09762,53.42074],[-2.09767,53.42017],[-2.09817,53.41732],[-2.09843,53.41544],[-2.09845,53.41483],[-2.098,53.41349],[-2.09793,53.41307],[-2.09799,53.41272],[-2.0979,53.41166],[-2.09777,53.4115],[-2.09772,53.41124],[-2.09726,53.41034],[-2.09698,53.41013],[-2.09661,53.41004],[-2.09582,53.41002],[-2.09316,53.41022],[-2.09223,53.41006],[-2.09154,53.41002],[-2.08935,53.41044],[-2.0872,53.41065],[-2.08436,53.41071],[-2.08277,53.41064],[-2.07714,53.40886],[-2.07594,53.40879],[-2.07501,53.40841],[-2.07326,53.40801],[-2.068,53.40712],[-2.06707,53.40708],[-2.06643,53.40721],[-2.06624,53.40715],[-2.06515,53.40712],[-2.06477,53.40692],[-2.06363,53.40654],[-2.06257,53.40607],[-2.06126,53.40538],[-2.06083,53.40505],[-2.06049,53.40453],[-2.06042,53.4041],[-2.06051,53.40397],[-2.06055,53.40364],[-2.06029,53.40339],[-2.06019,53.40301],[-2.0602,53.40279],[-2.05963,53.40194],[-2.05946,53.40121],[-2.05949,53.40078],[-2.05943,53.40059],[-2.0593,53.40035],[-2.05906,53.40023],[-2.05853,53.39957],[-2.05859,53.39893],[-2.05847,53.39829],[-2.0585,53.39799],[-2.05862,53.39773],[-2.059,53.39625],[-2.06005,53.39517],[-2.06015,53.39488],[-2.06015,53.39426],[-2.05989,53.39337],[-2.05929,53.39257],[-2.05728,53.39209],[-2.05681,53.39181],[-2.05647,53.39141],[-2.05572,53.38988],[-2.05485,53.3885],[-2.05411,53.38778],[-2.05354,53.38693],[-2.05314,53.38654],[-2.05231,53.386],[-2.05218,53.38574],[-2.05219,53.38559],[-2.05241,53.38532],[-2.05306,53.38488],[-2.05357,53.38441],[-2.05427,53.38357],[-2.05459,53.38303],[-2.05485,53.38214],[-2.05485,53.38148],[-2.05473,53.38075],[-2.05411,53.37974],[-2.05385,53.3795],[-2.05282,53.37868],[-2.05079,53.37745],[-2.04995,53.37649],[-2.04987,53.37628],[-2.04969,53.37617],[-2.04927,53.37617],[-2.04902,53.3761],[-2.04866,53.37588],[-2.04838,53.37405],[-2.04799,53.37316],[-2.04785,53.37249],[-2.04765,53.37195],[-2.04743,53.37171],[-2.04642,53.37094],[-2.04623,53.37072],[-2.04606,53.37028],[-2.04586,53.37001],[-2.04508,53.36948],[-2.04359,53.3693],[-2.04166,53.36877],[-2.03946,53.36831],[-2.0378,53.36762],[-2.03637,53.36727],[-2.03594,53.36711],[-2.03539,53.3668],[-2.03498,53.36642],[-2.03482,53.36608],[-2.03515,53.36535],[-2.03593,53.36471],[-2.03607,53.36451],[-2.03608,53.36437],[-2.03589,53.36395],[-2.03547,53.36341],[-2.03474,53.36266],[-2.03448,53.36253],[-2.03273,53.36236],[-2.03159,53.36185],[-2.03078,53.36158],[-2.0279,53.36128],[-2.02622,53.3607],[-2.0249,53.36014],[-2.02397,53.35991],[-2.02363,53.35992],[-2.02305,53.36009],[-2.02181,53.3606],[-2.02083,53.3608],[-2.01994,53.3609],[-2.0191,53.36089],[-2.01851,53.3608],[-2.01668,53.36022],[-2.01537,53.35986],[-2.01512,53.35985],[-2.01415,53.36023],[-2.01381,53.3603],[-2.01213,53.36021],[-2.01087,53.36032],[-2.00932,53.36028],[-2.00843,53.36047],[-2.00663,53.36098],[-2.00619,53.36102],[-2.00559,53.36096],[-2.00495,53.36084],[-2.00402,53.36043],[-2.00345,53.36007],[-2.00335,53.35985],[-2.00351,53.35941],[-2.0035,53.35903],[-2.00332,53.35875],[-2.00283,53.35842],[-2.00113,53.35794],[-2.00017,53.35751],[-1.99838,53.35706],[-1.99791,53.35682],[-1.99749,53.35647],[-1.99684,53.35565],[-1.99623,53.35519],[-1.99567,53.35459],[-1.9951,53.35415],[-1.99434,53.35318],[-1.99348,53.35259],[-1.99291,53.35206],[-1.99243,53.35174],[-1.99187,53.35125],[-1.99044,53.3507],[-1.98976,53.35025],[-1.98916,53.34966],[-1.98768,53.349],[-1.98748,53.34882],[-1.98735,53.34856],[-1.98725,53.34781],[-1.98715,53.34755],[-1.98626,53.34678],[-1.98595,53.3464],[-1.98564,53.34553],[-1.98487,53.34415],[-1.98468,53.34368],[-1.98455,53.34179],[-1.98441,53.34133],[-1.98341,53.34062],[-1.98275,53.33999],[-1.98216,53.33916],[-1.98178,53.33836],[-1.98179,53.3375],[-1.98247,53.33675],[-1.98267,53.33644],[-1.9828,53.33602],[-1.98285,53.33514],[-1.98291,53.33496],[-1.98416,53.33262],[-1.98414,53.33236],[-1.98371,53.33164],[-1.98362,53.33131]]}},{"type":"Feature","properties":{"NAME":"Liverpool Link"},"geometry":{"type":"LineString","coordinates":[[-2.99649,53.42173],[-3.00331,53.42148],[-3.00375,53.42128],[-3.00384,53.42116],[-3.00406,53.42058],[-3.00405,53.41996],[-3.00373,53.41938],[-3.00295,53.41658],[-3.00296,53.41652],[-3.00323,53.4164],[-3.00305,53.41585],[-3.00241,53.41585],[-3.0022,53.41516],[-3.00223,53.41444],[-3.00199,53.41366],[-3.00129,53.41224],[-3.00091,53.41165],[-3.00067,53.41149],[-3.00046,53.41124],[-2.99917,53.40923],[-2.99857,53.40869],[-2.99752,53.40733],[-2.99761,53.40709],[-2.99736,53.40654],[-2.99729,53.40598],[-2.99738,53.40576],[-2.99651,53.40455],[-2.99609,53.40384],[-2.99597,53.40374],[-2.9944,53.403],[-2.99282,53.40298]]}},{"type":"Feature","properties":{"NAME":"Pocklington Canal"},"geometry":{"type":"MultiLineString","coordinates":[[[-0.85519,53.89046],[-0.85543,53.88892]],[[-0.85519,53.89046],[-0.86098,53.89056],[-0.86211,53.8907],[-0.86266,53.89089],[-0.86862,53.89365],[-0.86934,53.89386],[-0.87479,53.89502],[-0.87562,53.8953],[-0.87792,53.89637],[-0.87878,53.89664],[-0.87993,53.8969],[-0.88355,53.89729],[-0.88876,53.89823],[-0.89203,53.89916],[-0.89339,53.89962],[-0.89541,53.90048],[-0.89649,53.90073],[-0.90201,53.90112],[-0.9032,53.90114],[-0.90381,53.90101],[-0.90828,53.89923],[-0.90882,53.89896],[-0.90921,53.89864],[-0.90958,53.8981],[-0.90985,53.89782],[-0.91073,53.89714],[-0.91106,53.89701],[-0.91252,53.8967],[-0.91303,53.89652],[-0.91329,53.89629],[-0.91428,53.89508],[-0.91505,53.89456],[-0.9157,53.89433],[-0.91793,53.89403],[-0.91841,53.89389],[-0.91881,53.89369],[-0.9211,53.89219],[-0.92129,53.89197],[-0.92134,53.89181],[-0.92128,53.89135],[-0.91956,53.88968],[-0.91942,53.88941],[-0.91943,53.88906],[-0.92008,53.88734],[-0.92038,53.88681],[-0.92231,53.88511],[-0.92284,53.88447],[-0.92286,53.88394],[-0.92215,53.88258],[-0.92199,53.88211],[-0.92192,53.88142],[-0.92193,53.8803],[-0.92197,53.88008],[-0.92223,53.87969],[-0.92269,53.87921],[-0.9234,53.87861],[-0.92418,53.87816],[-0.92495,53.87782],[-0.92794,53.87686],[-0.92957,53.87644],[-0.93204,53.87606],[-0.93586,53.8758],[-0.937,53.87567],[-0.93798,53.87571],[-0.93974,53.87469],[-0.94029,53.87423]],[[-0.78359,53.91593],[-0.78461,53.91505],[-0.7853,53.91477],[-0.78699,53.91428],[-0.78746,53.914],[-0.78771,53.91373],[-0.78795,53.91321],[-0.78805,53.91261],[-0.78791,53.91196],[-0.78776,53.91168],[-0.78761,53.91116],[-0.78749,53.91047],[-0.78752,53.9101],[-0.78771,53.90954],[-0.788,53.90911],[-0.78831,53.90878],[-0.78896,53.90826],[-0.7892,53.9081],[-0.79251,53.90657],[-0.80011,53.90291],[-0.80097,53.90242],[-0.80188,53.90182],[-0.80205,53.90162],[-0.80237,53.90149],[-0.80537,53.89954],[-0.80598,53.89899],[-0.80612,53.89876],[-0.80622,53.89833],[-0.80617,53.89772],[-0.80624,53.89754],[-0.80624,53.89614],[-0.80631,53.89581],[-0.80792,53.89372],[-0.80804,53.8935],[-0.80813,53.89308],[-0.80789,53.89114],[-0.8077,53.89039],[-0.80742,53.88981],[-0.80633,53.88808],[-0.80625,53.88783],[-0.80625,53.88755],[-0.80647,53.88713],[-0.80682,53.88682],[-0.80747,53.8865],[-0.80815,53.88635],[-0.8169,53.88642],[-0.82085,53.88649],[-0.82234,53.88665],[-0.82383,53.88697],[-0.8344,53.88995],[-0.83521,53.89011],[-0.83648,53.89016],[-0.83839,53.88984],[-0.84197,53.88995],[-0.84474,53.89028],[-0.85519,53.89046]]]}},{"type":"Feature","properties":{"NAME":"Brunswick Dock"},"geometry":{"type":"MultiLineString","coordinates":[[[-2.98286,53.38836],[-2.98396,53.38745],[-2.98415,53.38684]],[[-2.98286,53.38836],[-2.98181,53.38598]],[[-2.98365,53.39098],[-2.9836,53.39081],[-2.98331,53.39084],[-2.98174,53.38747],[-2.98116,53.38609],[-2.98147,53.38604],[-2.98151,53.38602],[-2.98147,53.38594],[-2.98227,53.38585],[-2.98282,53.38709],[-2.98294,53.38711],[-2.98308,53.38728],[-2.98321,53.38729],[-2.98325,53.38704],[-2.98353,53.38705],[-2.98371,53.38706],[-2.98368,53.38729],[-2.98382,53.38731],[-2.98388,53.38721],[-2.98397,53.38722],[-2.9839,53.38712],[-2.98396,53.3868],[-2.98437,53.38684],[-2.98426,53.38715],[-2.98409,53.38721],[-2.98424,53.38725],[-2.98401,53.38814],[-2.98438,53.38886],[-2.98462,53.38882],[-2.98464,53.38887],[-2.9844,53.38893],[-2.98514,53.39053],[-2.98504,53.39059],[-2.98405,53.39073],[-2.98411,53.39093],[-2.9839,53.39101],[-2.98365,53.39098]],[[-2.98389,53.391],[-2.98286,53.38836]]]}},{"type":"Feature","properties":{"NAME":"Queen's Dock"},"geometry":{"type":"MultiLineString","coordinates":[[[-2.98427,53.3922],[-2.98426,53.3922]],[[-2.98427,53.3922],[-2.98448,53.39218],[-2.98452,53.39236],[-2.98466,53.39231],[-2.98485,53.39259],[-2.98874,53.39197],[-2.98909,53.39247],[-2.98911,53.39253],[-2.98899,53.39256],[-2.98571,53.39321],[-2.9856,53.39328],[-2.98559,53.39339],[-2.98569,53.3935],[-2.98597,53.39356],[-2.98668,53.39357],[-2.98669,53.3937],[-2.98683,53.39381],[-2.98655,53.39394],[-2.98629,53.3942],[-2.98639,53.39438],[-2.98665,53.39441],[-2.98702,53.39506],[-2.98686,53.3951],[-2.98689,53.39516],[-2.98638,53.39532],[-2.98636,53.39541],[-2.98664,53.39583],[-2.9864,53.39589]],[[-2.98473,53.39316],[-2.98885,53.39237]],[[-2.98473,53.39316],[-2.98427,53.3922]],[[-2.9864,53.39589],[-2.98473,53.39316]],[[-2.9864,53.39589],[-2.98622,53.39594],[-2.98604,53.39574],[-2.98584,53.39586],[-2.98582,53.39596],[-2.98553,53.39602],[-2.98397,53.39376],[-2.98338,53.39251],[-2.98406,53.39239],[-2.984,53.39223],[-2.98427,53.3922]],[[-2.98651,53.39603],[-2.9864,53.39589]]]}},{"type":"Feature","properties":{"NAME":"Rushall Canal"},"geometry":{"type":"LineString","coordinates":[[-1.94235,52.59041],[-1.9425,52.59025],[-1.94752,52.57817],[-1.95117,52.56907],[-1.95318,52.55468],[-1.95354,52.55344],[-1.95389,52.55263],[-1.95438,52.552],[-1.95551,52.55101],[-1.95665,52.55041]]}},{"type":"Feature","properties":{"NAME":"Rochdale Canal"},"geometry":{"type":"LineString","coordinates":[[-1.90114,53.71014],[-1.90128,53.70985],[-1.90163,53.70963],[-1.90366,53.70928],[-1.90577,53.70919],[-1.90825,53.70984],[-1.91047,53.70935],[-1.91277,53.70908],[-1.9131,53.70913],[-1.91362,53.70939],[-1.91559,53.71062],[-1.9168,53.71118],[-1.91734,53.7114],[-1.92007,53.71223],[-1.92377,53.71242],[-1.92707,53.7125],[-1.92991,53.71233],[-1.93154,53.7124],[-1.9334,53.71255],[-1.93719,53.71345],[-1.9391,53.71416],[-1.94011,53.71461],[-1.94068,53.71495],[-1.94119,53.71541],[-1.94172,53.71604],[-1.9421,53.71757],[-1.94239,53.71834],[-1.94324,53.71996],[-1.94387,53.72094],[-1.94479,53.72198],[-1.94581,53.72299],[-1.94824,53.72459],[-1.9495,53.72516],[-1.95132,53.72574],[-1.95278,53.72668],[-1.95653,53.72855],[-1.959,53.72994],[-1.96002,53.73028],[-1.96112,53.73056],[-1.96231,53.73117],[-1.96271,53.73128],[-1.96316,53.73131],[-1.96529,53.73122],[-1.97111,53.73035],[-1.97373,53.72978],[-1.97509,53.72958],[-1.97593,53.72952],[-1.97721,53.72958],[-1.97763,53.72969],[-1.97828,53.73004],[-1.97861,53.73045],[-1.98049,53.73114],[-1.98233,53.73167],[-1.9841,53.73243],[-1.98609,53.73312],[-1.98809,53.73359],[-1.98955,53.73386],[-1.99095,53.73403],[-1.9958,53.73504],[-1.99659,53.73517],[-1.99904,53.73531],[-1.99969,53.73542],[-2.00076,53.73578],[-2.00459,53.73733],[-2.00652,53.73802],[-2.00999,53.73998],[-2.01151,53.74011],[-2.01719,53.74033],[-2.01942,53.74073],[-2.02176,53.74076],[-2.02424,53.74092],[-2.02673,53.74083],[-2.02726,53.74076],[-2.02777,53.7406],[-2.02916,53.73996],[-2.02983,53.73956],[-2.03111,53.73824],[-2.03175,53.73776],[-2.03236,53.73744],[-2.03369,53.7371],[-2.0344,53.73684],[-2.03511,53.73649],[-2.0363,53.73606],[-2.03672,53.73598],[-2.03774,53.73597],[-2.03927,53.73608],[-2.03971,53.73599],[-2.04045,53.73546],[-2.04177,53.73497],[-2.04349,53.73403],[-2.04391,53.73365],[-2.04501,53.7322],[-2.04566,53.73156],[-2.04608,53.73126],[-2.04726,53.73076],[-2.05004,53.72973],[-2.05079,53.72923],[-2.05223,53.72805],[-2.05281,53.72753],[-2.05352,53.72676],[-2.05427,53.725],[-2.05459,53.72387],[-2.05483,53.72347],[-2.05669,53.72187],[-2.05711,53.72166],[-2.05893,53.72019],[-2.06003,53.71958],[-2.06188,53.71896],[-2.06491,53.71827],[-2.06642,53.71781],[-2.06692,53.71772],[-2.06827,53.71769],[-2.06972,53.71798],[-2.07049,53.71799],[-2.07168,53.71789],[-2.07341,53.71731],[-2.07616,53.71596],[-2.07795,53.71539],[-2.08123,53.71467],[-2.08314,53.71462],[-2.08402,53.71451],[-2.08541,53.71403],[-2.08732,53.71354],[-2.08787,53.71335],[-2.08825,53.71314],[-2.08867,53.71304],[-2.08914,53.71302],[-2.09111,53.71345],[-2.09313,53.71328],[-2.09504,53.71327],[-2.09646,53.71296],[-2.09747,53.71254],[-2.09825,53.71237],[-2.10004,53.71278],[-2.10041,53.71281],[-2.10065,53.7128],[-2.10132,53.7125],[-2.102,53.71193],[-2.10225,53.71116],[-2.10279,53.71025],[-2.10427,53.70822],[-2.10512,53.7073],[-2.10613,53.70655],[-2.10746,53.70584],[-2.10846,53.70511],[-2.10866,53.70464],[-2.1088,53.70395],[-2.10877,53.70372],[-2.10866,53.70352],[-2.10825,53.70312],[-2.10679,53.70208],[-2.10554,53.70071],[-2.10525,53.70014],[-2.10525,53.69996],[-2.10533,53.69963],[-2.1056,53.6992],[-2.10559,53.69905],[-2.10511,53.69837],[-2.10319,53.69618],[-2.1027,53.69585],[-2.10191,53.69553],[-2.1005,53.69529],[-2.10021,53.69518],[-2.09995,53.69499],[-2.09971,53.69466],[-2.09959,53.69427],[-2.09946,53.69254],[-2.09959,53.69199],[-2.09997,53.69143],[-2.1,53.6912],[-2.09988,53.69077],[-2.09933,53.69013],[-2.09812,53.68916],[-2.09628,53.68842],[-2.09465,53.68748],[-2.09441,53.68721],[-2.09426,53.68685],[-2.09418,53.68621],[-2.09376,53.68574],[-2.09204,53.68479],[-2.09166,53.68451],[-2.09042,53.68312],[-2.08951,53.6826],[-2.08897,53.6822],[-2.08854,53.68198],[-2.08734,53.68155],[-2.08704,53.68133],[-2.08629,53.68064],[-2.08602,53.68031],[-2.08523,53.67908],[-2.08443,53.67827],[-2.08323,53.67736],[-2.08285,53.67683],[-2.08282,53.67657],[-2.08309,53.67529],[-2.0843,53.67182],[-2.08415,53.67115],[-2.08393,53.67073],[-2.08361,53.67023],[-2.08285,53.66928],[-2.08269,53.66897],[-2.08244,53.66842],[-2.0821,53.66718],[-2.08184,53.66649],[-2.08158,53.66604],[-2.08123,53.66562],[-2.08108,53.66526],[-2.0811,53.66508],[-2.08138,53.66443],[-2.08141,53.66328],[-2.08151,53.66288],[-2.08195,53.66185],[-2.082,53.66141],[-2.08186,53.66078],[-2.08182,53.66027],[-2.08194,53.65959],[-2.08223,53.65878],[-2.08239,53.65851],[-2.0825,53.65784],[-2.08266,53.65732],[-2.08257,53.65667],[-2.08194,53.65571],[-2.08179,53.65502],[-2.0818,53.65479],[-2.08219,53.6539],[-2.08328,53.65194],[-2.08347,53.65134],[-2.08369,53.65093],[-2.08392,53.6506],[-2.08474,53.64985],[-2.08674,53.64836],[-2.08887,53.64596],[-2.08931,53.64538],[-2.08964,53.64467],[-2.09086,53.6435],[-2.09238,53.64278],[-2.09497,53.64235],[-2.0965,53.64172],[-2.09837,53.64085],[-2.10012,53.63952],[-2.10096,53.63906],[-2.10238,53.63842],[-2.10507,53.63769],[-2.10797,53.63642],[-2.10952,53.63496],[-2.11109,53.63456],[-2.11168,53.63425],[-2.1119,53.63405],[-2.11263,53.63303],[-2.11446,53.63148],[-2.11499,53.63075],[-2.11512,53.63048],[-2.11539,53.62944],[-2.11586,53.62889],[-2.11663,53.62839],[-2.11735,53.62812],[-2.11869,53.62736],[-2.12141,53.62664],[-2.12216,53.6263],[-2.12317,53.62568],[-2.12704,53.62236],[-2.12723,53.61449],[-2.12742,53.614],[-2.12772,53.61368],[-2.12865,53.61298],[-2.13181,53.61076],[-2.13361,53.60963],[-2.13523,53.60886],[-2.13604,53.6087],[-2.13679,53.60864],[-2.14398,53.60831],[-2.1458,53.60801],[-2.14739,53.60766],[-2.14797,53.60746],[-2.15135,53.6044],[-2.15205,53.60409],[-2.15317,53.60366],[-2.15522,53.60324],[-2.15694,53.60256],[-2.1613,53.60113],[-2.16204,53.60094],[-2.16677,53.59922],[-2.16805,53.59803],[-2.16862,53.59774],[-2.17045,53.59706],[-2.17225,53.59623],[-2.17464,53.59477],[-2.17543,53.59414],[-2.17654,53.5928],[-2.17741,53.59159],[-2.178,53.59053],[-2.17817,53.58998],[-2.17857,53.58522],[-2.17833,53.58411],[-2.17751,53.58293],[-2.17761,53.58175],[-2.17777,53.58135],[-2.17974,53.57972],[-2.18002,53.57933],[-2.18013,53.57905],[-2.18011,53.57884],[-2.18005,53.5786],[-2.17983,53.57829],[-2.17678,53.57507],[-2.17637,53.57458],[-2.17604,53.57402],[-2.17572,53.573],[-2.17559,53.56973],[-2.17562,53.56895],[-2.17584,53.5677],[-2.17599,53.56718],[-2.17705,53.56518],[-2.17759,53.56392],[-2.17781,53.56323],[-2.17776,53.56266],[-2.17764,53.56219],[-2.17698,53.56117],[-2.17599,53.56018],[-2.17434,53.55894],[-2.17362,53.55807],[-2.17327,53.55709],[-2.17304,53.55667],[-2.1723,53.55612],[-2.1703,53.55507],[-2.1684,53.55445],[-2.16763,53.55444],[-2.16589,53.55474],[-2.16539,53.55477],[-2.16516,53.5547],[-2.16499,53.55454],[-2.16499,53.55385],[-2.16514,53.55323],[-2.16538,53.5529],[-2.16569,53.55262],[-2.16621,53.55236],[-2.16827,53.55202],[-2.16877,53.55188],[-2.16913,53.5516],[-2.16929,53.5514],[-2.16934,53.55118],[-2.16921,53.55042],[-2.16856,53.54851],[-2.16848,53.54792],[-2.16875,53.54597],[-2.16943,53.54415],[-2.16947,53.54382],[-2.16936,53.5429],[-2.16875,53.54062],[-2.16873,53.53953],[-2.16895,53.53697],[-2.16888,53.53625],[-2.16867,53.53561],[-2.16773,53.53409],[-2.16629,53.533],[-2.16332,53.53139],[-2.1627,53.53088],[-2.16196,53.53009],[-2.15976,53.52758],[-2.15856,53.52696],[-2.15782,53.52625],[-2.15665,53.52543],[-2.15649,53.52525],[-2.15645,53.52514],[-2.15689,53.524],[-2.15666,53.52369],[-2.15599,53.52308],[-2.15545,53.52242],[-2.15488,53.52079],[-2.15456,53.51913],[-2.15465,53.51835],[-2.15479,53.51787],[-2.15499,53.51735],[-2.15526,53.51693],[-2.15614,53.51589],[-2.15743,53.51465],[-2.15772,53.51426],[-2.15778,53.51407],[-2.15803,53.5109],[-2.15795,53.51011],[-2.15799,53.50964],[-2.15848,53.5093],[-2.16207,53.50743],[-2.16453,53.506],[-2.16871,53.50393],[-2.16971,53.50359],[-2.17086,53.50335],[-2.17385,53.50294],[-2.18443,53.50104],[-2.18763,53.50082],[-2.18892,53.50065],[-2.19077,53.50019],[-2.19208,53.49973],[-2.19338,53.49907],[-2.19671,53.49756],[-2.19695,53.49738],[-2.20122,53.49548],[-2.20145,53.49532],[-2.20762,53.49248],[-2.21498,53.48896],[-2.21652,53.48796],[-2.21688,53.48766],[-2.21757,53.48738],[-2.21933,53.48698],[-2.21988,53.4868],[-2.22144,53.48581],[-2.22197,53.48564],[-2.22262,53.48559],[-2.22471,53.48459],[-2.2252,53.48414],[-2.22755,53.483],[-2.22915,53.48185],[-2.22957,53.4814],[-2.22959,53.48127],[-2.22991,53.48078],[-2.23043,53.48009],[-2.231,53.47995],[-2.23188,53.4796],[-2.23252,53.47945],[-2.23336,53.47895],[-2.2344,53.47846],[-2.23725,53.47665],[-2.23886,53.47594],[-2.24094,53.47538],[-2.24385,53.47445],[-2.24434,53.47435],[-2.24566,53.47435],[-2.25017,53.47453],[-2.25639,53.47455]]}},{"type":"Feature","properties":{"NAME":"Regent's Canal"},"geometry":{"type":"MultiLineString","coordinates":[[[-0.18345,51.52113],[-0.18293,51.52128],[-0.1777,51.52418],[-0.17385,51.52607],[-0.17306,51.52628],[-0.17149,51.52649],[-0.17104,51.52648],[-0.17003,51.52665],[-0.16906,51.52696],[-0.16833,51.52738],[-0.16792,51.52769],[-0.16726,51.52839],[-0.16707,51.52869],[-0.16634,51.52952],[-0.16622,51.52986],[-0.16605,51.53174],[-0.16589,51.53205],[-0.16437,51.53383],[-0.16373,51.53435],[-0.16292,51.53472],[-0.16146,51.53525],[-0.15579,51.53669],[-0.15199,51.53725],[-0.15179,51.53774],[-0.15175,51.53807],[-0.15148,51.53856],[-0.15079,51.53926],[-0.15003,51.53984],[-0.14915,51.54029],[-0.14816,51.5405],[-0.14711,51.5406],[-0.14613,51.54085],[-0.14609,51.54094]],[[-0.1208,51.53531],[-0.12086,51.53393]],[[-0.1208,51.53531],[-0.11511,51.53481],[-0.10024,51.53283],[-0.09826,51.53262],[-0.09603,51.53316],[-0.09417,51.5339],[-0.08683,51.53717],[-0.08435,51.53749],[-0.07837,51.53666],[-0.07418,51.53619],[-0.06813,51.53569],[-0.06401,51.53564],[-0.06275,51.53557],[-0.06234,51.53551],[-0.06174,51.53531],[-0.0604,51.5343],[-0.0595,51.5341],[-0.05879,51.5341],[-0.05807,51.5342],[-0.05573,51.53496],[-0.05468,51.53516],[-0.05359,51.5351],[-0.05288,51.53494],[-0.04603,51.53265],[-0.04309,51.53118],[-0.04275,51.53094],[-0.04224,51.53044],[-0.03919,51.52622],[-0.03861,51.52565],[-0.03792,51.5251],[-0.03678,51.52396],[-0.03655,51.52303],[-0.03639,51.5206],[-0.03625,51.51942],[-0.03611,51.51882],[-0.036,51.51863],[-0.03412,51.51728],[-0.03387,51.51695],[-0.03377,51.5166],[-0.03389,51.51609],[-0.03433,51.51544],[-0.03612,51.51348],[-0.03662,51.51212]],[[-0.14609,51.54094],[-0.14551,51.54121],[-0.14536,51.54122]],[[-0.14609,51.54094],[-0.14568,51.54105],[-0.14536,51.54122]],[[-0.14536,51.54122],[-0.14383,51.54171],[-0.14324,51.54176],[-0.14229,51.54153],[-0.14088,51.54091],[-0.13954,51.54117],[-0.13831,51.54074],[-0.1367,51.54082],[-0.13366,51.53921],[-0.1324,51.5383],[-0.1305,51.5374],[-0.12883,51.53695],[-0.12835,51.53661],[-0.12693,51.53504],[-0.12647,51.5347],[-0.12572,51.53469],[-0.12259,51.53549],[-0.1208,51.53531]]]}},{"type":"Feature","properties":{"NAME":"Ripon Canal"},"geometry":{"type":"LineString","coordinates":[[-1.51852,54.1325],[-1.51701,54.13217],[-1.51473,54.13152],[-1.51209,54.13018],[-1.50996,54.1294],[-1.50687,54.12875],[-1.50634,54.12844],[-1.50577,54.1279],[-1.50553,54.12756],[-1.50483,54.12448],[-1.5043,54.12276],[-1.49978,54.11757],[-1.49888,54.11438],[-1.49878,54.11423],[-1.4961,54.11185],[-1.49395,54.10854],[-1.49289,54.1064],[-1.49281,54.10602],[-1.49249,54.10524],[-1.49236,54.10511]]}},{"type":"Feature","properties":{"NAME":"Ribble Link"},"geometry":{"type":"MultiLineString","coordinates":[[[-2.83214,53.70053],[-2.83257,53.70024],[-2.83299,53.69971],[-2.8332,53.69936],[-2.83354,53.6985],[-2.83365,53.6979],[-2.83364,53.69734],[-2.83332,53.69585],[-2.83314,53.69541],[-2.83273,53.69483],[-2.83222,53.69446],[-2.83152,53.69416],[-2.83039,53.69395],[-2.82993,53.69368],[-2.82981,53.69352],[-2.82971,53.69318],[-2.82961,53.69225],[-2.82939,53.69134],[-2.82911,53.69064],[-2.82873,53.69008],[-2.82784,53.68906],[-2.82572,53.68745],[-2.8254,53.68714]],[[-2.84742,53.73014],[-2.84622,53.72968],[-2.84498,53.72902],[-2.84171,53.72698],[-2.83753,53.72484],[-2.83673,53.72431],[-2.83549,53.72365],[-2.83475,53.72318],[-2.83341,53.72209],[-2.83329,53.72158],[-2.83079,53.71963],[-2.8306,53.71939],[-2.8305,53.71914],[-2.82758,53.71573],[-2.82692,53.71509],[-2.82598,53.7137],[-2.82574,53.71319],[-2.82552,53.71243],[-2.82533,53.71043],[-2.82478,53.707],[-2.82421,53.70427],[-2.82416,53.7036],[-2.82395,53.70279],[-2.82402,53.70242],[-2.8243,53.7018],[-2.82458,53.7013],[-2.82483,53.70107],[-2.82547,53.70077],[-2.82589,53.70075],[-2.82808,53.70114],[-2.82957,53.7012],[-2.83111,53.70104],[-2.83182,53.70078],[-2.83217,53.70053]],[[-2.85033,53.73122],[-2.84742,53.73014]],[[-2.74632,53.77542],[-2.74639,53.77521],[-2.74685,53.77476],[-2.74542,53.77425],[-2.74606,53.77406],[-2.74648,53.77363],[-2.74703,53.77336],[-2.74899,53.77297],[-2.75078,53.77288],[-2.75212,53.77274],[-2.75395,53.77275],[-2.7558,53.77244],[-2.75599,53.77239],[-2.75608,53.7723],[-2.75584,53.77198],[-2.75589,53.7718],[-2.75692,53.77187],[-2.75772,53.77208],[-2.75806,53.7721],[-2.76037,53.77183],[-2.7606,53.77177],[-2.76092,53.77158],[-2.76158,53.77154],[-2.76406,53.77102],[-2.76463,53.77085],[-2.76599,53.77059],[-2.76706,53.77026],[-2.76854,53.77006],[-2.77081,53.76934],[-2.77166,53.76891],[-2.77208,53.76877],[-2.77356,53.76877],[-2.77412,53.76889],[-2.77548,53.76887],[-2.77592,53.76852],[-2.77618,53.7684],[-2.77766,53.76794],[-2.77914,53.7679],[-2.78116,53.76746],[-2.78163,53.76724],[-2.78237,53.76712],[-2.78283,53.76687],[-2.78382,53.76657],[-2.78528,53.76597],[-2.78594,53.76563],[-2.78671,53.76544],[-2.78756,53.76512],[-2.78805,53.7651],[-2.78856,53.76524],[-2.78947,53.76562],[-2.78994,53.76563],[-2.7901,53.76556],[-2.79059,53.76485],[-2.79116,53.76462],[-2.79188,53.76405],[-2.79311,53.76383],[-2.79354,53.76381],[-2.79378,53.7637],[-2.79464,53.76279],[-2.79543,53.76224],[-2.79548,53.76207],[-2.79429,53.76156],[-2.79441,53.76136],[-2.79442,53.761],[-2.7943,53.76086],[-2.79383,53.76079],[-2.79288,53.76094],[-2.79251,53.76082],[-2.79204,53.76022],[-2.79163,53.75956],[-2.7907,53.7585],[-2.79066,53.75832],[-2.7908,53.75808],[-2.7908,53.75788],[-2.7904,53.75741],[-2.79042,53.75705],[-2.79035,53.75686],[-2.79018,53.7567],[-2.78952,53.75642],[-2.78945,53.75631],[-2.78942,53.75602],[-2.78869,53.75457],[-2.78845,53.75357],[-2.78802,53.7527],[-2.7881,53.75241],[-2.79434,53.75115],[-2.8035,53.74916],[-2.8381,53.74142],[-2.85764,53.73695],[-2.86006,53.73626],[-2.86372,53.73541],[-2.86388,53.73531],[-2.8639,53.73515],[-2.86362,53.73498],[-2.86314,53.73489],[-2.86087,53.73418],[-2.85771,53.73347],[-2.85602,53.73294],[-2.85432,53.73229],[-2.85264,53.73193],[-2.85031,53.73121]]]}},{"type":"Feature","properties":{"NAME":"River Ouse"},"geometry":{"type":"MultiLineString","coordinates":[[[-1.06161,53.78808],[-1.06474,53.78779],[-1.06579,53.78762],[-1.06613,53.78746],[-1.06629,53.78731],[-1.06652,53.78693],[-1.0665,53.78671],[-1.06624,53.78639],[-1.06462,53.78506],[-1.06339,53.78447],[-1.06136,53.78386],[-1.06061,53.78357],[-1.05878,53.78307],[-1.05297,53.78185],[-1.04983,53.78111],[-1.04808,53.78055],[-1.04475,53.77935],[-1.03845,53.77781],[-1.03541,53.77717],[-1.03419,53.777],[-1.03305,53.77691],[-1.03161,53.77691],[-1.03039,53.77701],[-1.02826,53.77734],[-1.02709,53.77731],[-1.02576,53.77688],[-1.02457,53.77619],[-1.02301,53.77465],[-1.0221,53.77392],[-1.02175,53.77349],[-1.02128,53.77272],[-1.02114,53.77217],[-1.02127,53.77175],[-1.0215,53.77134],[-1.02168,53.77113],[-1.02204,53.77091],[-1.02277,53.77077],[-1.02348,53.77081],[-1.02552,53.77119],[-1.02688,53.77128],[-1.02772,53.77117],[-1.02854,53.77094],[-1.02901,53.77074],[-1.02972,53.77029],[-1.03056,53.76946],[-1.03186,53.76779],[-1.03301,53.76662],[-1.03361,53.76575],[-1.03372,53.7654],[-1.03371,53.76519],[-1.03352,53.76475],[-1.03307,53.76428],[-1.02704,53.76072],[-1.02634,53.76036],[-1.02552,53.76006],[-1.02463,53.75989],[-1.02397,53.75984],[-1.0224,53.75995],[-1.02176,53.76009],[-1.02015,53.76063],[-1.01677,53.76213],[-1.01522,53.76267],[-1.01147,53.76381],[-1.00982,53.76456],[-1.00719,53.76609],[-1.00593,53.76674],[-1.00285,53.76872],[-1.0022,53.76899],[-1.00173,53.76908],[-1.00096,53.76896],[-1.00055,53.76881],[-1.00036,53.76866],[-1.00007,53.76782],[-0.99995,53.76686],[-0.99964,53.7663],[-0.99943,53.76607],[-0.9988,53.76561],[-0.99749,53.76513],[-0.99534,53.76475],[-0.99387,53.76465],[-0.99109,53.76478],[-0.98842,53.76505],[-0.98744,53.765],[-0.98669,53.76475],[-0.98622,53.76431],[-0.98607,53.7639],[-0.9861,53.76375],[-0.98786,53.76207],[-0.98818,53.76118],[-0.98804,53.76058],[-0.98713,53.75913],[-0.98546,53.75692],[-0.98434,53.75574],[-0.98258,53.75414],[-0.98146,53.75322],[-0.97977,53.75214],[-0.97843,53.75146],[-0.97747,53.75105],[-0.97565,53.75039],[-0.97305,53.74967],[-0.97107,53.7492],[-0.96838,53.74875],[-0.96635,53.74829],[-0.96439,53.74744],[-0.96367,53.74694],[-0.96313,53.74643],[-0.96261,53.74564],[-0.9623,53.74492],[-0.9618,53.74338],[-0.9615,53.74183],[-0.96138,53.74072],[-0.9614,53.73985],[-0.96162,53.73874],[-0.96201,53.73781],[-0.96209,53.73712],[-0.96195,53.73673],[-0.9617,53.7364],[-0.96107,53.73605],[-0.96031,53.73586],[-0.95957,53.7358],[-0.95733,53.73585],[-0.95501,53.73603],[-0.95378,53.73602],[-0.95289,53.73593],[-0.95112,53.7355],[-0.94665,53.73369],[-0.94451,53.73302],[-0.94244,53.73263],[-0.94094,53.73243],[-0.93622,53.73192],[-0.93122,53.73172],[-0.92502,53.73186],[-0.92204,53.73215],[-0.91725,53.73294],[-0.914,53.73303],[-0.91205,53.73292],[-0.91127,53.73277],[-0.91083,53.73259],[-0.91058,53.73237],[-0.91041,53.73207],[-0.91031,53.73134],[-0.91048,53.73077],[-0.9114,53.72938],[-0.91175,53.72876],[-0.91177,53.72857],[-0.91161,53.72819],[-0.91113,53.72775],[-0.91084,53.72758],[-0.91029,53.72739],[-0.90759,53.72702],[-0.90651,53.72717],[-0.90479,53.72752],[-0.90212,53.72749],[-0.89965,53.7272],[-0.89756,53.7271],[-0.89498,53.7272],[-0.89368,53.72735],[-0.88954,53.72745],[-0.88832,53.72743],[-0.88695,53.7273],[-0.88597,53.72718],[-0.88472,53.7269],[-0.88313,53.72635],[-0.87758,53.72412],[-0.8759,53.72368],[-0.87373,53.72331],[-0.87226,53.72295],[-0.86599,53.72236],[-0.86413,53.72235],[-0.86215,53.72255],[-0.86067,53.72286],[-0.85964,53.72338],[-0.85914,53.72374],[-0.85862,53.72425],[-0.85839,53.72464],[-0.8583,53.72495],[-0.85837,53.72579],[-0.8583,53.72622],[-0.85832,53.72695],[-0.85838,53.72708],[-0.85875,53.7274],[-0.85884,53.7279],[-0.85914,53.72833],[-0.85906,53.72891],[-0.85926,53.72943],[-0.85918,53.72983],[-0.85923,53.7301],[-0.85912,53.73028],[-0.85853,53.73071],[-0.85798,53.73097],[-0.85721,53.73126],[-0.85633,53.73146],[-0.85543,53.73153],[-0.85409,53.73141],[-0.85363,53.73125],[-0.85297,53.73121],[-0.85166,53.73083],[-0.85024,53.73025],[-0.84952,53.72978],[-0.84921,53.72943],[-0.84857,53.72907],[-0.84781,53.7285],[-0.84728,53.72805],[-0.8468,53.72752],[-0.84654,53.72716],[-0.84629,53.72655],[-0.84513,53.72551],[-0.84463,53.72482],[-0.84377,53.72316],[-0.84332,53.72206],[-0.84272,53.71992],[-0.84223,53.71716],[-0.84209,53.71581],[-0.842,53.71545],[-0.84201,53.71446],[-0.84221,53.71399],[-0.84211,53.71373],[-0.84208,53.71336],[-0.8422,53.71231]],[[-1.12312,53.85871],[-1.12209,53.85826],[-1.11975,53.8576],[-1.11885,53.85724],[-1.11853,53.85695],[-1.11832,53.85662],[-1.1182,53.85624],[-1.11819,53.85573],[-1.11831,53.85512],[-1.11853,53.85454],[-1.11884,53.85402],[-1.11934,53.8534],[-1.1204,53.8524],[-1.12238,53.85115],[-1.123,53.85068],[-1.12362,53.85007],[-1.12407,53.84939],[-1.12424,53.84891],[-1.12425,53.84857],[-1.12407,53.84778],[-1.12383,53.84712],[-1.12379,53.84649],[-1.12388,53.84596],[-1.12423,53.84523],[-1.12468,53.84478],[-1.12555,53.84423],[-1.12673,53.84378],[-1.12752,53.84367],[-1.12811,53.84367],[-1.13005,53.84399],[-1.13208,53.84402],[-1.1327,53.84393],[-1.13337,53.84369],[-1.13382,53.84341],[-1.13412,53.843],[-1.1341,53.84259],[-1.13397,53.84233],[-1.13126,53.83958],[-1.13016,53.83825],[-1.12987,53.83752],[-1.12973,53.83597],[-1.12953,53.8353],[-1.12896,53.83436],[-1.12818,53.83365],[-1.12745,53.83323],[-1.12681,53.83298],[-1.12624,53.83291],[-1.12547,53.83298],[-1.12492,53.8332],[-1.12272,53.83434],[-1.12082,53.83567],[-1.12011,53.83609],[-1.11885,53.83654],[-1.11739,53.83682],[-1.11605,53.83697],[-1.11378,53.83708],[-1.10723,53.83721],[-1.10466,53.83732],[-1.10107,53.83704],[-1.10024,53.8369],[-1.09899,53.83656],[-1.09573,53.83503],[-1.09429,53.83448],[-1.09272,53.83375],[-1.09178,53.83321],[-1.09059,53.83235],[-1.0897,53.83181],[-1.08916,53.83162],[-1.08865,53.83159],[-1.08824,53.83165],[-1.08777,53.83184],[-1.08622,53.83319],[-1.08554,53.83366],[-1.08491,53.83402],[-1.08346,53.83465],[-1.08009,53.83563],[-1.07886,53.83591],[-1.07727,53.83602],[-1.07654,53.83588],[-1.07625,53.83574],[-1.07597,53.83544],[-1.07572,53.83468],[-1.07569,53.83409],[-1.07574,53.8337],[-1.07601,53.83295],[-1.0764,53.83235],[-1.07795,53.83054],[-1.07954,53.82847],[-1.08106,53.82713],[-1.0837,53.8252],[-1.0842,53.82466],[-1.08448,53.82405],[-1.08451,53.82331],[-1.0844,53.82283],[-1.08423,53.82248],[-1.08371,53.8219],[-1.08168,53.82055],[-1.08039,53.81994],[-1.07947,53.8196],[-1.07838,53.81943],[-1.07531,53.81952],[-1.07357,53.81933],[-1.0711,53.81883],[-1.06916,53.81824],[-1.06789,53.81767],[-1.06729,53.81732],[-1.06592,53.8164],[-1.06374,53.81476],[-1.06275,53.81415],[-1.06194,53.81383],[-1.06066,53.81346],[-1.05784,53.8128],[-1.05505,53.8119],[-1.05288,53.81137],[-1.05179,53.81119],[-1.05019,53.81104],[-1.04817,53.81096],[-1.04516,53.81096],[-1.04417,53.81089],[-1.04316,53.81061],[-1.0427,53.81034],[-1.04263,53.81003],[-1.04282,53.8097],[-1.04378,53.80906],[-1.04515,53.80828],[-1.04617,53.80735],[-1.04668,53.80676],[-1.04725,53.80589],[-1.0475,53.80534],[-1.04771,53.80481],[-1.048,53.80366],[-1.04819,53.80242],[-1.04828,53.80126],[-1.04822,53.79974],[-1.04827,53.79699],[-1.04816,53.79551],[-1.04769,53.79419],[-1.04662,53.79241],[-1.04623,53.79161],[-1.04616,53.79129],[-1.04617,53.79091],[-1.04641,53.79037],[-1.04689,53.78991],[-1.04761,53.78949],[-1.04823,53.78928],[-1.0492,53.78909],[-1.05421,53.78896],[-1.05705,53.78865],[-1.05931,53.7883],[-1.06162,53.78807]],[[-1.09731,53.89288],[-1.09718,53.89265],[-1.09666,53.89222],[-1.09507,53.89162],[-1.09436,53.89122],[-1.09393,53.8909],[-1.09359,53.89057],[-1.09332,53.89019],[-1.09322,53.88988],[-1.09324,53.88956],[-1.09337,53.88923],[-1.09381,53.88865],[-1.09461,53.88783],[-1.09538,53.88726],[-1.09571,53.88686],[-1.09581,53.88656],[-1.09586,53.88607],[-1.09554,53.88403],[-1.09571,53.88344],[-1.096,53.88287],[-1.09699,53.882],[-1.09889,53.88121],[-1.09953,53.88079],[-1.09993,53.88033],[-1.10009,53.87994],[-1.10014,53.87948],[-1.09999,53.87836],[-1.1,53.8776],[-1.10004,53.87727],[-1.10025,53.87675],[-1.10069,53.87639],[-1.10144,53.87605],[-1.1021,53.87593],[-1.10504,53.87569],[-1.10612,53.87533],[-1.107,53.87492],[-1.11248,53.87187],[-1.11366,53.87101],[-1.11546,53.86932],[-1.11672,53.86834],[-1.11739,53.8679],[-1.11956,53.86674],[-1.12051,53.86638],[-1.12176,53.86609],[-1.12568,53.86562],[-1.12648,53.86535],[-1.1269,53.86507],[-1.12746,53.86437],[-1.12773,53.86393],[-1.1279,53.86349],[-1.12795,53.86322],[-1.12792,53.86289],[-1.12768,53.86225],[-1.12754,53.86202],[-1.12675,53.86129],[-1.12504,53.85988],[-1.12455,53.85953],[-1.1231,53.85873]],[[-1.09756,53.89373],[-1.09742,53.89297],[-1.09731,53.89288]],[[-1.09756,53.89373],[-1.09739,53.89361],[-1.09732,53.89342],[-1.09723,53.893],[-1.09731,53.89288]],[[-1.27891,54.03777],[-1.27882,54.03707],[-1.27856,54.03635],[-1.27802,54.03569],[-1.27743,54.03519],[-1.27696,54.03494],[-1.27601,54.03463],[-1.27545,54.03449],[-1.27471,54.0344],[-1.27364,54.03449],[-1.27302,54.03473],[-1.27257,54.03513],[-1.2723,54.03573],[-1.27189,54.03613],[-1.27151,54.03633],[-1.27082,54.03647],[-1.27024,54.03645],[-1.26964,54.03633],[-1.26907,54.03609],[-1.26817,54.03554],[-1.26737,54.03523],[-1.26691,54.03513],[-1.26598,54.03505],[-1.26443,54.03511],[-1.25886,54.03596],[-1.25703,54.03606],[-1.25473,54.03604],[-1.25361,54.03586],[-1.24991,54.03459],[-1.24657,54.03412],[-1.24494,54.0335],[-1.24436,54.03334],[-1.24339,54.0332],[-1.24208,54.03311],[-1.24157,54.03318],[-1.24085,54.03349],[-1.23817,54.03498],[-1.23666,54.03552],[-1.23593,54.0356],[-1.23552,54.03556],[-1.23418,54.0352],[-1.23276,54.035],[-1.2302,54.03483],[-1.22818,54.03507],[-1.22729,54.03507],[-1.22468,54.0347],[-1.22411,54.03454],[-1.22348,54.03415],[-1.22288,54.03349],[-1.22295,54.03314],[-1.22347,54.03215],[-1.22354,54.03188],[-1.22353,54.03136],[-1.22316,54.0305],[-1.22235,54.0295],[-1.2219,54.02883],[-1.22151,54.028],[-1.22128,54.0277],[-1.22053,54.02721],[-1.22017,54.0269],[-1.21899,54.0263],[-1.2183,54.02583],[-1.21809,54.02551],[-1.21757,54.02429],[-1.21751,54.02368],[-1.21759,54.02335],[-1.21809,54.02269],[-1.21851,54.02197],[-1.21878,54.02123],[-1.21875,54.02066],[-1.21833,54.0194],[-1.21833,54.01866],[-1.21929,54.01586],[-1.21929,54.01567],[-1.2191,54.01522],[-1.2184,54.01438],[-1.21805,54.0143],[-1.21693,54.01438],[-1.2153,54.01488],[-1.21364,54.01518],[-1.21105,54.01581],[-1.20843,54.01624],[-1.20735,54.01626],[-1.2065,54.0161],[-1.20567,54.01572],[-1.20534,54.01542],[-1.20488,54.01458],[-1.20399,54.01363],[-1.2024,54.01264],[-1.20118,54.01217],[-1.20023,54.01195],[-1.19906,54.01185],[-1.19813,54.01193],[-1.19657,54.0123],[-1.1958,54.01238],[-1.1948,54.01228],[-1.19402,54.01205],[-1.19344,54.01173],[-1.1927,54.01106],[-1.19234,54.01061],[-1.19135,54.00883],[-1.19085,54.0083],[-1.19052,54.00811],[-1.18895,54.00765],[-1.18705,54.00723],[-1.18496,54.00632],[-1.18385,54.00567],[-1.1824,54.00454],[-1.18129,54.00354],[-1.18037,54.00301],[-1.17905,54.00272],[-1.17698,54.00245],[-1.17592,54.00225],[-1.17374,54.00177],[-1.17283,54.00147],[-1.17183,54.00092],[-1.17045,53.99986],[-1.16971,53.99913],[-1.1691,53.99842],[-1.16816,53.99709],[-1.16764,53.99661],[-1.1671,53.99622],[-1.16677,53.99605],[-1.16606,53.99583],[-1.16448,53.99558],[-1.16337,53.99531],[-1.16143,53.99466],[-1.16074,53.99428],[-1.1599,53.9935],[-1.15904,53.99292],[-1.15297,53.98966],[-1.15172,53.98911],[-1.15062,53.98893],[-1.1496,53.98887],[-1.14741,53.98896],[-1.14451,53.98935],[-1.14264,53.98973],[-1.14127,53.9901],[-1.14005,53.99054],[-1.13814,53.991],[-1.13719,53.99105],[-1.13453,53.99102],[-1.13289,53.99075],[-1.13212,53.99049],[-1.13151,53.99014],[-1.13122,53.98986],[-1.13062,53.98893],[-1.13056,53.98849],[-1.1311,53.98692],[-1.13103,53.98621],[-1.13071,53.9855],[-1.1298,53.98385],[-1.12919,53.98294],[-1.12823,53.98199],[-1.12758,53.98149],[-1.12498,53.98005],[-1.12322,53.9792],[-1.12281,53.97895],[-1.12161,53.97796],[-1.12122,53.9775],[-1.12105,53.97716],[-1.12088,53.97662],[-1.12079,53.97592],[-1.1201,53.97392],[-1.11962,53.97319],[-1.11916,53.97266],[-1.11871,53.97194],[-1.11819,53.97137],[-1.11718,53.97044],[-1.11661,53.97009],[-1.11558,53.96964],[-1.11459,53.96897],[-1.11422,53.96849],[-1.11394,53.9679],[-1.11362,53.96743],[-1.11315,53.96689],[-1.11265,53.96644],[-1.11198,53.96606],[-1.11134,53.96583],[-1.11063,53.96575],[-1.1097,53.96583],[-1.10895,53.96605],[-1.10835,53.9664],[-1.10776,53.96707],[-1.10747,53.96787],[-1.10706,53.96823],[-1.10632,53.96845],[-1.10576,53.96853],[-1.10502,53.9685],[-1.10424,53.96835],[-1.10375,53.96813],[-1.10342,53.96776],[-1.10329,53.96747],[-1.1032,53.96692],[-1.10309,53.96667],[-1.10283,53.96631],[-1.10247,53.96598],[-1.09933,53.9642],[-1.09631,53.96206],[-1.09567,53.96177],[-1.09475,53.9615],[-1.09132,53.96091],[-1.08784,53.96013],[-1.08675,53.95977],[-1.08631,53.95956],[-1.08523,53.95893],[-1.0849,53.95867],[-1.08428,53.95809],[-1.084,53.95773],[-1.08341,53.95652],[-1.08295,53.95589],[-1.08214,53.95508],[-1.08115,53.95398],[-1.08011,53.95268],[-1.07904,53.95157],[-1.07871,53.95101],[-1.07847,53.95013],[-1.07849,53.9497],[-1.07868,53.9492],[-1.0799,53.94755],[-1.08163,53.94541],[-1.08186,53.94505],[-1.08331,53.94379],[-1.08383,53.94312],[-1.08413,53.94248],[-1.08427,53.94194],[-1.08421,53.94138],[-1.08404,53.94082],[-1.08346,53.9395],[-1.08255,53.93804],[-1.0797,53.93513],[-1.07715,53.93316],[-1.07565,53.93182],[-1.0753,53.93118],[-1.07519,53.93052],[-1.07521,53.93013],[-1.07543,53.92975],[-1.0759,53.92938],[-1.0767,53.92906],[-1.07885,53.92873],[-1.08066,53.92837],[-1.0852,53.92701],[-1.08631,53.92678],[-1.08745,53.92668],[-1.0897,53.92627],[-1.09079,53.92592],[-1.09145,53.92553],[-1.09172,53.92525],[-1.09198,53.92472],[-1.09202,53.92438],[-1.09196,53.92393],[-1.09181,53.92367],[-1.091,53.9228],[-1.08926,53.92201],[-1.08738,53.92127],[-1.08714,53.92109],[-1.08685,53.92071],[-1.08676,53.92033],[-1.08678,53.91986],[-1.08706,53.91863],[-1.08694,53.91749],[-1.08691,53.91621],[-1.08725,53.91503],[-1.08771,53.914],[-1.08808,53.91338],[-1.08866,53.91278],[-1.0916,53.91068],[-1.09204,53.91025],[-1.09229,53.90978],[-1.09233,53.90945],[-1.09224,53.90906],[-1.09208,53.90857],[-1.09175,53.90797],[-1.09145,53.90762],[-1.0906,53.90692],[-1.09034,53.90663],[-1.09019,53.90635],[-1.09008,53.90596],[-1.09009,53.90569],[-1.09033,53.90455],[-1.09051,53.90423],[-1.09078,53.90394],[-1.09174,53.90338],[-1.09273,53.90295],[-1.09372,53.90282],[-1.09475,53.90255],[-1.0965,53.90225],[-1.09735,53.9022],[-1.09913,53.90226],[-1.10035,53.90223],[-1.10144,53.90209],[-1.10205,53.90193],[-1.10264,53.9017],[-1.10305,53.90142],[-1.10345,53.90097],[-1.10366,53.90046],[-1.10367,53.89994],[-1.1035,53.89934],[-1.10304,53.89818],[-1.10266,53.89694],[-1.1022,53.89622],[-1.1017,53.89576],[-1.10076,53.89529],[-1.09959,53.8949],[-1.09801,53.89416],[-1.0976,53.89386],[-1.09756,53.89373]]]}},{"type":"Feature","properties":{"NAME":"River Severn Navigation"},"geometry":{"type":"MultiLineString","coordinates":[[[-2.25269,51.864],[-2.25267,51.86487]],[[-2.25267,51.86487],[-2.25307,51.86472],[-2.25328,51.86453],[-2.25421,51.86333],[-2.25448,51.86316],[-2.25487,51.86304],[-2.25863,51.86242],[-2.2596,51.86219],[-2.25985,51.86221]],[[-2.25267,51.86487],[-2.25282,51.86636],[-2.25295,51.86693],[-2.2531,51.86718],[-2.25331,51.86736],[-2.25417,51.86772],[-2.25647,51.86837],[-2.25689,51.86867],[-2.25694,51.86923],[-2.25654,51.87006],[-2.25655,51.87081],[-2.2566,51.87114],[-2.25722,51.87219],[-2.2573,51.8725],[-2.25724,51.87273],[-2.25697,51.8732],[-2.25698,51.87355],[-2.25719,51.87376],[-2.25754,51.87394],[-2.25914,51.87454],[-2.25993,51.87506],[-2.26143,51.87654],[-2.26174,51.87722],[-2.26178,51.87777],[-2.26165,51.87825],[-2.26111,51.8792],[-2.26067,51.87968],[-2.25997,51.88024],[-2.25873,51.88076],[-2.25458,51.88196],[-2.25256,51.88245],[-2.25099,51.88296],[-2.2504,51.88326],[-2.25,51.88364],[-2.24965,51.8842],[-2.2496,51.88435],[-2.24963,51.88461],[-2.24982,51.88488],[-2.25027,51.88522],[-2.25204,51.88615],[-2.254,51.8868],[-2.25584,51.88728],[-2.25673,51.88766],[-2.25727,51.88798],[-2.2584,51.88893],[-2.25937,51.88987],[-2.25996,51.8907],[-2.26031,51.89138],[-2.26098,51.89223],[-2.26109,51.89242],[-2.26111,51.8926],[-2.2608,51.89336],[-2.2609,51.89416],[-2.26212,51.8981],[-2.26289,51.90006],[-2.26337,51.90081],[-2.26631,51.90344],[-2.26745,51.90474],[-2.26817,51.90591],[-2.26864,51.9069],[-2.26914,51.90832],[-2.26978,51.91073],[-2.27063,51.91256],[-2.27129,51.9145],[-2.27143,51.91527],[-2.27147,51.91596],[-2.27133,51.91659],[-2.27102,51.91719],[-2.2703,51.91819],[-2.2697,51.91883],[-2.26783,51.92045],[-2.26637,51.92189],[-2.26399,51.92379],[-2.26369,51.92398],[-2.26316,51.92418],[-2.26227,51.92434],[-2.26178,51.92436],[-2.26087,51.92425],[-2.25983,51.924],[-2.25732,51.92324],[-2.25474,51.92272],[-2.25315,51.92268],[-2.25194,51.92282],[-2.25108,51.92301],[-2.2501,51.92332],[-2.24892,51.9239],[-2.24827,51.92434],[-2.24676,51.92515],[-2.24596,51.92552],[-2.24499,51.92586],[-2.24345,51.92625],[-2.24009,51.92665],[-2.23937,51.92681],[-2.23655,51.92768],[-2.23264,51.92916],[-2.23105,51.92967],[-2.22987,51.92992],[-2.22699,51.9302],[-2.2261,51.93035],[-2.22417,51.93077],[-2.22367,51.93096],[-2.22338,51.93114],[-2.22303,51.9315],[-2.22265,51.93217],[-2.22257,51.93249],[-2.22258,51.9333],[-2.22291,51.93403],[-2.22329,51.93454],[-2.22393,51.93508],[-2.2247,51.93556],[-2.22668,51.93651],[-2.22755,51.93717],[-2.22844,51.93813],[-2.22876,51.93889],[-2.22888,51.93935],[-2.22881,51.94058],[-2.22851,51.94128],[-2.22775,51.94249],[-2.2275,51.94307],[-2.22737,51.94362],[-2.22733,51.94423],[-2.22759,51.94546],[-2.22759,51.94619],[-2.2275,51.94678],[-2.22723,51.94781],[-2.22701,51.94838],[-2.22677,51.94883],[-2.2262,51.94963],[-2.22564,51.95018],[-2.22459,51.95087],[-2.22418,51.95107],[-2.22371,51.9512],[-2.22298,51.95131],[-2.22197,51.95135],[-2.22139,51.95128],[-2.21937,51.95074],[-2.21798,51.95068],[-2.21715,51.9508],[-2.21635,51.95102],[-2.2155,51.95135],[-2.21475,51.95179],[-2.21389,51.95266],[-2.21328,51.95381],[-2.213,51.95469],[-2.21258,51.95687],[-2.21224,51.95763],[-2.21168,51.95848],[-2.21062,51.95951],[-2.20933,51.96032],[-2.20787,51.96112],[-2.20579,51.96198],[-2.20154,51.96355],[-2.19886,51.96521],[-2.19754,51.96591],[-2.19636,51.96664],[-2.19542,51.96741],[-2.19473,51.96831],[-2.19385,51.9697],[-2.19013,51.97617],[-2.18966,51.9768],[-2.18841,51.97803],[-2.18696,51.97916],[-2.18561,51.98001],[-2.18393,51.98074],[-2.18171,51.98159],[-2.17961,51.98225],[-2.17886,51.98255],[-2.17779,51.98321],[-2.17707,51.98386],[-2.1763,51.98491],[-2.17569,51.98608],[-2.17525,51.98762],[-2.17515,51.98842],[-2.17533,51.99124],[-2.17578,51.99183],[-2.17614,51.9929],[-2.17608,51.99343],[-2.17567,51.99391],[-2.17364,51.99474],[-2.17213,51.99482],[-2.1705,51.99467],[-2.16957,51.99472],[-2.16596,51.9954],[-2.16473,51.99599],[-2.16428,51.99635],[-2.16398,51.99687],[-2.16381,51.99753],[-2.16368,51.99844],[-2.16351,52.00161],[-2.16371,52.00253],[-2.16392,52.00307],[-2.16423,52.00367],[-2.1647,52.00422],[-2.16615,52.00518],[-2.16895,52.00663],[-2.17218,52.00851],[-2.17423,52.0095],[-2.17543,52.00993],[-2.17691,52.01056],[-2.18075,52.01246],[-2.18385,52.01376],[-2.18445,52.01415],[-2.18509,52.01489],[-2.18589,52.01642],[-2.18634,52.01746],[-2.1868,52.01814],[-2.1877,52.01907],[-2.18835,52.01957],[-2.19086,52.02109],[-2.19148,52.02182],[-2.19286,52.02385],[-2.1931,52.02426],[-2.19397,52.0264],[-2.19473,52.02948],[-2.19606,52.03209],[-2.19692,52.03287],[-2.19989,52.03468],[-2.20222,52.03683],[-2.20516,52.03877],[-2.20649,52.04022],[-2.20852,52.04221],[-2.20881,52.04258],[-2.20897,52.04318],[-2.20887,52.04355],[-2.20865,52.04382],[-2.20781,52.04416],[-2.20554,52.04488],[-2.20326,52.046],[-2.20267,52.04644],[-2.20242,52.04671],[-2.20184,52.04777],[-2.20104,52.04973],[-2.20091,52.05085],[-2.20072,52.05174],[-2.20007,52.05403],[-2.19996,52.05504],[-2.20015,52.05671],[-2.20044,52.05819],[-2.20042,52.05839],[-2.20097,52.05972],[-2.20206,52.06091],[-2.20343,52.0619],[-2.20475,52.06251],[-2.20634,52.06294],[-2.2076,52.06319],[-2.21188,52.06379],[-2.21383,52.06414],[-2.21472,52.06436],[-2.21614,52.06486],[-2.21837,52.0654],[-2.22029,52.06613],[-2.22112,52.06652],[-2.22251,52.06735],[-2.22362,52.06836],[-2.22647,52.0719],[-2.22676,52.0724],[-2.22694,52.07301],[-2.22691,52.07386],[-2.22701,52.07434],[-2.22692,52.07469],[-2.22693,52.07539],[-2.22644,52.07689],[-2.22608,52.07779],[-2.22576,52.07839],[-2.22513,52.07914],[-2.22401,52.08018],[-2.22266,52.08118],[-2.21863,52.08323],[-2.21637,52.08416],[-2.21574,52.08451],[-2.21512,52.08502],[-2.21498,52.08516],[-2.21477,52.08556],[-2.21459,52.08641],[-2.21466,52.08748],[-2.21493,52.08891],[-2.21597,52.09102],[-2.21702,52.09244],[-2.21769,52.09313],[-2.21941,52.09465],[-2.22031,52.09553],[-2.22109,52.09635],[-2.2231,52.09874],[-2.22404,52.09952],[-2.2248,52.10004],[-2.22648,52.1009],[-2.22771,52.10134],[-2.2294,52.10162],[-2.23387,52.10208],[-2.23527,52.10231],[-2.23683,52.10281],[-2.23752,52.10317],[-2.23825,52.10374],[-2.2388,52.10445],[-2.23938,52.10584],[-2.23953,52.10664],[-2.23961,52.10752],[-2.23962,52.10866],[-2.23973,52.10941],[-2.23987,52.10982],[-2.24032,52.11071],[-2.24093,52.11159],[-2.24133,52.11237],[-2.2418,52.114],[-2.24205,52.11456],[-2.24296,52.11567],[-2.24336,52.11638],[-2.24353,52.11702],[-2.24339,52.11774],[-2.24307,52.11823],[-2.24188,52.11913],[-2.23904,52.12027],[-2.23731,52.12108],[-2.23303,52.1224],[-2.22968,52.12333],[-2.22874,52.12367],[-2.22779,52.12413],[-2.22576,52.1253],[-2.2252,52.12586],[-2.22491,52.1265],[-2.22485,52.12713],[-2.22498,52.1277],[-2.22533,52.12825],[-2.22574,52.12864],[-2.22675,52.12927],[-2.2309,52.13092],[-2.2322,52.13152],[-2.23267,52.13189],[-2.23325,52.13256],[-2.23347,52.13301],[-2.23357,52.13361],[-2.2335,52.13406],[-2.2333,52.13446],[-2.2325,52.13535],[-2.23206,52.13572],[-2.23157,52.13601],[-2.23084,52.13629],[-2.22828,52.1369],[-2.22758,52.13718],[-2.22726,52.13737],[-2.22658,52.13796],[-2.22609,52.13864],[-2.22569,52.13951],[-2.2256,52.13989],[-2.22552,52.14186],[-2.22523,52.14467],[-2.22373,52.15013],[-2.22251,52.1532],[-2.221,52.15571],[-2.22046,52.15686],[-2.21947,52.15933],[-2.21905,52.15993],[-2.21783,52.16141],[-2.21764,52.16182],[-2.21758,52.16212],[-2.21757,52.16259],[-2.2177,52.16305],[-2.21819,52.16371],[-2.21933,52.16492],[-2.2197,52.16546],[-2.22034,52.16663],[-2.22043,52.16705],[-2.22045,52.16741],[-2.22028,52.16789],[-2.21973,52.16865],[-2.21872,52.17036],[-2.21862,52.17086],[-2.21865,52.17112],[-2.21878,52.17168],[-2.21897,52.17211],[-2.21927,52.17252],[-2.2199,52.17314],[-2.22193,52.17438],[-2.2233,52.17508],[-2.22419,52.17569],[-2.22465,52.17613],[-2.22512,52.17684],[-2.225,52.17738]],[[-2.225,52.17738],[-2.22506,52.17779],[-2.22494,52.1784],[-2.2248,52.17862]],[[-2.225,52.17738],[-2.22479,52.17778],[-2.22475,52.17801],[-2.2247,52.17837],[-2.2248,52.17862]],[[-2.2248,52.17862],[-2.22448,52.17994]],[[-2.22247,52.17989],[-2.22448,52.17994]],[[-2.22448,52.17994],[-2.22442,52.18013],[-2.22446,52.18037],[-2.22462,52.18072],[-2.22406,52.18158],[-2.22343,52.18284],[-2.22315,52.18411],[-2.22319,52.18509],[-2.22312,52.18615],[-2.22285,52.18794],[-2.22289,52.18879],[-2.22299,52.18916],[-2.22336,52.18955],[-2.22446,52.19037],[-2.22486,52.19059],[-2.22785,52.19186],[-2.22895,52.19271],[-2.23075,52.19384],[-2.23344,52.19582],[-2.23387,52.19626],[-2.23417,52.1969],[-2.23492,52.19791],[-2.23638,52.19931],[-2.23709,52.20009],[-2.23862,52.20124],[-2.23888,52.20153],[-2.23909,52.20194],[-2.2391,52.20225],[-2.23902,52.20261],[-2.23875,52.20309],[-2.23805,52.20418],[-2.23748,52.20493],[-2.23613,52.20614],[-2.23568,52.20684],[-2.23541,52.20785],[-2.23543,52.20901],[-2.23514,52.20974],[-2.2348,52.21035],[-2.23476,52.21081],[-2.23483,52.21134],[-2.23495,52.21161],[-2.23527,52.21204],[-2.23627,52.21303],[-2.23765,52.21412],[-2.2393,52.21529],[-2.24012,52.21573],[-2.24125,52.21608],[-2.24227,52.21655],[-2.24324,52.2172],[-2.24354,52.21754],[-2.24382,52.21804],[-2.24396,52.2185],[-2.24403,52.21903],[-2.244,52.22008],[-2.2437,52.22107],[-2.24277,52.22273],[-2.24242,52.22318],[-2.24128,52.22436],[-2.241,52.22474],[-2.2408,52.22524],[-2.24079,52.22556],[-2.24086,52.22586],[-2.2417,52.22726],[-2.24195,52.22843],[-2.24217,52.22996],[-2.2421,52.23055],[-2.24179,52.23114],[-2.24183,52.23117],[-2.24143,52.23221],[-2.24101,52.23299],[-2.24024,52.23399],[-2.23944,52.23448],[-2.23831,52.23475],[-2.23605,52.23515],[-2.23353,52.23622],[-2.23299,52.23657],[-2.2326,52.23697],[-2.23285,52.23757],[-2.2333,52.23826],[-2.23355,52.23852],[-2.23443,52.23919],[-2.23541,52.24017],[-2.23565,52.24067],[-2.23578,52.2412],[-2.23568,52.2417],[-2.23547,52.24215],[-2.23411,52.24422],[-2.23322,52.24594],[-2.23283,52.2465],[-2.23162,52.2478],[-2.23137,52.24874],[-2.23179,52.24984],[-2.23219,52.25023],[-2.23339,52.25088],[-2.23389,52.25122],[-2.23435,52.25168],[-2.2348,52.25238],[-2.23521,52.25382],[-2.23578,52.25485],[-2.23709,52.25639],[-2.23778,52.25704],[-2.23872,52.25757],[-2.24045,52.25825],[-2.24143,52.25871],[-2.24361,52.25987],[-2.24436,52.26036],[-2.24567,52.26142],[-2.24669,52.26261],[-2.24847,52.26422],[-2.2505,52.26577],[-2.25198,52.26678],[-2.25404,52.26746],[-2.25589,52.26792],[-2.26207,52.26842],[-2.27054,52.26936],[-2.27116,52.26951],[-2.27357,52.27058],[-2.2745,52.2712],[-2.27486,52.27156],[-2.27504,52.27189],[-2.27512,52.2723],[-2.2751,52.27311],[-2.27466,52.27455],[-2.27444,52.27586],[-2.27368,52.27693],[-2.27179,52.27893],[-2.27133,52.2795],[-2.27106,52.27995],[-2.27064,52.28082],[-2.27048,52.28133],[-2.27038,52.28283],[-2.27049,52.28408],[-2.27077,52.28497],[-2.27091,52.28568],[-2.27129,52.28664],[-2.27178,52.28765],[-2.27299,52.28969],[-2.27347,52.29041],[-2.27457,52.29181],[-2.27487,52.29249],[-2.27491,52.2931],[-2.27478,52.29497],[-2.27482,52.29566],[-2.27504,52.29639],[-2.27551,52.29731],[-2.27572,52.29789],[-2.27609,52.30123],[-2.27595,52.30219],[-2.2752,52.30433],[-2.27502,52.30513],[-2.27487,52.3066],[-2.27491,52.30835],[-2.27485,52.30941],[-2.27451,52.31038],[-2.27432,52.3107],[-2.27375,52.31137],[-2.27326,52.31185],[-2.2715,52.3133],[-2.26999,52.31508],[-2.26749,52.31733],[-2.26658,52.31831],[-2.26549,52.31912],[-2.26543,52.31924],[-2.26523,52.31933],[-2.26408,52.32021],[-2.26376,52.3207],[-2.26405,52.32198],[-2.26429,52.32246],[-2.26465,52.32297],[-2.26508,52.32325],[-2.26551,52.32344],[-2.26629,52.3235],[-2.2673,52.32408],[-2.26909,52.32535],[-2.27185,52.32688],[-2.27286,52.32763],[-2.27344,52.32831],[-2.27391,52.32905],[-2.27473,52.331],[-2.27545,52.33331],[-2.27612,52.33424],[-2.27657,52.33463],[-2.27897,52.3358],[-2.28343,52.3371],[-2.28574,52.338],[-2.29057,52.33895],[-2.29277,52.33981],[-2.29378,52.34009],[-2.2942,52.34018],[-2.29609,52.34035],[-2.29757,52.34066],[-2.29832,52.34093]]]}},{"type":"Feature","properties":{"NAME":"River Trent"},"geometry":{"type":"MultiLineString","coordinates":[[[-1.20476,52.91208],[-1.20362,52.91165],[-1.20124,52.91035],[-1.19972,52.90964],[-1.19911,52.90948],[-1.19849,52.90962],[-1.19763,52.90992],[-1.19622,52.91083],[-1.19489,52.91159],[-1.19282,52.91227],[-1.19234,52.91248],[-1.19152,52.91303],[-1.19063,52.91383],[-1.18871,52.91447],[-1.18807,52.9146],[-1.18734,52.91491],[-1.18378,52.91673],[-1.18231,52.91733],[-1.18031,52.91803],[-1.17786,52.91917],[-1.17599,52.92028],[-1.1745,52.92108],[-1.17084,52.92268],[-1.16731,52.92406],[-1.16701,52.92422],[-1.16541,52.92546],[-1.16369,52.92711],[-1.16259,52.92791],[-1.16221,52.92809],[-1.16134,52.92878],[-1.16082,52.92929],[-1.16045,52.93013],[-1.16002,52.93188],[-1.16017,52.93302],[-1.16014,52.93462],[-1.16009,52.93473],[-1.15947,52.93565],[-1.15831,52.9368],[-1.15763,52.9372],[-1.15676,52.93752],[-1.15568,52.93763],[-1.15459,52.93756],[-1.15285,52.93722],[-1.15186,52.93682],[-1.15078,52.93618],[-1.15017,52.93562],[-1.1489,52.93382],[-1.14834,52.93321],[-1.14803,52.93294],[-1.14704,52.93241],[-1.14611,52.93209],[-1.14491,52.93191],[-1.14362,52.93183],[-1.14221,52.93194],[-1.1403,52.93238],[-1.13996,52.93253],[-1.13939,52.93291],[-1.13911,52.93336],[-1.13757,52.93703],[-1.13714,52.93765],[-1.13632,52.93849],[-1.13525,52.93997],[-1.13458,52.94074],[-1.13261,52.94232],[-1.13168,52.9428],[-1.1307,52.94308],[-1.12984,52.94323],[-1.12862,52.94333],[-1.12551,52.94333],[-1.12463,52.9432],[-1.12214,52.94266],[-1.12049,52.94264],[-1.11687,52.94326],[-1.11336,52.94433],[-1.11222,52.94451],[-1.11112,52.94454],[-1.11001,52.94443],[-1.10891,52.94419],[-1.10824,52.94399],[-1.10439,52.94249],[-1.10292,52.94214],[-1.10132,52.94193],[-1.10059,52.9419],[-1.09887,52.94218],[-1.09782,52.94256],[-1.09749,52.94275],[-1.09649,52.94354],[-1.09595,52.94406],[-1.09455,52.94494],[-1.09156,52.94632],[-1.09071,52.94634],[-1.09009,52.94648],[-1.08885,52.94686],[-1.08789,52.94723],[-1.08414,52.94807],[-1.08364,52.94823],[-1.08076,52.95043],[-1.07953,52.95156],[-1.07773,52.95342],[-1.07685,52.95391],[-1.07483,52.95558],[-1.07414,52.95578],[-1.0724,52.95584],[-1.0715,52.95571],[-1.06947,52.95508],[-1.06855,52.95486],[-1.068,52.95464],[-1.06684,52.95382],[-1.06627,52.9533],[-1.06567,52.95258],[-1.06527,52.95185],[-1.06496,52.95138],[-1.06474,52.95116],[-1.06424,52.9508],[-1.06374,52.95055],[-1.06276,52.95032],[-1.06135,52.95025],[-1.06055,52.9503],[-1.05477,52.95091],[-1.05383,52.95114],[-1.05263,52.95175],[-1.05029,52.95238],[-1.04885,52.95258],[-1.04825,52.95258],[-1.04708,52.95246],[-1.04597,52.952],[-1.04345,52.95137],[-1.04253,52.95121],[-1.04166,52.9512],[-1.04134,52.95137],[-1.04087,52.95182],[-1.03951,52.9535],[-1.03848,52.9546],[-1.03712,52.95648],[-1.03627,52.95717],[-1.0355,52.95825],[-1.03412,52.95995]],[[-1.03411,52.95995],[-1.03378,52.96031],[-1.03308,52.9609],[-1.03295,52.96141],[-1.03286,52.96199],[-1.03288,52.96228],[-1.03333,52.9643],[-1.03331,52.96462],[-1.03328,52.965],[-1.03254,52.96655],[-1.0325,52.96684],[-1.03254,52.96724],[-1.03288,52.96809],[-1.03374,52.96934],[-1.03588,52.97104],[-1.03626,52.97147],[-1.03651,52.97196],[-1.03676,52.97346],[-1.03703,52.97588],[-1.03811,52.98118],[-1.0382,52.98195],[-1.03808,52.98258],[-1.03781,52.98313],[-1.03747,52.98357],[-1.0368,52.98417],[-1.03587,52.98484],[-1.03515,52.98523],[-1.03444,52.98551],[-1.03324,52.98577],[-1.03215,52.98589],[-1.03024,52.98595],[-1.02608,52.9858],[-1.02474,52.9854],[-1.02371,52.98498],[-1.02332,52.98474],[-1.02266,52.98419],[-1.02206,52.98345],[-1.02126,52.98199],[-1.02041,52.98121],[-1.01995,52.98087],[-1.01914,52.9805],[-1.01857,52.98035],[-1.01793,52.98024],[-1.01649,52.98019],[-1.0156,52.98033],[-1.01428,52.98065],[-1.01271,52.98143],[-1.01172,52.98204],[-1.00952,52.98367],[-1.00775,52.98517],[-1.00694,52.98552],[-1.00511,52.986],[-1.00358,52.98614],[-1.00165,52.98618],[-0.99929,52.98604]],[[-0.99929,52.98604],[-0.99765,52.98599],[-0.99467,52.98646],[-0.99207,52.98657],[-0.98809,52.98636],[-0.98457,52.98603]],[[-0.98456,52.98604],[-0.98219,52.98585],[-0.98078,52.98589],[-0.98003,52.98598],[-0.97732,52.98665],[-0.97496,52.9871],[-0.97462,52.9872],[-0.97346,52.98785],[-0.97138,52.98912]],[[-0.9714,52.98911],[-0.9709,52.98951],[-0.97039,52.99016],[-0.96977,52.99133],[-0.96617,52.99706],[-0.96574,52.99749],[-0.96492,52.99856],[-0.96376,53.00032],[-0.96311,53.00116],[-0.96061,53.00409],[-0.95732,53.00594],[-0.9569,53.00626],[-0.95562,53.00763],[-0.95523,53.00796],[-0.95401,53.00872],[-0.95294,53.00921],[-0.95156,53.00978],[-0.94989,53.01032],[-0.94525,53.01101],[-0.94439,53.01125],[-0.94385,53.01145],[-0.94238,53.01223],[-0.94185,53.01239],[-0.9405,53.01303],[-0.939,53.01363],[-0.93808,53.01407],[-0.93686,53.01482],[-0.93518,53.01606],[-0.93358,53.01739],[-0.93103,53.01918],[-0.92934,53.02067],[-0.92852,53.02151],[-0.9277,53.0226],[-0.92684,53.02416],[-0.9259,53.02562],[-0.92533,53.02642],[-0.92471,53.02715],[-0.92349,53.02839],[-0.92285,53.02886],[-0.92254,53.02918],[-0.92179,53.02969],[-0.91989,53.03074]],[[-0.91983,53.03074],[-0.91934,53.03102],[-0.91761,53.03235],[-0.91702,53.03292],[-0.91632,53.0338],[-0.91531,53.03467],[-0.91376,53.03558],[-0.91163,53.0365],[-0.90869,53.03705],[-0.9061,53.03766],[-0.9029,53.03818],[-0.90208,53.03848],[-0.9015,53.03885],[-0.90114,53.03917],[-0.90062,53.04],[-0.90045,53.04082],[-0.90051,53.04237]],[[-0.90055,53.04237],[-0.90064,53.0433],[-0.9008,53.04378],[-0.90106,53.04422],[-0.90191,53.04502],[-0.90447,53.04701],[-0.90485,53.04742],[-0.90512,53.04787],[-0.90524,53.0482],[-0.90521,53.04843],[-0.90486,53.04899],[-0.90444,53.04945],[-0.90139,53.05162],[-0.89743,53.0539],[-0.89641,53.05438],[-0.89554,53.05464],[-0.89322,53.05509],[-0.89167,53.05528],[-0.89045,53.05527],[-0.88853,53.05488],[-0.88757,53.05447],[-0.88667,53.05394],[-0.88597,53.05339],[-0.88534,53.05274],[-0.88316,53.04944],[-0.88262,53.04891],[-0.88099,53.04777],[-0.88044,53.04725],[-0.8798,53.04617],[-0.87958,53.04567],[-0.87937,53.04469],[-0.87921,53.04435],[-0.87854,53.04379],[-0.87778,53.04355],[-0.87644,53.04354],[-0.87503,53.04384],[-0.8735,53.04434],[-0.87295,53.04466],[-0.87253,53.04499],[-0.87208,53.04554],[-0.87197,53.04577],[-0.87193,53.04613],[-0.87199,53.04663],[-0.87218,53.04705],[-0.8732,53.04811],[-0.87327,53.04827],[-0.87312,53.04875],[-0.8726,53.04924],[-0.87214,53.04952],[-0.87058,53.05006],[-0.8685,53.05053],[-0.86713,53.05071],[-0.86445,53.05071],[-0.86367,53.05078],[-0.86306,53.05092],[-0.86238,53.05124],[-0.86186,53.0517],[-0.86156,53.05221],[-0.86131,53.05318],[-0.86102,53.05481],[-0.86101,53.05521],[-0.86111,53.05565],[-0.86142,53.05609],[-0.86206,53.05667],[-0.86317,53.05751],[-0.86378,53.05813],[-0.86368,53.05884],[-0.86322,53.0597],[-0.86281,53.06011],[-0.86215,53.06058],[-0.86081,53.06125],[-0.86021,53.06143],[-0.85934,53.06149],[-0.8587,53.06145],[-0.85693,53.06108],[-0.85593,53.06118],[-0.85543,53.06134],[-0.85501,53.06157],[-0.85469,53.06186],[-0.85435,53.06231],[-0.85416,53.06279],[-0.85418,53.06357],[-0.85427,53.06387],[-0.85463,53.06448],[-0.85516,53.06506],[-0.85566,53.06542],[-0.85856,53.06701],[-0.85907,53.06736],[-0.8599,53.0681],[-0.86012,53.06874]],[[-0.8601,53.06873],[-0.86017,53.06895],[-0.86012,53.06923],[-0.85997,53.06969],[-0.85971,53.07006],[-0.85902,53.07061],[-0.85795,53.07125],[-0.85673,53.07176],[-0.85592,53.07201],[-0.85276,53.07269],[-0.84925,53.0741]],[[-0.84927,53.07412],[-0.84839,53.07461],[-0.84794,53.07479],[-0.84748,53.07485],[-0.84709,53.0748],[-0.84633,53.07438],[-0.84537,53.07363],[-0.84483,53.07306],[-0.84454,53.07285],[-0.8425,53.07192],[-0.84173,53.0714],[-0.8413,53.07085],[-0.84125,53.07044],[-0.84129,53.07027],[-0.84149,53.06991],[-0.84153,53.06968],[-0.84263,53.06848],[-0.84267,53.06825],[-0.84262,53.06798],[-0.84239,53.06761],[-0.84198,53.06725],[-0.84167,53.06707],[-0.84133,53.06693],[-0.84039,53.06675],[-0.83899,53.06671],[-0.83632,53.06704],[-0.83236,53.06829],[-0.82947,53.06941],[-0.82864,53.06981],[-0.82786,53.07047],[-0.82747,53.07101],[-0.82719,53.07156],[-0.82702,53.07173],[-0.82625,53.07212],[-0.82547,53.07229],[-0.82485,53.07228],[-0.82443,53.07222],[-0.82321,53.07187],[-0.82253,53.07179],[-0.82217,53.07181],[-0.82178,53.07203],[-0.82148,53.07279],[-0.82107,53.07318],[-0.8195,53.07384],[-0.81841,53.07444],[-0.81711,53.07484],[-0.81639,53.07518],[-0.8157,53.07563],[-0.81473,53.07649],[-0.81437,53.07675],[-0.81406,53.07687],[-0.81365,53.07721],[-0.81336,53.07751],[-0.81262,53.07851],[-0.81081,53.0797],[-0.80986,53.08093],[-0.80961,53.08109],[-0.80872,53.08142],[-0.80831,53.08151],[-0.8079,53.08175],[-0.80757,53.08211],[-0.80716,53.08279],[-0.80696,53.08301],[-0.80572,53.08389],[-0.80528,53.0843],[-0.80501,53.0851],[-0.80493,53.08666],[-0.80484,53.08722],[-0.80475,53.08756],[-0.80431,53.08845],[-0.8043,53.08859],[-0.80454,53.08888],[-0.80586,53.08945],[-0.8061,53.08964],[-0.80611,53.0899],[-0.80632,53.09071],[-0.8065,53.09104],[-0.80654,53.09129],[-0.80559,53.09415],[-0.80514,53.09513],[-0.8048,53.0957]],[[-0.80479,53.09569],[-0.80416,53.09658],[-0.80083,53.09955],[-0.79918,53.10119],[-0.79607,53.10409],[-0.79345,53.10619],[-0.79315,53.10649],[-0.79298,53.10683],[-0.79291,53.10711],[-0.79294,53.10747],[-0.79315,53.10809],[-0.79335,53.10842],[-0.7936,53.10867],[-0.79426,53.10906],[-0.79524,53.10948],[-0.79643,53.10976],[-0.79777,53.10993],[-0.80175,53.1099],[-0.80309,53.10996],[-0.80377,53.1101],[-0.80416,53.11034],[-0.80443,53.1106],[-0.80467,53.11109],[-0.80463,53.11176],[-0.80449,53.11223],[-0.80421,53.11281],[-0.80192,53.11618],[-0.80178,53.11688],[-0.80222,53.11751],[-0.80317,53.11815],[-0.80405,53.11858],[-0.80679,53.11962],[-0.80728,53.11988],[-0.80786,53.12033],[-0.80812,53.1207],[-0.80842,53.1217],[-0.80838,53.12256],[-0.80825,53.12312],[-0.80801,53.12358],[-0.8078,53.12382],[-0.80539,53.12587],[-0.80502,53.12685],[-0.80477,53.12809],[-0.80455,53.12872],[-0.80334,53.13139],[-0.80312,53.13238],[-0.80285,53.13276],[-0.802,53.13367],[-0.80074,53.13454],[-0.79923,53.13544],[-0.79901,53.13563],[-0.7968,53.13674],[-0.79615,53.13735],[-0.79559,53.13776],[-0.79438,53.13849],[-0.79361,53.13911],[-0.79344,53.13937],[-0.79354,53.14017],[-0.79281,53.14149],[-0.79221,53.1423],[-0.79145,53.14285],[-0.79116,53.14328],[-0.79109,53.14352],[-0.79108,53.14398],[-0.79113,53.14438],[-0.79133,53.14498],[-0.79182,53.14579],[-0.79252,53.14672],[-0.79326,53.14804],[-0.79378,53.14866],[-0.79406,53.1489],[-0.79614,53.15001],[-0.79651,53.15025],[-0.79689,53.15061],[-0.79723,53.15111],[-0.79739,53.15153],[-0.79739,53.15192],[-0.79725,53.1523],[-0.79683,53.15272],[-0.79571,53.15327],[-0.79461,53.15362],[-0.79211,53.15412],[-0.79015,53.15489],[-0.78935,53.15529],[-0.78822,53.15607],[-0.78706,53.15699],[-0.78682,53.15743],[-0.78662,53.15803],[-0.7866,53.1583],[-0.78662,53.15883],[-0.78677,53.1593],[-0.78704,53.15963],[-0.78741,53.15989],[-0.78847,53.16025],[-0.78954,53.16041],[-0.79073,53.16045],[-0.79163,53.16033],[-0.79237,53.16014],[-0.79805,53.15805],[-0.79892,53.1579],[-0.79949,53.15787],[-0.79988,53.15797],[-0.8002,53.15814],[-0.80045,53.15844],[-0.80056,53.15875],[-0.80038,53.16051],[-0.80022,53.16126],[-0.79993,53.16182],[-0.79873,53.16321],[-0.79778,53.16447],[-0.79763,53.16516],[-0.7978,53.16575],[-0.79823,53.16632],[-0.79873,53.16673],[-0.79983,53.1674],[-0.80056,53.16801],[-0.80076,53.16843],[-0.80076,53.16883],[-0.80048,53.16949],[-0.79988,53.16999],[-0.79922,53.17031],[-0.79837,53.17064],[-0.79756,53.17087],[-0.79636,53.17105],[-0.7956,53.17109],[-0.79369,53.17097],[-0.79249,53.17081],[-0.79163,53.17059],[-0.79134,53.17041],[-0.79099,53.17001],[-0.79055,53.16918],[-0.79005,53.16857],[-0.7897,53.16826],[-0.7892,53.16795],[-0.78865,53.16772],[-0.78769,53.16769],[-0.78643,53.16802],[-0.78514,53.16863],[-0.78462,53.16914],[-0.78448,53.1694],[-0.7844,53.16978],[-0.78459,53.17034],[-0.78492,53.1707],[-0.78596,53.17155],[-0.78619,53.17182],[-0.78626,53.172],[-0.78626,53.1731],[-0.78612,53.17373],[-0.78586,53.17419],[-0.78514,53.17512],[-0.78491,53.17568],[-0.78493,53.17675],[-0.78542,53.17766],[-0.78587,53.17813],[-0.7865,53.17862],[-0.78758,53.17901],[-0.78872,53.17916],[-0.79098,53.17921],[-0.79205,53.1793],[-0.79326,53.17951],[-0.79427,53.17999],[-0.79502,53.18047],[-0.79525,53.18072],[-0.79537,53.18107],[-0.79488,53.1816],[-0.79418,53.18194],[-0.79164,53.18241],[-0.79107,53.18264],[-0.79071,53.18288],[-0.79057,53.18352],[-0.79078,53.18416],[-0.79105,53.18452],[-0.79174,53.1852],[-0.79233,53.18594],[-0.79254,53.18638],[-0.79259,53.18666],[-0.79231,53.18755],[-0.79192,53.18836],[-0.79137,53.18929],[-0.79103,53.18974],[-0.79066,53.19009],[-0.79016,53.19041],[-0.78969,53.19059],[-0.78914,53.19071],[-0.78758,53.19077],[-0.78539,53.19038],[-0.78383,53.19029],[-0.78227,53.1906],[-0.78152,53.19095],[-0.78127,53.19117],[-0.78102,53.19182],[-0.78105,53.19216],[-0.78158,53.19332],[-0.78166,53.19367],[-0.78156,53.19438],[-0.78119,53.19523],[-0.78102,53.19552],[-0.7802,53.19652],[-0.77946,53.19712],[-0.77865,53.19796],[-0.77764,53.19874],[-0.77705,53.19954],[-0.777,53.19988],[-0.77704,53.20012],[-0.77736,53.20062],[-0.77791,53.20109],[-0.77935,53.20205],[-0.77991,53.20259],[-0.78014,53.20305],[-0.78025,53.20349],[-0.78024,53.20391],[-0.77938,53.20495],[-0.77806,53.2057],[-0.77727,53.20599],[-0.77652,53.20637],[-0.77579,53.20689],[-0.77549,53.20733],[-0.77548,53.20792],[-0.77689,53.2089],[-0.77718,53.20921],[-0.77806,53.21086],[-0.77852,53.21196],[-0.77862,53.21241],[-0.77847,53.21285],[-0.77805,53.21323],[-0.77635,53.21398],[-0.77604,53.21419],[-0.77568,53.21461],[-0.77561,53.21496],[-0.77588,53.21534],[-0.77728,53.21642],[-0.77735,53.21672],[-0.77737,53.21856],[-0.77752,53.219],[-0.77794,53.21961],[-0.77898,53.22051],[-0.78034,53.22152],[-0.78247,53.22335],[-0.78313,53.22404],[-0.78338,53.22445],[-0.78347,53.22534],[-0.78342,53.22618],[-0.78315,53.2274],[-0.78276,53.22842],[-0.78145,53.23099],[-0.78109,53.23154],[-0.77886,53.23401],[-0.77834,53.23479],[-0.77819,53.23529],[-0.77838,53.23673],[-0.77828,53.23714],[-0.77756,53.23855],[-0.77742,53.23904],[-0.77781,53.24034],[-0.77838,53.24167],[-0.77866,53.24305],[-0.77863,53.24365],[-0.77868,53.24386],[-0.77847,53.24464],[-0.77789,53.2454],[-0.77706,53.24687],[-0.7768,53.24754],[-0.77673,53.24808],[-0.77683,53.24859],[-0.77701,53.24894],[-0.77797,53.25025],[-0.77836,53.25093],[-0.77853,53.25152],[-0.77849,53.25197],[-0.77837,53.25218],[-0.77811,53.25239],[-0.77765,53.25258],[-0.77708,53.25271],[-0.77651,53.25275],[-0.77406,53.25256],[-0.77189,53.25252],[-0.77144,53.25256],[-0.77083,53.25271],[-0.77042,53.25286],[-0.77016,53.25307],[-0.77014,53.25326],[-0.77024,53.25352],[-0.77047,53.25387],[-0.77235,53.25537],[-0.77256,53.25585],[-0.77314,53.25913],[-0.77314,53.26051],[-0.77305,53.26106],[-0.7727,53.26174],[-0.77224,53.26238],[-0.77021,53.26471],[-0.7689,53.26645],[-0.76716,53.26852],[-0.76554,53.27017],[-0.76461,53.27147],[-0.76442,53.27194],[-0.76433,53.27247],[-0.76436,53.27316],[-0.76471,53.27365],[-0.76524,53.27409],[-0.76587,53.27439],[-0.76749,53.27488],[-0.76833,53.27522],[-0.77022,53.27617],[-0.77292,53.27767],[-0.7736,53.27834],[-0.77393,53.27875],[-0.77426,53.27931],[-0.77503,53.28024],[-0.77586,53.2808],[-0.77721,53.2815],[-0.7775,53.2818],[-0.77781,53.28201],[-0.7781,53.28252],[-0.77824,53.28325],[-0.77821,53.28371],[-0.77778,53.28441],[-0.77693,53.2852],[-0.77489,53.28653],[-0.77375,53.28738],[-0.77245,53.2882],[-0.77062,53.2892],[-0.76825,53.29072],[-0.76745,53.29131],[-0.76593,53.2929],[-0.76526,53.29363],[-0.76502,53.29404],[-0.76468,53.29501],[-0.76457,53.29552],[-0.7646,53.29616],[-0.76505,53.29786],[-0.76474,53.29852],[-0.76395,53.29922],[-0.76367,53.29937],[-0.76301,53.29954],[-0.76218,53.29961],[-0.76123,53.29953],[-0.76041,53.2993],[-0.75938,53.29856],[-0.75919,53.29835],[-0.75886,53.2977],[-0.7586,53.29685],[-0.75862,53.29592],[-0.75899,53.29452],[-0.759,53.29399],[-0.75886,53.29355],[-0.75854,53.29315],[-0.75794,53.29284],[-0.757,53.29261],[-0.75627,53.2926]],[[-0.75626,53.2926],[-0.75382,53.29274],[-0.75232,53.29297],[-0.7514,53.29332],[-0.75062,53.29383],[-0.75003,53.29485],[-0.74994,53.29536],[-0.74963,53.29626],[-0.74965,53.29655],[-0.74951,53.29745],[-0.74919,53.29884],[-0.7489,53.29995],[-0.7486,53.30043]],[[-0.74862,53.30043],[-0.74841,53.30091],[-0.74838,53.30114],[-0.74844,53.30128],[-0.74871,53.30155],[-0.74863,53.30191],[-0.74838,53.30252],[-0.74822,53.3027],[-0.74819,53.30308],[-0.74722,53.30388],[-0.74714,53.3042],[-0.74722,53.30448],[-0.7477,53.30525],[-0.74825,53.30579],[-0.74942,53.30676],[-0.75147,53.30829]],[[-0.75145,53.30829],[-0.75244,53.30914],[-0.75299,53.3099],[-0.75334,53.31061],[-0.75374,53.31203],[-0.75398,53.31375],[-0.75384,53.31711],[-0.7539,53.31829],[-0.75387,53.31947],[-0.75379,53.31986],[-0.75362,53.32026],[-0.75306,53.32103],[-0.75236,53.32155],[-0.75051,53.3225],[-0.75002,53.32288],[-0.74981,53.32319],[-0.74973,53.32349],[-0.74975,53.3238],[-0.74986,53.32405],[-0.7502,53.32437],[-0.75147,53.32491],[-0.75204,53.32508],[-0.75283,53.32518],[-0.75395,53.32515],[-0.75689,53.32452],[-0.7578,53.32439],[-0.75929,53.32448],[-0.76013,53.32467],[-0.76067,53.32495],[-0.76099,53.3252],[-0.76148,53.32577],[-0.76209,53.32669],[-0.76284,53.32747],[-0.7636,53.32801],[-0.76578,53.32925],[-0.76634,53.32977],[-0.7665,53.33017],[-0.76647,53.33052],[-0.76628,53.3309],[-0.76597,53.33126],[-0.76545,53.33161],[-0.76463,53.33194],[-0.76254,53.3324],[-0.76182,53.3327],[-0.76113,53.33316],[-0.76079,53.33356],[-0.76063,53.33392],[-0.76032,53.33589],[-0.76024,53.33618],[-0.76001,53.3366],[-0.75943,53.33722],[-0.75742,53.33866],[-0.75707,53.33906],[-0.75678,53.33958],[-0.75669,53.34022],[-0.75682,53.34063],[-0.75723,53.34117],[-0.75777,53.34167],[-0.75865,53.34231],[-0.75925,53.34264],[-0.76058,53.34324],[-0.76271,53.34403],[-0.76337,53.34436],[-0.76392,53.34474],[-0.76433,53.34515],[-0.76467,53.3456],[-0.76481,53.34603],[-0.76468,53.34714],[-0.76441,53.34791],[-0.76378,53.34899],[-0.7631,53.34992],[-0.7623,53.3505],[-0.76134,53.35089],[-0.76013,53.35128],[-0.7592,53.35179],[-0.75881,53.35217],[-0.75853,53.35276],[-0.75842,53.35339],[-0.75857,53.35374],[-0.75905,53.3542],[-0.7598,53.35456],[-0.76108,53.35486],[-0.7624,53.35491],[-0.76315,53.35505],[-0.76464,53.35548],[-0.76573,53.35602],[-0.76628,53.35643],[-0.76705,53.35713],[-0.77315,53.36378],[-0.77348,53.36402],[-0.77429,53.36438],[-0.77486,53.3645],[-0.77546,53.36451],[-0.77613,53.36439],[-0.77683,53.36412],[-0.77746,53.36376],[-0.77782,53.36345],[-0.77802,53.3632],[-0.7785,53.3623],[-0.77903,53.36179],[-0.77994,53.3614],[-0.78092,53.36124],[-0.78148,53.36128],[-0.78305,53.36162],[-0.78528,53.36236],[-0.78645,53.36266],[-0.79007,53.36294],[-0.79043,53.36305],[-0.79075,53.36323],[-0.79104,53.3637],[-0.79081,53.36429],[-0.79027,53.36516],[-0.79011,53.36565],[-0.79015,53.36631],[-0.7907,53.3676],[-0.7907,53.36811],[-0.79056,53.36856],[-0.79025,53.36905],[-0.78858,53.37067],[-0.78818,53.37114],[-0.78665,53.37369],[-0.78615,53.37434],[-0.78583,53.37465],[-0.78539,53.37495],[-0.78443,53.37541],[-0.78174,53.37627],[-0.78011,53.37671],[-0.77885,53.37695],[-0.77596,53.37722],[-0.77532,53.37751],[-0.77521,53.3778],[-0.77528,53.37812],[-0.7755,53.37834],[-0.77808,53.38008],[-0.78064,53.38203],[-0.78247,53.38315],[-0.7831,53.38343],[-0.78437,53.38386],[-0.78673,53.38427],[-0.78927,53.38502],[-0.78973,53.38522],[-0.79014,53.38552],[-0.79029,53.38583],[-0.79024,53.38598],[-0.79001,53.3862],[-0.78973,53.38633],[-0.78893,53.38651],[-0.78575,53.38647],[-0.78371,53.38678],[-0.78197,53.38732],[-0.77929,53.38847],[-0.77784,53.38926],[-0.777,53.38992],[-0.77666,53.39033],[-0.77636,53.39134],[-0.77663,53.39229]]]}},{"type":"Feature","properties":{"NAME":"Ure Navigation"},"geometry":{"type":"LineString","coordinates":[[-1.49236,54.10511],[-1.49171,54.1046],[-1.49072,54.10406],[-1.48913,54.10336],[-1.48655,54.10248],[-1.48607,54.10225],[-1.48517,54.10199],[-1.483,54.10165],[-1.48113,54.10088],[-1.47954,54.1005],[-1.47784,54.10036],[-1.47545,54.10058],[-1.47473,54.10056],[-1.47395,54.10035],[-1.4719,54.09934],[-1.47022,54.09901],[-1.46931,54.09872],[-1.46786,54.09847],[-1.46662,54.09845],[-1.46479,54.09853],[-1.46382,54.09866],[-1.46216,54.09901],[-1.46093,54.09912],[-1.46052,54.09912],[-1.46005,54.09896],[-1.45952,54.09867],[-1.45919,54.09821],[-1.45796,54.09521],[-1.45781,54.09502],[-1.45744,54.09478],[-1.45706,54.09374],[-1.45633,54.09275],[-1.45565,54.09142],[-1.45549,54.09121],[-1.45494,54.09074],[-1.45447,54.09058],[-1.45361,54.09075],[-1.45236,54.09144],[-1.4515,54.09178],[-1.45065,54.092],[-1.44945,54.09214],[-1.44784,54.09223],[-1.44428,54.09279],[-1.44304,54.09287],[-1.44181,54.09284],[-1.43827,54.09235],[-1.43596,54.09215],[-1.43346,54.09217],[-1.43207,54.09205],[-1.43094,54.09178],[-1.42783,54.09044],[-1.42619,54.09018],[-1.425,54.09018],[-1.42321,54.09037],[-1.42286,54.0905],[-1.421,54.09174],[-1.42051,54.09192],[-1.41996,54.092],[-1.41889,54.09185],[-1.41794,54.09152],[-1.41706,54.0913],[-1.41476,54.09105],[-1.41345,54.09107],[-1.41306,54.09117],[-1.41259,54.09142],[-1.41242,54.0916],[-1.41229,54.09194],[-1.41234,54.09238],[-1.41298,54.09381],[-1.41298,54.09463],[-1.41288,54.09489],[-1.41216,54.09607],[-1.41136,54.09708],[-1.41079,54.0976],[-1.41042,54.09785],[-1.41002,54.09801],[-1.40856,54.09832],[-1.40766,54.09843],[-1.40513,54.09831],[-1.40309,54.09838],[-1.40019,54.09832],[-1.39926,54.09851],[-1.39618,54.09861],[-1.3946,54.09857],[-1.38815,54.10009],[-1.38671,54.1008],[-1.38556,54.10116],[-1.38487,54.10153],[-1.38407,54.10178],[-1.38317,54.10182],[-1.37984,54.10161],[-1.37783,54.10129],[-1.37611,54.10086],[-1.37507,54.10048],[-1.37391,54.09983],[-1.37345,54.09965],[-1.37267,54.09955],[-1.3707,54.09956],[-1.36917,54.09931],[-1.36822,54.09893],[-1.36767,54.09855],[-1.36756,54.09838],[-1.3676,54.09818],[-1.36775,54.098],[-1.36792,54.09791],[-1.36935,54.09757],[-1.37054,54.09741],[-1.37092,54.09721],[-1.37125,54.09674],[-1.37134,54.09629],[-1.37129,54.09612],[-1.37113,54.09597],[-1.37065,54.0957],[-1.37019,54.09557],[-1.36923,54.09545],[-1.36384,54.09546],[-1.36207,54.09516],[-1.36133,54.09477],[-1.36091,54.09437],[-1.36038,54.09366],[-1.35824,54.09218],[-1.35634,54.0911],[-1.35497,54.09044],[-1.35363,54.09001],[-1.3519,54.08957],[-1.35041,54.08934],[-1.34826,54.08913],[-1.3477,54.08901],[-1.34555,54.08848],[-1.34448,54.08812],[-1.34294,54.08772],[-1.34138,54.08642],[-1.33988,54.08481],[-1.33929,54.08342],[-1.33881,54.08268],[-1.3384,54.08224],[-1.33763,54.08169],[-1.33586,54.08105],[-1.33457,54.0808],[-1.33356,54.0807],[-1.33272,54.08069],[-1.33149,54.08085],[-1.32954,54.08123],[-1.3262,54.0823],[-1.32514,54.0825],[-1.32464,54.08249],[-1.32439,54.08242],[-1.32256,54.0815],[-1.32151,54.08125],[-1.32027,54.08129],[-1.31796,54.08159],[-1.31643,54.08168],[-1.31406,54.08168],[-1.31274,54.0816],[-1.31197,54.08148],[-1.31111,54.08114],[-1.31046,54.08078],[-1.31005,54.08046],[-1.30972,54.08005],[-1.30947,54.07932],[-1.30959,54.07892],[-1.30956,54.07822],[-1.30878,54.07712],[-1.30786,54.07547],[-1.30744,54.07492],[-1.30657,54.07415],[-1.30568,54.07351],[-1.30308,54.07184],[-1.30163,54.07041],[-1.30033,54.06932],[-1.29838,54.06658],[-1.29776,54.06595],[-1.29662,54.06532],[-1.29549,54.06488],[-1.29291,54.06438],[-1.29195,54.06408],[-1.28872,54.06263],[-1.28784,54.062],[-1.28722,54.06138],[-1.28702,54.06101],[-1.28664,54.05987],[-1.28675,54.05917],[-1.28688,54.05893],[-1.28719,54.05863],[-1.28838,54.05783],[-1.28884,54.05733],[-1.28899,54.05695],[-1.28899,54.05634],[-1.28889,54.0559],[-1.28848,54.05516],[-1.28802,54.05452],[-1.28792,54.05423],[-1.28801,54.05358],[-1.28822,54.0531],[-1.28855,54.05266],[-1.28866,54.0524],[-1.28863,54.05181],[-1.28788,54.05054],[-1.28706,54.04976],[-1.28615,54.04919],[-1.28445,54.04842],[-1.28291,54.04763],[-1.282,54.04697],[-1.28137,54.04635],[-1.28113,54.04603],[-1.28015,54.04416],[-1.27996,54.04347],[-1.28027,54.04081],[-1.28003,54.04028],[-1.27947,54.03941],[-1.27895,54.0383],[-1.27891,54.03777]]}},{"type":"Feature","properties":{"NAME":"Swansea Canal"},"geometry":{"type":"MultiLineString","coordinates":[[[-3.89892,51.69309],[-3.89869,51.69348],[-3.89823,51.69381],[-3.89763,51.69416],[-3.89708,51.69438],[-3.89502,51.69446],[-3.89412,51.69457],[-3.89156,51.69518],[-3.89034,51.69535],[-3.88892,51.69654],[-3.88723,51.69726],[-3.8867,51.69754],[-3.88525,51.69849],[-3.88468,51.6987],[-3.88374,51.69893],[-3.88325,51.69893],[-3.88067,51.69867],[-3.87876,51.69901],[-3.87743,51.69906],[-3.87691,51.69918],[-3.87598,51.6999],[-3.87434,51.7008],[-3.87355,51.70151],[-3.87135,51.70319],[-3.87059,51.7036],[-3.87006,51.704],[-3.86895,51.70487],[-3.86805,51.70594],[-3.86705,51.7067],[-3.86597,51.70774]],[[-3.86598,51.70773],[-3.86502,51.70865],[-3.86452,51.70931],[-3.86316,51.71037],[-3.86253,51.71109],[-3.86225,51.71131]],[[-3.85275,51.71933],[-3.85246,51.72009],[-3.85231,51.72033],[-3.85205,51.72053],[-3.8515,51.72078],[-3.85052,51.72091],[-3.84894,51.72085],[-3.84783,51.72107],[-3.84602,51.72247],[-3.84493,51.7236],[-3.84379,51.72503],[-3.84307,51.72564],[-3.84256,51.72596],[-3.84182,51.7263],[-3.83735,51.72916],[-3.83678,51.72937],[-3.83547,51.72971],[-3.83453,51.73006],[-3.83389,51.73044],[-3.83303,51.7312]],[[-3.83303,51.7312],[-3.83063,51.73334],[-3.82965,51.734],[-3.82922,51.73424],[-3.82715,51.73496],[-3.82596,51.73545],[-3.82455,51.7363],[-3.82394,51.73677]]]}},{"type":"Feature","properties":{"NAME":"Stourbridge Extension Canal"},"geometry":{"type":"LineString","coordinates":[[-2.13706,52.48679],[-2.13799,52.48818],[-2.13853,52.48869]]}},{"type":"Feature","properties":{"NAME":"Selby Canal"},"geometry":{"type":"MultiLineString","coordinates":[[[-1.09629,53.7585],[-1.09792,53.7583],[-1.10291,53.75741],[-1.10512,53.75715],[-1.10643,53.75689],[-1.10791,53.75644],[-1.10904,53.75593],[-1.11018,53.75525],[-1.11095,53.7549],[-1.11278,53.75424],[-1.11412,53.7539],[-1.12278,53.75265],[-1.12404,53.75224],[-1.12528,53.75157],[-1.12608,53.75091],[-1.12631,53.75066],[-1.12664,53.75013],[-1.12867,53.74521],[-1.12892,53.7448],[-1.12954,53.74403],[-1.13167,53.74215],[-1.1324,53.74142],[-1.13371,53.73795],[-1.13427,53.73443],[-1.13449,53.73358],[-1.13493,53.73229],[-1.13534,53.73166],[-1.13561,53.7314],[-1.13589,53.73122],[-1.13657,53.73095],[-1.13689,53.7309]],[[-1.07414,53.76838],[-1.07461,53.7678],[-1.07561,53.76565],[-1.07631,53.76464],[-1.07783,53.76323],[-1.07908,53.76224],[-1.08011,53.76162],[-1.08116,53.76114],[-1.08233,53.76071],[-1.085,53.75997],[-1.08904,53.75916],[-1.09118,53.75888],[-1.0943,53.75865],[-1.09518,53.75865],[-1.09629,53.7585]],[[-1.05699,53.78268],[-1.05848,53.78138],[-1.05889,53.7811],[-1.06092,53.78015],[-1.06164,53.77975],[-1.06198,53.77949],[-1.06215,53.77906],[-1.06264,53.77727],[-1.06275,53.77707],[-1.06343,53.77664],[-1.06636,53.77416],[-1.06712,53.77315],[-1.068,53.77216],[-1.06915,53.77142],[-1.07312,53.76921],[-1.07415,53.76838]]]}},{"type":"Feature","properties":{"NAME":"Stourbridge Town Arm (St'brg Cnl)"},"geometry":{"type":"LineString","coordinates":[[-2.16404,52.47269],[-2.16345,52.4724],[-2.16065,52.47203],[-2.15903,52.47135],[-2.15865,52.47103],[-2.15785,52.4696],[-2.15719,52.46864],[-2.15694,52.46847],[-2.15631,52.46831],[-2.15593,52.46811],[-2.15523,52.46732],[-2.15388,52.46637],[-2.15366,52.4661],[-2.15349,52.46565],[-2.15348,52.46511],[-2.1541,52.46455],[-2.15534,52.46371],[-2.15573,52.46284],[-2.15593,52.46219],[-2.15593,52.46185],[-2.1558,52.46167],[-2.15371,52.4613],[-2.15238,52.46114],[-2.14994,52.46111],[-2.14916,52.46121]]}},{"type":"Feature","properties":{"NAME":"Sheffield & South Yorkshire Nav"},"geometry":{"type":"MultiLineString","coordinates":[[[-1.39918,53.418],[-1.39854,53.41844],[-1.39791,53.41898],[-1.39742,53.41982],[-1.39601,53.42136],[-1.39552,53.42246],[-1.39556,53.42293],[-1.39619,53.42434],[-1.39614,53.42445],[-1.39579,53.42461],[-1.39507,53.42466],[-1.39364,53.42449],[-1.3925,53.42448],[-1.39043,53.42474],[-1.3873,53.42525],[-1.37968,53.42557],[-1.37922,53.42562],[-1.37872,53.42577],[-1.37752,53.42628],[-1.37671,53.42649],[-1.37283,53.42676],[-1.37214,53.42668],[-1.37111,53.42636],[-1.37047,53.42581],[-1.36973,53.42555],[-1.36786,53.42535],[-1.36616,53.42558],[-1.36494,53.42557],[-1.36379,53.42573],[-1.36238,53.4258],[-1.36161,53.42604],[-1.36136,53.42631],[-1.36131,53.42658],[-1.36121,53.42672],[-1.36052,53.42707],[-1.3601,53.42758],[-1.35978,53.42784],[-1.35961,53.4281],[-1.35948,53.4285],[-1.35948,53.42887],[-1.35958,53.42941],[-1.35977,53.42974],[-1.36085,53.431],[-1.36087,53.43113],[-1.36086,53.43124],[-1.36037,53.4317],[-1.35996,53.43226],[-1.3595,53.43345],[-1.35937,53.43397],[-1.35894,53.43493],[-1.35863,53.43517],[-1.35778,53.43556],[-1.3546,53.43822],[-1.35246,53.43979],[-1.35109,53.44071],[-1.34848,53.44106],[-1.34564,53.44195],[-1.33988,53.44326],[-1.33726,53.44341],[-1.33635,53.44338],[-1.33526,53.44349],[-1.33227,53.44303],[-1.33142,53.44299],[-1.32972,53.44271],[-1.32743,53.44245],[-1.32685,53.44249],[-1.32631,53.44262],[-1.32541,53.44301],[-1.32398,53.44379],[-1.32316,53.44411],[-1.32003,53.44447],[-1.3194,53.44449],[-1.31908,53.4446],[-1.31893,53.44485],[-1.31894,53.44537],[-1.31937,53.44666],[-1.31932,53.44706],[-1.3192,53.44739],[-1.31848,53.44827],[-1.31691,53.44943],[-1.31646,53.44992],[-1.31631,53.45028],[-1.31661,53.45132],[-1.31656,53.45154],[-1.31641,53.45179],[-1.31616,53.45201],[-1.3158,53.45218],[-1.31469,53.45246],[-1.31377,53.45283],[-1.31371,53.45296],[-1.31372,53.45355],[-1.31356,53.45412],[-1.31303,53.45497],[-1.31259,53.45533],[-1.3125,53.45559],[-1.31253,53.45573],[-1.31312,53.45711],[-1.31325,53.45758],[-1.31317,53.45822],[-1.31297,53.45854],[-1.31266,53.45948],[-1.31259,53.45988],[-1.31236,53.46033],[-1.31195,53.46064],[-1.31169,53.46074],[-1.31137,53.4608],[-1.30994,53.46083],[-1.30936,53.46091],[-1.3086,53.46112],[-1.30676,53.4619],[-1.30476,53.46262],[-1.30458,53.46277],[-1.30445,53.46301],[-1.30463,53.46481],[-1.30472,53.46512],[-1.30377,53.46686],[-1.30275,53.47048],[-1.30268,53.47091],[-1.30273,53.47111],[-1.30237,53.47346],[-1.30189,53.47526],[-1.30121,53.4769],[-1.30094,53.47778],[-1.30087,53.47942],[-1.3009,53.47994],[-1.301,53.48032],[-1.30242,53.4821],[-1.30257,53.48237],[-1.30273,53.48323],[-1.30265,53.48426],[-1.3022,53.48525],[-1.30213,53.48567],[-1.3019,53.48598],[-1.29634,53.49114],[-1.29614,53.49129],[-1.29588,53.49138],[-1.295,53.49203],[-1.29482,53.49207],[-1.29416,53.49209],[-1.29196,53.49182],[-1.28841,53.49188],[-1.2861,53.49152],[-1.28057,53.49133],[-1.27811,53.49152],[-1.27494,53.49142],[-1.27417,53.49131],[-1.2734,53.49134],[-1.27218,53.49159],[-1.27126,53.49188]],[[-1.23169,53.48968],[-1.23077,53.48934],[-1.22944,53.48899],[-1.22668,53.48786],[-1.22562,53.48757],[-1.22496,53.48753],[-1.22447,53.48759],[-1.22089,53.48866],[-1.22033,53.48878],[-1.21942,53.48884],[-1.2185,53.48876],[-1.21786,53.48863],[-1.21398,53.48753],[-1.21281,53.48745],[-1.21176,53.48762],[-1.21057,53.48802],[-1.20972,53.48845],[-1.20896,53.48895],[-1.20873,53.48917],[-1.20842,53.48982],[-1.2079,53.49064],[-1.2078,53.49158]],[[-1.20779,53.49158],[-1.20775,53.49269],[-1.20796,53.49325],[-1.20808,53.49393],[-1.20802,53.49416],[-1.20744,53.49528],[-1.20636,53.49605],[-1.20593,53.49629],[-1.20556,53.49641],[-1.20434,53.49662],[-1.20129,53.49688],[-1.20042,53.49704],[-1.19982,53.49723],[-1.19797,53.49801],[-1.19638,53.49894],[-1.19557,53.49949],[-1.19442,53.50047],[-1.19338,53.50149],[-1.1931,53.50185],[-1.19245,53.50296],[-1.19179,53.50448],[-1.19182,53.50549],[-1.19165,53.50669],[-1.19149,53.50695],[-1.19021,53.50791],[-1.18904,53.50855],[-1.18725,53.50916],[-1.18663,53.50926],[-1.18587,53.50967],[-1.18529,53.5099],[-1.18433,53.51004],[-1.18327,53.51002],[-1.17873,53.50924],[-1.17803,53.50906],[-1.17574,53.50831],[-1.17352,53.50749],[-1.1722,53.5071],[-1.17096,53.50687],[-1.16849,53.50661]],[[-1.27126,53.49188],[-1.26754,53.49305],[-1.26377,53.49505],[-1.26321,53.49529],[-1.2621,53.49557],[-1.2605,53.49582],[-1.25624,53.49631],[-1.25455,53.49638],[-1.25256,53.49634],[-1.25038,53.49614],[-1.24883,53.4959],[-1.24696,53.4955],[-1.2452,53.495],[-1.24492,53.49487],[-1.24403,53.49479],[-1.24377,53.49464],[-1.24334,53.49412],[-1.24302,53.49389],[-1.2417,53.49337],[-1.24094,53.49294],[-1.23999,53.49281],[-1.23403,53.49062],[-1.23273,53.49031],[-1.23231,53.49012],[-1.23168,53.48969]],[[-1.16848,53.50661],[-1.16672,53.50676],[-1.16406,53.50724],[-1.16318,53.50756],[-1.16158,53.50844],[-1.16082,53.50943],[-1.16038,53.51043],[-1.1603,53.51173],[-1.16051,53.51256]],[[-1.16051,53.51256],[-1.16067,53.51312],[-1.16133,53.51476],[-1.16197,53.51528],[-1.1629,53.51589],[-1.16317,53.51644],[-1.16322,53.51672],[-1.16318,53.51727],[-1.16307,53.5175],[-1.16267,53.51783],[-1.16155,53.5186],[-1.16024,53.51925],[-1.15673,53.52028],[-1.15401,53.52125],[-1.15215,53.52162],[-1.15062,53.52183],[-1.14919,53.52187],[-1.14837,53.52172],[-1.1478,53.5217],[-1.14698,53.52184],[-1.14153,53.52566],[-1.1407,53.526],[-1.13982,53.52626],[-1.13613,53.52678],[-1.1354,53.52716],[-1.13474,53.52774],[-1.13411,53.52843],[-1.13338,53.52989],[-1.13302,53.53086],[-1.13303,53.53099],[-1.13284,53.53123],[-1.13218,53.53178],[-1.13025,53.53308],[-1.12951,53.53378],[-1.12773,53.53594],[-1.12721,53.53649],[-1.1267,53.5372],[-1.12618,53.53763],[-1.12531,53.5381],[-1.12372,53.5382],[-1.12316,53.53837],[-1.1227,53.53864],[-1.12251,53.53889],[-1.12245,53.53912],[-1.12284,53.54041],[-1.12282,53.54079],[-1.12271,53.54118],[-1.12254,53.54153],[-1.12208,53.54211],[-1.12156,53.54261],[-1.12111,53.54293],[-1.12045,53.5433],[-1.11922,53.54386],[-1.11772,53.54428],[-1.1163,53.5445],[-1.11109,53.54511],[-1.10979,53.54521],[-1.10828,53.54521],[-1.10777,53.54531],[-1.10687,53.54569],[-1.10654,53.54601],[-1.1057,53.5473],[-1.10494,53.54816],[-1.10403,53.54885],[-1.10312,53.54935],[-1.10072,53.55033],[-1.09854,53.55096],[-1.09721,53.55129],[-1.09581,53.55137],[-1.09444,53.55155],[-1.09335,53.55182],[-1.09295,53.55197],[-1.09167,53.55292],[-1.09141,53.55337],[-1.09134,53.55367],[-1.09119,53.5547],[-1.09129,53.5549],[-1.09089,53.55551],[-1.09038,53.55602],[-1.09021,53.55627],[-1.09011,53.55661],[-1.0899,53.55697],[-1.08939,53.55819],[-1.0888,53.56028],[-1.08829,53.56162],[-1.0878,53.56274],[-1.08731,53.56351],[-1.08656,53.56423],[-1.08583,53.5648],[-1.0826,53.56631],[-1.07831,53.56991],[-1.07739,53.57078],[-1.07431,53.57345],[-1.07372,53.5741],[-1.0734,53.57479],[-1.07327,53.57546],[-1.07345,53.57609],[-1.07544,53.57894],[-1.07638,53.57973],[-1.07788,53.58056],[-1.07828,53.58085],[-1.07947,53.58189],[-1.07995,53.58217],[-1.08124,53.58266],[-1.08174,53.58319],[-1.08177,53.58348],[-1.08191,53.58382],[-1.08188,53.58412],[-1.0816,53.58455],[-1.08074,53.5854],[-1.08006,53.58597],[-1.07997,53.5862],[-1.07602,53.58968]]]}},{"type":"Feature","properties":{"NAME":"Stroudwater Canal"},"geometry":{"type":"LineString","coordinates":[[-2.3562,51.78302],[-2.35546,51.78228],[-2.35479,51.78186],[-2.35361,51.78127],[-2.35231,51.77914],[-2.35164,51.77791],[-2.35135,51.77749],[-2.3511,51.77725],[-2.35082,51.7771],[-2.35037,51.77698],[-2.34848,51.77686]]}},{"type":"Feature","properties":{"NAME":"Kingswood Arm (N Stratford Canal)"},"geometry":{"type":"MultiLineString","coordinates":[[[-1.72485,52.33405],[-1.72735,52.33518]],[[-1.72809,52.33545],[-1.72735,52.33518]],[[-1.72777,52.33629],[-1.7275,52.33533],[-1.72735,52.33518]]]}},{"type":"Feature","properties":{"NAME":"Middlewich Branch (Shrop Union)"},"geometry":{"type":"LineString","coordinates":[[-2.44091,53.1877],[-2.44168,53.1876],[-2.44843,53.18745],[-2.44983,53.18761],[-2.45439,53.1884],[-2.45516,53.18843],[-2.46236,53.1878],[-2.46451,53.18804],[-2.4658,53.18805],[-2.46642,53.18798],[-2.46845,53.18756],[-2.4698,53.18715],[-2.47276,53.18606],[-2.47384,53.18557],[-2.4743,53.18529],[-2.47551,53.18429],[-2.47991,53.18011],[-2.48223,53.17833],[-2.48247,53.17802],[-2.48279,53.17717],[-2.48311,53.17544],[-2.48331,53.17493],[-2.48363,53.17446],[-2.48475,53.17335],[-2.4852,53.17264],[-2.48539,53.17208],[-2.48557,53.17102],[-2.48565,53.16894],[-2.48557,53.16852],[-2.48524,53.16783],[-2.48439,53.16678],[-2.48377,53.16624],[-2.47975,53.16364],[-2.47908,53.16305],[-2.47878,53.16264],[-2.47863,53.16223],[-2.47864,53.16178],[-2.47911,53.15827],[-2.47929,53.15742],[-2.47957,53.15678],[-2.48033,53.15584],[-2.4832,53.15354],[-2.4837,53.15311],[-2.48383,53.15289],[-2.48399,53.1525],[-2.48401,53.15198],[-2.48386,53.15141],[-2.48339,53.15044],[-2.48334,53.15012],[-2.48335,53.14987],[-2.4836,53.14945],[-2.48388,53.14926],[-2.48475,53.14892],[-2.49074,53.14733],[-2.49226,53.14686],[-2.4933,53.14629],[-2.49366,53.14597],[-2.49408,53.14544],[-2.4943,53.14484],[-2.49423,53.14443],[-2.4939,53.14387],[-2.49271,53.14252],[-2.49242,53.14146],[-2.49249,53.14073],[-2.49346,53.13591],[-2.49358,53.13554],[-2.49388,53.13518],[-2.49633,53.13323],[-2.49708,53.13247],[-2.49772,53.1317],[-2.49791,53.13126],[-2.49798,53.13072],[-2.49792,53.13029],[-2.49758,53.12903],[-2.49759,53.12852],[-2.49775,53.12816],[-2.49801,53.12783],[-2.49858,53.12739],[-2.49946,53.12702],[-2.49996,53.1269],[-2.50312,53.12671],[-2.50418,53.12652],[-2.50494,53.12624],[-2.51029,53.12348],[-2.51166,53.12303],[-2.51334,53.12284],[-2.51813,53.12257],[-2.52427,53.1225],[-2.52579,53.12227],[-2.5283,53.12149],[-2.55181,53.11332],[-2.55368,53.11275],[-2.55643,53.11208],[-2.5588,53.11163],[-2.56045,53.11141],[-2.56618,53.1111],[-2.56842,53.11112],[-2.57275,53.11153],[-2.57398,53.11156],[-2.57509,53.11147],[-2.57612,53.11122],[-2.57662,53.11098],[-2.57966,53.10869]]}},{"type":"Feature","properties":{"NAME":"North Stratford Canal"},"geometry":{"type":"MultiLineString","coordinates":[[[-1.76426,52.34443],[-1.76297,52.34443],[-1.76232,52.34428],[-1.75983,52.3428],[-1.75811,52.34194],[-1.75418,52.34019],[-1.75296,52.33974],[-1.74844,52.33919],[-1.74789,52.33908],[-1.74691,52.33873],[-1.7465,52.33865],[-1.74614,52.33866],[-1.7453,52.33891],[-1.74275,52.34043],[-1.7421,52.34072],[-1.74156,52.34084],[-1.74081,52.34091],[-1.73979,52.34076],[-1.73499,52.33882],[-1.73423,52.33858],[-1.73303,52.33847],[-1.73104,52.33867],[-1.72992,52.33869],[-1.72925,52.33857],[-1.72836,52.33816],[-1.72821,52.338],[-1.72771,52.33702],[-1.72777,52.33629]],[[-1.77468,52.34932],[-1.77324,52.34863],[-1.771,52.34781],[-1.77061,52.34736],[-1.77052,52.34708],[-1.77042,52.34618],[-1.77029,52.3459],[-1.76945,52.34517],[-1.76857,52.34471],[-1.76785,52.34458],[-1.76574,52.34442],[-1.76426,52.34443]],[[-1.79741,52.35819],[-1.79619,52.35788],[-1.7943,52.35723],[-1.79205,52.35674],[-1.78963,52.3558],[-1.78836,52.35519],[-1.78712,52.35431],[-1.78602,52.35382],[-1.78538,52.35334],[-1.78502,52.35291],[-1.78467,52.35175],[-1.78438,52.35129],[-1.78388,52.35083],[-1.78317,52.35048],[-1.78168,52.34998],[-1.78122,52.34989],[-1.78057,52.34996],[-1.77918,52.35031],[-1.77689,52.35031],[-1.77608,52.35002],[-1.77468,52.34932]],[[-1.80652,52.36448],[-1.80631,52.36402],[-1.806,52.36355],[-1.80579,52.36329],[-1.80549,52.36306],[-1.80498,52.3628],[-1.80402,52.36266],[-1.80339,52.36233],[-1.80157,52.36041],[-1.80093,52.35988],[-1.79983,52.35857],[-1.79944,52.35845],[-1.79836,52.35841],[-1.79741,52.35819]],[[-1.81872,52.36735],[-1.81556,52.36693],[-1.81241,52.36643],[-1.81108,52.36638],[-1.808,52.36649],[-1.80774,52.36645],[-1.80734,52.36616],[-1.80717,52.36594],[-1.80652,52.36448]],[[-1.82514,52.37167],[-1.82094,52.37031],[-1.81985,52.36986],[-1.8196,52.36963],[-1.81941,52.36932],[-1.81942,52.36891],[-1.81966,52.36823],[-1.81958,52.36788],[-1.8195,52.36774],[-1.81924,52.36753],[-1.81872,52.36735]],[[-1.82969,52.37293],[-1.82693,52.37226],[-1.82514,52.37167]],[[-1.83037,52.3869],[-1.82947,52.38643],[-1.82929,52.3861],[-1.8293,52.38584],[-1.83083,52.38453],[-1.83178,52.38388],[-1.83392,52.38295],[-1.83407,52.38281],[-1.8342,52.38242],[-1.83413,52.38207],[-1.83383,52.38131],[-1.83393,52.38004],[-1.8339,52.37968],[-1.83368,52.37939],[-1.83285,52.37893],[-1.8325,52.37863],[-1.83209,52.37786],[-1.83212,52.37752],[-1.83336,52.37505],[-1.83336,52.37444],[-1.83323,52.37421],[-1.83301,52.374],[-1.832,52.37346],[-1.82969,52.37293]],[[-1.92276,52.41229],[-1.91899,52.41334],[-1.9183,52.41364],[-1.91648,52.41404],[-1.91558,52.41406],[-1.91534,52.41414],[-1.91496,52.41438],[-1.91427,52.41511],[-1.91408,52.41545],[-1.91393,52.4159],[-1.91375,52.41607],[-1.91326,52.41632],[-1.91268,52.41646],[-1.9123,52.41647],[-1.91138,52.41635],[-1.90924,52.41591],[-1.90883,52.41575],[-1.90772,52.41474],[-1.9074,52.41398],[-1.90695,52.41372],[-1.90627,52.41353],[-1.90005,52.41232],[-1.89805,52.41239],[-1.89754,52.41232],[-1.89515,52.41155],[-1.89236,52.41117],[-1.89184,52.41122],[-1.89102,52.41171],[-1.89034,52.41223],[-1.88916,52.41288],[-1.88752,52.41305],[-1.88688,52.41326],[-1.88633,52.41361],[-1.88505,52.41464],[-1.88476,52.41479],[-1.88432,52.41491],[-1.88266,52.41488],[-1.8781,52.41424],[-1.87668,52.41417],[-1.87611,52.41436],[-1.8755,52.41514],[-1.87484,52.41555],[-1.87414,52.41569],[-1.87348,52.41565],[-1.87318,52.41573],[-1.87246,52.41607],[-1.87148,52.41606],[-1.87036,52.41571],[-1.86942,52.41557],[-1.86904,52.41564],[-1.86869,52.41592],[-1.8684,52.41606],[-1.86805,52.41607],[-1.86739,52.41596],[-1.86668,52.41561],[-1.86626,52.41512],[-1.86435,52.41046],[-1.86394,52.41007],[-1.86328,52.40962],[-1.86281,52.40939],[-1.86111,52.40911],[-1.86078,52.409],[-1.86053,52.40881],[-1.85993,52.40805],[-1.85939,52.4077],[-1.85841,52.40752],[-1.85596,52.40757],[-1.85553,52.40745],[-1.85522,52.40721],[-1.85497,52.40682],[-1.8548,52.4063],[-1.85506,52.40484],[-1.85444,52.40303],[-1.8542,52.40251],[-1.85384,52.40216],[-1.85022,52.40011],[-1.8497,52.39971],[-1.84955,52.39945],[-1.84947,52.39894],[-1.84911,52.39799],[-1.84911,52.39755],[-1.84927,52.39695],[-1.84914,52.39654],[-1.84899,52.39638],[-1.84822,52.39604],[-1.84728,52.39519],[-1.84696,52.39477],[-1.84642,52.39371],[-1.84616,52.39344],[-1.84385,52.39222],[-1.84217,52.39186],[-1.83833,52.39122],[-1.83718,52.39077],[-1.83585,52.39015],[-1.83355,52.38841],[-1.83037,52.3869]]]}},{"type":"Feature","properties":{"NAME":"River Soar"},"geometry":{"type":"MultiLineString","coordinates":[[[-1.14228,52.6337],[-1.14298,52.63426],[-1.14348,52.6349],[-1.14437,52.6356],[-1.14473,52.636],[-1.14497,52.63643],[-1.14517,52.63701],[-1.14512,52.6373],[-1.14495,52.63755],[-1.1443,52.63791],[-1.1442,52.63829],[-1.14449,52.63893],[-1.1454,52.6396],[-1.14548,52.63982],[-1.14542,52.64002],[-1.14453,52.64051],[-1.14324,52.64094],[-1.13518,52.64317],[-1.13312,52.64356],[-1.13186,52.64392],[-1.13125,52.64426],[-1.13038,52.64503],[-1.12986,52.64531],[-1.12898,52.64566],[-1.12838,52.64606],[-1.12807,52.64658],[-1.12801,52.64692],[-1.12811,52.6472],[-1.12916,52.64859],[-1.12949,52.64946],[-1.13007,52.65011],[-1.13022,52.6504],[-1.13024,52.65077],[-1.13002,52.65177],[-1.13004,52.6525],[-1.12977,52.65295],[-1.12804,52.65421],[-1.12764,52.65458],[-1.12545,52.65555],[-1.12498,52.65633],[-1.12504,52.65655],[-1.12562,52.65748],[-1.12594,52.65812],[-1.12622,52.6585],[-1.12676,52.65907],[-1.12718,52.6597],[-1.12801,52.66032],[-1.12838,52.66075],[-1.1282,52.66138],[-1.12806,52.66168],[-1.12727,52.66257],[-1.12675,52.66305],[-1.12622,52.66335],[-1.12557,52.66356],[-1.12509,52.66358],[-1.12436,52.66349],[-1.12398,52.66355],[-1.12359,52.66378],[-1.12292,52.66455],[-1.12245,52.66477],[-1.12113,52.6648],[-1.12003,52.66504],[-1.11906,52.66499],[-1.11858,52.66506],[-1.11824,52.66518],[-1.11773,52.66554],[-1.11766,52.6657],[-1.11767,52.6659],[-1.11814,52.66634],[-1.11826,52.6666],[-1.11823,52.66777],[-1.11811,52.66795],[-1.1177,52.66831],[-1.11763,52.66891],[-1.11748,52.66915],[-1.11714,52.66934],[-1.11659,52.6695],[-1.11637,52.66966],[-1.11632,52.66978],[-1.11636,52.66986],[-1.11673,52.67012],[-1.11685,52.67031],[-1.11683,52.67047],[-1.11669,52.67067],[-1.11528,52.67154],[-1.11443,52.6722],[-1.11435,52.67238],[-1.11445,52.67256],[-1.11521,52.67299],[-1.11585,52.67346],[-1.11635,52.67392],[-1.11674,52.67469],[-1.11653,52.67514],[-1.11481,52.67681],[-1.11325,52.67792],[-1.11213,52.67865],[-1.11186,52.67875],[-1.11126,52.67873],[-1.11079,52.67849],[-1.11056,52.67844],[-1.11016,52.67848],[-1.1097,52.67875],[-1.10929,52.67885],[-1.10787,52.67869],[-1.1073,52.67869],[-1.10704,52.67859],[-1.10668,52.67809],[-1.10557,52.67783],[-1.10499,52.67748],[-1.10461,52.67739],[-1.10427,52.6774],[-1.10391,52.67751],[-1.10244,52.67819],[-1.10168,52.67873],[-1.10159,52.679],[-1.10174,52.68003],[-1.10161,52.68036],[-1.10141,52.68065],[-1.10086,52.68116],[-1.10066,52.68147],[-1.10057,52.68176],[-1.10049,52.68277],[-1.10067,52.6832],[-1.10107,52.68363],[-1.1011,52.6838],[-1.10165,52.68493],[-1.10256,52.68707],[-1.1028,52.68781],[-1.10232,52.69264],[-1.10188,52.69365],[-1.10027,52.69639],[-1.10005,52.69714],[-1.10047,52.69995],[-1.10044,52.70042],[-1.10005,52.70145],[-1.10016,52.70215],[-1.10027,52.70417],[-1.10196,52.70513],[-1.10317,52.70594],[-1.10469,52.70649],[-1.10624,52.70678],[-1.10911,52.70682],[-1.10948,52.70676],[-1.11079,52.70631],[-1.11144,52.70623],[-1.11256,52.70621],[-1.11396,52.70696],[-1.11402,52.7072],[-1.11392,52.70751],[-1.11395,52.70772],[-1.11407,52.70796],[-1.11447,52.70825],[-1.11571,52.70855],[-1.11845,52.70876],[-1.11989,52.70909],[-1.1208,52.71008],[-1.12183,52.71179],[-1.12238,52.71212],[-1.12293,52.71228],[-1.12341,52.71256],[-1.1236,52.7128],[-1.12382,52.71352],[-1.12385,52.71417],[-1.12376,52.71437],[-1.12228,52.71506],[-1.12146,52.71559],[-1.1207,52.71625],[-1.11945,52.71763],[-1.11941,52.71787],[-1.11942,52.71829],[-1.11953,52.71868],[-1.11961,52.71883],[-1.11988,52.71899],[-1.11998,52.71913],[-1.11995,52.72016],[-1.1197,52.72094],[-1.11981,52.72132],[-1.12014,52.72177],[-1.12139,52.72241],[-1.12189,52.72294],[-1.12202,52.72322],[-1.12203,52.72355],[-1.12168,52.72408],[-1.12161,52.7243],[-1.12172,52.72461],[-1.12212,52.72514],[-1.12215,52.72531],[-1.12164,52.72598],[-1.12159,52.72612],[-1.12172,52.72634],[-1.12195,52.72652],[-1.12222,52.72663],[-1.1234,52.72685],[-1.12471,52.72724],[-1.12524,52.72746],[-1.12538,52.72765],[-1.12548,52.72895],[-1.12583,52.72924],[-1.12609,52.72929],[-1.12673,52.72926],[-1.1275,52.72907],[-1.12817,52.72878],[-1.12873,52.72886],[-1.12929,52.72934],[-1.12947,52.72991],[-1.12969,52.73024],[-1.13141,52.73121],[-1.13181,52.73153],[-1.13189,52.73177],[-1.13177,52.73223],[-1.13211,52.73245],[-1.13242,52.73251],[-1.13431,52.73219],[-1.13606,52.73206],[-1.13658,52.73177],[-1.13723,52.73155],[-1.13811,52.73147],[-1.1393,52.73163],[-1.142,52.7322],[-1.14243,52.73246],[-1.14292,52.73291],[-1.14387,52.73312],[-1.1441,52.73331],[-1.14445,52.73379],[-1.14472,52.73467],[-1.14476,52.73505],[-1.14459,52.73529],[-1.1442,52.73554],[-1.1439,52.73593],[-1.14381,52.73657],[-1.14387,52.73679],[-1.14403,52.73703],[-1.14402,52.73724],[-1.14347,52.73787],[-1.14302,52.73853],[-1.14252,52.73949],[-1.14178,52.74023],[-1.14159,52.74031],[-1.14098,52.74036],[-1.14074,52.74053],[-1.14051,52.74084],[-1.13976,52.74111],[-1.13924,52.74169],[-1.13872,52.74197],[-1.1363,52.74277],[-1.13528,52.74297],[-1.1349,52.74314],[-1.13476,52.74339],[-1.13477,52.74361],[-1.13502,52.74389],[-1.13517,52.74424],[-1.13546,52.74465],[-1.13593,52.74503],[-1.13677,52.74547],[-1.13772,52.7457],[-1.13861,52.7458],[-1.14086,52.74585],[-1.14264,52.74609],[-1.14361,52.746],[-1.14601,52.74549],[-1.14714,52.74579],[-1.14814,52.74631],[-1.14939,52.74709],[-1.14994,52.74752],[-1.15014,52.74781],[-1.15026,52.74848],[-1.15055,52.74892],[-1.15169,52.74947],[-1.15284,52.74984],[-1.15313,52.75013],[-1.15324,52.75039],[-1.15319,52.75078],[-1.15291,52.75106],[-1.15275,52.75145],[-1.15278,52.7516],[-1.15292,52.75173],[-1.15345,52.75197],[-1.15534,52.7524],[-1.15597,52.75264],[-1.15734,52.75355],[-1.15852,52.75415],[-1.15976,52.75521],[-1.16018,52.75539],[-1.16103,52.75559],[-1.16122,52.7557],[-1.1615,52.75605],[-1.16177,52.75627],[-1.16281,52.75668],[-1.16318,52.75719],[-1.16363,52.75761],[-1.16423,52.75924],[-1.16543,52.76085],[-1.16608,52.76149],[-1.16712,52.76208],[-1.17075,52.76316],[-1.1726,52.76345],[-1.1744,52.76364],[-1.17697,52.76369],[-1.18125,52.76347],[-1.18241,52.76352],[-1.18423,52.76379],[-1.18603,52.76423],[-1.18722,52.76459],[-1.19032,52.76596],[-1.19087,52.76632],[-1.19115,52.7666],[-1.19131,52.7668],[-1.19154,52.76729],[-1.19158,52.76749],[-1.19154,52.7688],[-1.19128,52.76985],[-1.19139,52.77025],[-1.19181,52.77087],[-1.19267,52.77185],[-1.19512,52.77398],[-1.19716,52.7763],[-1.19759,52.77665],[-1.1988,52.77721],[-1.20154,52.77812],[-1.20314,52.77846],[-1.20474,52.7786],[-1.20789,52.77863],[-1.20879,52.77848],[-1.20975,52.77815],[-1.2104,52.77779],[-1.21171,52.77691],[-1.21263,52.7765],[-1.21281,52.77649]],[[-1.21025,52.77448],[-1.21281,52.77649]],[[-1.21281,52.77649],[-1.21442,52.77754],[-1.2154,52.77808],[-1.21551,52.7782],[-1.21779,52.78422],[-1.21788,52.78463],[-1.21783,52.78481],[-1.21657,52.78758],[-1.21644,52.78909],[-1.21696,52.7898],[-1.21725,52.78998],[-1.21866,52.79029],[-1.22289,52.79065],[-1.22504,52.79157],[-1.22594,52.7917],[-1.22608,52.79182],[-1.22623,52.79221],[-1.22644,52.79243],[-1.22757,52.79298],[-1.22801,52.7931],[-1.22884,52.7931],[-1.22914,52.7932],[-1.2294,52.79349],[-1.22962,52.79395],[-1.2301,52.7946],[-1.23057,52.79547],[-1.23081,52.79621],[-1.23117,52.7965],[-1.23169,52.79678],[-1.23192,52.79709],[-1.23201,52.79751],[-1.23196,52.7977],[-1.23131,52.7981],[-1.23115,52.79846],[-1.23118,52.79868],[-1.23149,52.79941],[-1.23165,52.80021],[-1.23184,52.80054],[-1.23233,52.80084],[-1.23333,52.80125],[-1.23443,52.80201],[-1.23695,52.80303],[-1.23827,52.80375],[-1.2386,52.80386],[-1.23953,52.80398],[-1.23991,52.80409],[-1.2408,52.80481],[-1.24152,52.80522],[-1.24193,52.80535],[-1.24225,52.80536],[-1.24343,52.80514],[-1.24374,52.80516],[-1.24471,52.80565],[-1.24568,52.80627],[-1.24683,52.80674],[-1.2476,52.80673],[-1.24968,52.80689],[-1.25838,52.80629],[-1.25855,52.80634],[-1.25886,52.80658],[-1.25972,52.80691],[-1.26048,52.80768],[-1.26128,52.80895],[-1.262,52.8106],[-1.26218,52.81126],[-1.26236,52.81243],[-1.2627,52.81311],[-1.26311,52.81372],[-1.2634,52.81481],[-1.26337,52.81547],[-1.26325,52.81579],[-1.26288,52.81604],[-1.26213,52.81691],[-1.26019,52.81866],[-1.26009,52.81904],[-1.26022,52.81941],[-1.26067,52.8199],[-1.26118,52.82029],[-1.26166,52.82048],[-1.26284,52.82058],[-1.26449,52.82052],[-1.26532,52.82069],[-1.26567,52.82087],[-1.26674,52.82166],[-1.26903,52.82308],[-1.26953,52.82324],[-1.27043,52.82341],[-1.27106,52.8239],[-1.2713,52.82468],[-1.27094,52.82596],[-1.271,52.82708],[-1.27091,52.82833],[-1.27101,52.8294],[-1.27132,52.83139],[-1.27155,52.83187],[-1.27192,52.8323],[-1.27227,52.83255],[-1.27297,52.8328],[-1.27343,52.83314],[-1.27367,52.83386],[-1.27366,52.83545],[-1.27332,52.83599],[-1.27309,52.83624],[-1.27292,52.83633],[-1.26882,52.83668],[-1.26751,52.83713],[-1.26685,52.83757],[-1.26673,52.83782],[-1.26691,52.83826],[-1.26727,52.83863],[-1.26794,52.8391],[-1.26824,52.83948],[-1.26827,52.83967],[-1.26821,52.83984],[-1.2667,52.84202],[-1.2664,52.84223],[-1.26624,52.84243],[-1.26619,52.84268],[-1.26633,52.84291],[-1.26674,52.84325],[-1.26709,52.84425],[-1.26802,52.84533],[-1.2683,52.84552],[-1.26869,52.84567],[-1.27033,52.84591],[-1.27088,52.84613],[-1.27099,52.847],[-1.27115,52.84753],[-1.27139,52.84789],[-1.27194,52.84828],[-1.27227,52.84895],[-1.27225,52.84929],[-1.27208,52.84993],[-1.27187,52.85021],[-1.27142,52.8506],[-1.27115,52.85101],[-1.2709,52.85221],[-1.2706,52.85305],[-1.27068,52.8539],[-1.27118,52.85485],[-1.27158,52.85649],[-1.27141,52.858],[-1.27224,52.85914],[-1.27384,52.85948],[-1.27432,52.85967],[-1.27505,52.86005],[-1.27522,52.86023],[-1.27525,52.86039],[-1.27387,52.86143],[-1.27297,52.86191],[-1.27277,52.86223],[-1.27266,52.86285],[-1.27231,52.86323],[-1.27183,52.86352],[-1.27152,52.86395],[-1.27144,52.86435],[-1.2716,52.86471],[-1.27163,52.86494],[-1.27151,52.86525],[-1.27119,52.86549],[-1.27004,52.86603],[-1.26959,52.86648],[-1.26951,52.86669],[-1.26956,52.86704],[-1.27071,52.86882],[-1.27082,52.8691],[-1.27072,52.8694],[-1.27071,52.86998],[-1.27053,52.87086],[-1.27032,52.87149],[-1.26997,52.87198],[-1.2679,52.87336]]]}},{"type":"Feature","properties":{"NAME":"Shrewsbury & Newport Canal"},"geometry":{"type":"MultiLineString","coordinates":[[[-2.67849,52.69509],[-2.67886,52.69545],[-2.67943,52.69582],[-2.68465,52.69872],[-2.69297,52.70353],[-2.69501,52.70459],[-2.69595,52.70527],[-2.6964,52.70587],[-2.69643,52.70603],[-2.69635,52.70633],[-2.69582,52.70684],[-2.69493,52.70787],[-2.6947,52.70854],[-2.69387,52.70961],[-2.69336,52.71047]],[[-2.65642,52.70201],[-2.65706,52.70177],[-2.65795,52.70156]],[[-2.36223,52.78581],[-2.36312,52.78504]]]}},{"type":"Feature","properties":{"NAME":"River Stort"},"geometry":{"type":"MultiLineString","coordinates":[[[0.01324,51.76446],[0.01383,51.76439],[0.01434,51.76449],[0.01471,51.76465],[0.01592,51.76553],[0.01611,51.76582],[0.01603,51.76614],[0.01607,51.76634],[0.01659,51.76702],[0.01793,51.76727],[0.0199,51.76712],[0.02035,51.76717],[0.02079,51.76759],[0.0213,51.76776],[0.02229,51.76845],[0.02283,51.7691],[0.02412,51.77019],[0.02473,51.77047],[0.02523,51.77082],[0.0272,51.77129],[0.02887,51.77194],[0.03047,51.77281],[0.03089,51.77293],[0.03148,51.773],[0.03223,51.77324],[0.03241,51.77338],[0.03247,51.77373],[0.03253,51.77379],[0.03339,51.77417],[0.03489,51.77498],[0.03621,51.77529],[0.03682,51.77526],[0.03714,51.77519],[0.03792,51.77487],[0.03886,51.77463],[0.03939,51.77459],[0.03987,51.77478],[0.04026,51.77515],[0.0404,51.77537],[0.04071,51.7755],[0.04091,51.77549],[0.04197,51.77514],[0.04233,51.77514],[0.04236,51.77509],[0.04319,51.77515],[0.04443,51.77536],[0.04672,51.7753],[0.05025,51.77574],[0.05169,51.77603],[0.05243,51.77651],[0.05328,51.77683],[0.05378,51.77739],[0.05491,51.77828],[0.05739,51.77941],[0.05762,51.77963],[0.05936,51.78235],[0.05951,51.78284],[0.06091,51.78351],[0.06293,51.78377],[0.0637,51.78395],[0.06564,51.78388],[0.06655,51.78395],[0.06734,51.78388],[0.06805,51.78394],[0.06836,51.78386],[0.06896,51.78352],[0.06978,51.78328],[0.07272,51.78295],[0.07389,51.78266],[0.07464,51.78266],[0.0753,51.78258],[0.07618,51.78261],[0.07712,51.78245],[0.07744,51.78253],[0.07788,51.78277],[0.07943,51.78291],[0.07964,51.78277],[0.08046,51.78146],[0.08082,51.78073],[0.08114,51.78053],[0.08212,51.78023],[0.08241,51.78002],[0.08271,51.7799],[0.08335,51.77989],[0.08419,51.77998],[0.08789,51.78094],[0.08876,51.78123],[0.08941,51.78127],[0.08965,51.78143],[0.08976,51.78172],[0.08988,51.78184],[0.09017,51.7819],[0.09097,51.78186],[0.09141,51.78201],[0.09167,51.78202],[0.09426,51.78148],[0.09451,51.78155],[0.09662,51.78262],[0.09723,51.783],[0.09781,51.78322],[0.09833,51.7833],[0.09884,51.78319],[0.0992,51.7832],[0.10032,51.78364],[0.10114,51.78408],[0.10207,51.78492],[0.10279,51.78504],[0.10331,51.78501],[0.10349,51.78506],[0.10384,51.78543],[0.10447,51.78583],[0.10487,51.78634],[0.10514,51.78655],[0.10602,51.78711],[0.10659,51.78733],[0.10699,51.7878],[0.10788,51.78813],[0.10854,51.78826],[0.10949,51.78827],[0.11126,51.78846],[0.11281,51.78871],[0.1133,51.78872],[0.11422,51.78858],[0.11503,51.78866],[0.11566,51.78878],[0.1163,51.78899],[0.11724,51.78949],[0.11808,51.78969],[0.11862,51.79007],[0.12015,51.7901],[0.12054,51.79018],[0.12115,51.79083],[0.12181,51.79107],[0.12205,51.79126],[0.1226,51.79234],[0.12279,51.79254],[0.12346,51.79294],[0.12359,51.79336],[0.12381,51.79359],[0.12458,51.79415],[0.12539,51.79447],[0.12544,51.79459],[0.12537,51.79495],[0.12559,51.79516],[0.12598,51.79518],[0.1265,51.79498],[0.12709,51.79489],[0.12772,51.795],[0.12831,51.79525],[0.13071,51.79517],[0.1319,51.795],[0.13457,51.79482],[0.13524,51.79483],[0.13567,51.79493],[0.13614,51.79522],[0.13804,51.79571],[0.13895,51.79574],[0.13908,51.79587],[0.13922,51.79626],[0.13931,51.79634],[0.13968,51.79643],[0.14041,51.79643],[0.14061,51.79658],[0.14076,51.79698],[0.14122,51.79716],[0.14303,51.79712],[0.14361,51.7972],[0.14399,51.79718],[0.14577,51.79633],[0.14693,51.79599],[0.14779,51.79592],[0.14823,51.79596],[0.14948,51.79632],[0.15054,51.79693],[0.15073,51.79708],[0.15078,51.79754],[0.15106,51.79787],[0.1515,51.79906],[0.15146,51.79925],[0.15089,51.79987],[0.15067,51.80021],[0.15038,51.80101],[0.15037,51.80123],[0.1506,51.80236],[0.15073,51.80256],[0.15101,51.80272],[0.15233,51.80295],[0.15309,51.80294],[0.15342,51.803],[0.15395,51.80341],[0.1541,51.80365],[0.15417,51.80432],[0.15456,51.80474],[0.15471,51.80515],[0.15495,51.80542],[0.15501,51.80557],[0.15502,51.80596],[0.15546,51.8064],[0.15549,51.80663],[0.15529,51.80713],[0.15534,51.80733],[0.15671,51.8088],[0.15722,51.8091],[0.15747,51.80917],[0.15767,51.80934],[0.15815,51.81012],[0.15852,51.81156],[0.15859,51.81218],[0.1587,51.81251],[0.15848,51.81312],[0.15802,51.81374],[0.15765,51.814],[0.15686,51.81425],[0.15602,51.81461],[0.15567,51.81516],[0.15525,51.81562],[0.15446,51.81628],[0.15444,51.81673],[0.15466,51.81773],[0.15514,51.81821],[0.15648,51.81911],[0.16099,51.82085],[0.16148,51.82112],[0.1617,51.82133],[0.16252,51.82269],[0.16223,51.82437],[0.16166,51.82494],[0.16147,51.82552],[0.16119,51.8259],[0.16121,51.82611],[0.1614,51.82648],[0.16143,51.82729],[0.16149,51.82747],[0.1616,51.82762],[0.16308,51.82882],[0.16375,51.829],[0.16463,51.82913],[0.16528,51.82947],[0.16579,51.82994],[0.16609,51.83057],[0.16604,51.83099],[0.16584,51.83144],[0.16563,51.83166],[0.16522,51.83187],[0.16475,51.83203],[0.16441,51.83205],[0.16373,51.83183],[0.1634,51.8318],[0.16266,51.83206],[0.16195,51.83201],[0.16174,51.83209],[0.16166,51.83224],[0.16191,51.83276],[0.1619,51.83304],[0.16163,51.83336],[0.16093,51.83392],[0.16086,51.83407],[0.16093,51.83433],[0.16136,51.83495],[0.16155,51.83582],[0.16162,51.83761],[0.16157,51.83937],[0.16181,51.84095],[0.16223,51.84267],[0.16281,51.84405],[0.16325,51.84487],[0.16347,51.84514],[0.16441,51.8458],[0.16515,51.84703],[0.16513,51.84715],[0.16483,51.8474],[0.16475,51.84756],[0.16481,51.8479],[0.16472,51.84834],[0.16467,51.84943],[0.1645,51.84969],[0.16406,51.85009],[0.16389,51.85042],[0.16388,51.85058],[0.16401,51.85072],[0.16469,51.85106],[0.16518,51.85149],[0.16546,51.8516],[0.16806,51.85201],[0.16863,51.85217],[0.16954,51.85216],[0.17054,51.85197],[0.17084,51.85201],[0.17099,51.8521],[0.17125,51.85248],[0.17185,51.85304],[0.17242,51.85381],[0.17285,51.85398],[0.17303,51.85416],[0.17301,51.85429],[0.17287,51.85442],[0.17251,51.85456],[0.17126,51.85528],[0.17011,51.85558],[0.169,51.85618],[0.16878,51.85672],[0.16876,51.85695],[0.16888,51.85734],[0.16918,51.85781],[0.16918,51.85848],[0.16885,51.85918],[0.1686,51.85955],[0.16735,51.86028],[0.16679,51.86119],[0.1668,51.86152],[0.16699,51.86234],[0.16713,51.8626],[0.16712,51.86279],[0.16642,51.8634],[0.16618,51.86374],[0.16566,51.86415],[0.1652,51.86472],[0.1639,51.86503],[0.16167,51.86627],[0.16149,51.86644],[0.16139,51.86661],[0.16142,51.86685],[0.16239,51.86828],[0.16249,51.86851],[0.16254,51.8689]],[[0.16254,51.8689],[0.16302,51.86996]],[[0.16173,51.86946],[0.16206,51.86912],[0.16254,51.8689]]]}},{"type":"Feature","properties":{"NAME":"South Stratford Canal"},"geometry":{"type":"MultiLineString","coordinates":[[[-1.75764,52.23985],[-1.75916,52.23891],[-1.7597,52.2384],[-1.75991,52.23796],[-1.75979,52.23755],[-1.75959,52.23719],[-1.75852,52.23584],[-1.75837,52.23504],[-1.75835,52.23375],[-1.75861,52.23308],[-1.75925,52.23225],[-1.75972,52.23187],[-1.76071,52.23124],[-1.76112,52.23082],[-1.76135,52.23033],[-1.76132,52.22955],[-1.76098,52.22883],[-1.7603,52.22805],[-1.75836,52.22616],[-1.75803,52.22564],[-1.7574,52.22408],[-1.75734,52.22353],[-1.75746,52.22169],[-1.75727,52.22127],[-1.75673,52.22084],[-1.75562,52.22011],[-1.75495,52.21953],[-1.75334,52.21769],[-1.75242,52.21675],[-1.75198,52.21615],[-1.74987,52.21174],[-1.74966,52.21144],[-1.74899,52.21078],[-1.7485,52.2105],[-1.74462,52.20888],[-1.74322,52.20845],[-1.73442,52.20612],[-1.73299,52.20561],[-1.7302,52.20409],[-1.7296,52.20369],[-1.72696,52.20138],[-1.72556,52.19965],[-1.72497,52.19919],[-1.72411,52.19877],[-1.72268,52.19842],[-1.71718,52.19759],[-1.70889,52.19679],[-1.70736,52.19646],[-1.70654,52.19617],[-1.70296,52.1941],[-1.70285,52.19393],[-1.70286,52.1938],[-1.70338,52.19268],[-1.70338,52.19248],[-1.7033,52.19234],[-1.70218,52.19129]],[[-1.76307,52.269],[-1.76345,52.26845],[-1.76411,52.26774],[-1.76526,52.26663],[-1.76556,52.26642],[-1.77056,52.26402],[-1.77115,52.26314],[-1.77159,52.26266],[-1.77203,52.26231],[-1.77286,52.26187],[-1.77311,52.26163],[-1.77328,52.26117],[-1.77327,52.26022],[-1.77317,52.25994],[-1.77195,52.25871],[-1.76559,52.25423],[-1.76505,52.25375],[-1.76494,52.25351],[-1.76488,52.25312],[-1.76408,52.24581],[-1.76387,52.24435],[-1.76374,52.24387],[-1.76346,52.24351],[-1.76301,52.24316],[-1.76246,52.24283],[-1.76187,52.24257],[-1.75895,52.24176],[-1.75773,52.24152],[-1.7574,52.24139],[-1.757,52.24095],[-1.75693,52.24061],[-1.75708,52.24021],[-1.75764,52.23985]],[[-1.75459,52.27479],[-1.75644,52.2744],[-1.75699,52.27414],[-1.75773,52.27359],[-1.75828,52.27332],[-1.75898,52.27318],[-1.76076,52.27312],[-1.76136,52.27294],[-1.76178,52.27274],[-1.76216,52.27246],[-1.76244,52.2721],[-1.76305,52.27096],[-1.76299,52.2692],[-1.76307,52.269]],[[-1.72685,52.31042],[-1.72659,52.3101],[-1.72569,52.30936],[-1.72523,52.30882],[-1.72514,52.30863],[-1.72507,52.3074],[-1.72489,52.30691],[-1.724,52.30586],[-1.72377,52.30543],[-1.7235,52.30366],[-1.72346,52.30302],[-1.72329,52.30225],[-1.72281,52.30079],[-1.72281,52.30057],[-1.72299,52.30025],[-1.72326,52.29992],[-1.72366,52.29963],[-1.73017,52.29671],[-1.731,52.2962],[-1.73153,52.29559],[-1.73188,52.29487],[-1.73333,52.29234],[-1.73352,52.29206],[-1.73404,52.29162],[-1.73478,52.29127],[-1.7367,52.29081],[-1.73814,52.29019],[-1.74148,52.28917],[-1.74265,52.28869],[-1.74298,52.28851],[-1.74519,52.28683],[-1.74681,52.28605],[-1.74776,52.28546],[-1.74815,52.28495],[-1.74869,52.28382],[-1.74874,52.28356],[-1.74872,52.28302],[-1.74861,52.28212],[-1.74911,52.28055],[-1.74922,52.27999],[-1.74926,52.2788],[-1.74952,52.27818],[-1.75068,52.27692],[-1.75178,52.27592],[-1.75306,52.27522],[-1.75459,52.27479]],[[-1.72777,52.33629],[-1.72813,52.33529],[-1.72792,52.33434],[-1.7279,52.33381],[-1.72806,52.33325],[-1.72865,52.33176],[-1.72872,52.33122],[-1.72848,52.33062],[-1.72784,52.32962],[-1.72771,52.32925],[-1.72758,52.32829],[-1.72708,52.32687],[-1.72712,52.32581],[-1.72745,52.3246],[-1.72729,52.32406],[-1.72644,52.32302],[-1.72556,52.32131],[-1.72546,52.32082],[-1.72573,52.32037],[-1.72727,52.31915],[-1.72755,52.31837],[-1.72756,52.31791],[-1.72747,52.31729],[-1.72641,52.31595],[-1.72632,52.31551],[-1.72642,52.31375],[-1.72677,52.31254],[-1.72714,52.31168],[-1.72718,52.31144],[-1.72706,52.31092],[-1.72685,52.31042]]]}},{"type":"Feature","properties":{"NAME":"Stourbridge Canal"},"geometry":{"type":"MultiLineString","coordinates":[[[-2.20392,52.46381],[-2.20271,52.46377],[-2.19982,52.46426],[-2.19953,52.46441],[-2.19851,52.46522],[-2.198,52.46539],[-2.19692,52.46556],[-2.19609,52.46554],[-2.19508,52.46525],[-2.19415,52.46528],[-2.19278,52.46522],[-2.19125,52.46532],[-2.18921,52.46596],[-2.1886,52.46625],[-2.18788,52.46683],[-2.18761,52.46715],[-2.18677,52.46846],[-2.18609,52.46915],[-2.18578,52.46968],[-2.18588,52.47034],[-2.18577,52.4707],[-2.18567,52.47081],[-2.1852,52.47113],[-2.18464,52.47135],[-2.18416,52.47169],[-2.18375,52.47178],[-2.18334,52.47175]],[[-2.20532,52.46389],[-2.20498,52.46382],[-2.20392,52.46381]],[[-2.2042,52.46476],[-2.20433,52.46414],[-2.20392,52.46381]],[[-2.18334,52.47175],[-2.183,52.47168],[-2.18226,52.47124],[-2.18193,52.47116],[-2.18127,52.47113],[-2.18001,52.47119],[-2.17808,52.47093],[-2.17698,52.47085],[-2.17614,52.47068],[-2.17456,52.47058],[-2.17303,52.47082],[-2.17184,52.47083],[-2.17072,52.47114],[-2.16772,52.47117],[-2.16665,52.47138],[-2.16587,52.47135],[-2.16552,52.47155],[-2.16384,52.47282],[-2.16345,52.4732],[-2.16282,52.47408],[-2.16205,52.47462],[-2.16096,52.47482],[-2.1601,52.47489],[-2.15982,52.475],[-2.15826,52.47598],[-2.15742,52.47633],[-2.15384,52.47729],[-2.15209,52.4778],[-2.15156,52.47801],[-2.14997,52.47919],[-2.14827,52.48],[-2.14763,52.48046],[-2.14703,52.48079],[-2.14645,52.48126],[-2.14597,52.48145],[-2.14536,52.48154],[-2.1451,52.48164],[-2.14265,52.48317],[-2.14155,52.48354],[-2.14033,52.48312],[-2.13934,52.48312],[-2.13886,52.48324],[-2.13734,52.48381],[-2.13639,52.48398],[-2.13559,52.48391],[-2.13526,52.4838],[-2.13508,52.48364],[-2.13505,52.48333],[-2.1356,52.48274],[-2.13567,52.48238],[-2.1355,52.48193],[-2.13524,52.4816],[-2.13434,52.48082],[-2.13393,52.4799],[-2.13389,52.47957],[-2.13406,52.47939],[-2.13443,52.47921],[-2.13552,52.47898],[-2.13688,52.47847],[-2.13707,52.47817],[-2.13716,52.47746],[-2.13708,52.47701],[-2.13713,52.47684],[-2.13747,52.4766],[-2.13842,52.47614],[-2.13876,52.47579],[-2.13883,52.47564],[-2.13883,52.47515],[-2.13943,52.4746],[-2.1395,52.47429],[-2.13823,52.47297],[-2.13795,52.47287],[-2.13757,52.47285],[-2.13603,52.47309],[-2.13549,52.473],[-2.13499,52.47282],[-2.13437,52.4728],[-2.13276,52.4733],[-2.13175,52.47375],[-2.12854,52.47422],[-2.12759,52.47467],[-2.12659,52.47498],[-2.12593,52.47539],[-2.12521,52.47537],[-2.12476,52.47525],[-2.12352,52.47533]]]}},{"type":"Feature","properties":{"NAME":"Shropshire Union Canal"},"geometry":{"type":"MultiLineString","coordinates":[[[-2.19196,52.69782],[-2.18509,52.68729],[-2.1799,52.67899],[-2.17729,52.67452],[-2.17569,52.67276],[-2.17415,52.67143],[-2.1733,52.67092],[-2.17089,52.66973],[-2.16991,52.66901],[-2.16544,52.66474],[-2.16414,52.66339],[-2.16384,52.66298],[-2.163,52.66128],[-2.16212,52.65908],[-2.16164,52.65762],[-2.16153,52.65642],[-2.16152,52.65533],[-2.16161,52.65072],[-2.16189,52.64423],[-2.16198,52.64325],[-2.1621,52.64259],[-2.1628,52.64047],[-2.16314,52.63964],[-2.16352,52.63904],[-2.16421,52.63632],[-2.16438,52.63532],[-2.16432,52.63327],[-2.16447,52.63275],[-2.16471,52.63224],[-2.16644,52.62933],[-2.16675,52.62853],[-2.16674,52.62755],[-2.16649,52.62699],[-2.16531,52.62523],[-2.16493,52.62479],[-2.16399,52.62387],[-2.16272,52.62306],[-2.1621,52.62279],[-2.16079,52.62239],[-2.16004,52.62223],[-2.1563,52.62168],[-2.15571,52.62153],[-2.15483,52.6212],[-2.14601,52.61571]],[[-2.20061,52.70496],[-2.19469,52.7012],[-2.19381,52.70052],[-2.19344,52.70008],[-2.19197,52.69783]],[[-2.22086,52.71802],[-2.22032,52.71739],[-2.21938,52.71673],[-2.20934,52.71046],[-2.20419,52.70715],[-2.2006,52.70496]],[[-2.30762,52.80261],[-2.30948,52.802]],[[-2.30762,52.80261],[-2.30745,52.80209],[-2.30604,52.79919],[-2.30521,52.79797],[-2.30418,52.79669],[-2.30337,52.79581],[-2.30283,52.79537],[-2.30135,52.79438],[-2.30008,52.79361],[-2.29891,52.793],[-2.29648,52.7921],[-2.29493,52.79166],[-2.29149,52.79108],[-2.28963,52.79058],[-2.28864,52.79009],[-2.2844,52.78748],[-2.28083,52.78543],[-2.27883,52.78431],[-2.27733,52.78361],[-2.27608,52.78318],[-2.27411,52.78262],[-2.27209,52.78228],[-2.27106,52.78204],[-2.26993,52.78161],[-2.26939,52.78124],[-2.26866,52.7804],[-2.26829,52.78007],[-2.26571,52.77823],[-2.2541,52.76838],[-2.25315,52.76732],[-2.25278,52.76661],[-2.25244,52.76559],[-2.25136,52.75982],[-2.2512,52.75738],[-2.25111,52.75445],[-2.25102,52.75382],[-2.25079,52.75324],[-2.24982,52.75204],[-2.24914,52.75148],[-2.23198,52.74044],[-2.23114,52.73973],[-2.2309,52.73945],[-2.23056,52.73899],[-2.2301,52.73797],[-2.2279,52.73216],[-2.22705,52.73011],[-2.22146,52.71895],[-2.22086,52.71802]],[[-2.53906,53.07068],[-2.53905,53.07101],[-2.53925,53.07141],[-2.54019,53.07264]],[[-2.54019,53.07264],[-2.53888,53.07185],[-2.53603,53.0703],[-2.53558,53.07],[-2.53546,53.06984],[-2.53552,53.0695],[-2.53666,53.06779],[-2.53672,53.06728],[-2.53657,53.06694],[-2.53576,53.06593],[-2.53471,53.06501],[-2.53452,53.06467],[-2.53446,53.06415],[-2.53469,53.06365],[-2.53543,53.06262],[-2.53794,53.0595],[-2.53929,53.05734],[-2.53968,53.05667],[-2.53987,53.05619],[-2.54042,53.05441],[-2.54082,53.05277],[-2.54125,53.05012],[-2.54152,53.0445],[-2.54149,53.04325],[-2.54126,53.04215],[-2.54071,53.04016],[-2.53977,53.0376],[-2.53898,53.03592],[-2.53621,53.03103],[-2.53377,53.02696],[-2.52694,53.01655],[-2.5254,53.0141],[-2.52513,53.01382],[-2.52384,53.0117],[-2.52082,53.00758],[-2.52036,53.00682],[-2.51904,53.00364],[-2.51848,53.0021],[-2.51818,53.00107],[-2.51784,52.99959],[-2.51766,52.99844],[-2.51772,52.99685],[-2.51766,52.99612],[-2.5173,52.99485],[-2.5169,52.99404],[-2.51607,52.99281],[-2.51462,52.99109],[-2.51308,52.98978],[-2.51015,52.98793],[-2.50997,52.98769],[-2.5099,52.98743],[-2.50959,52.98686],[-2.50909,52.98498],[-2.50904,52.9841],[-2.5097,52.97461],[-2.50965,52.97375],[-2.50943,52.97282],[-2.50877,52.97104],[-2.50845,52.96883],[-2.50832,52.96836],[-2.508,52.96766],[-2.50758,52.96702],[-2.50723,52.96665],[-2.5065,52.96605],[-2.49926,52.96097],[-2.49606,52.95862],[-2.49535,52.95799],[-2.49482,52.95732],[-2.49465,52.95698],[-2.49392,52.95435],[-2.49143,52.94717],[-2.49108,52.94554],[-2.491,52.94478],[-2.49095,52.94309],[-2.49104,52.94159],[-2.49132,52.93951],[-2.49232,52.93365],[-2.49251,52.93052],[-2.49242,52.92889],[-2.49219,52.92699],[-2.49173,52.92536],[-2.4912,52.92401],[-2.49081,52.92327],[-2.4904,52.92269],[-2.48961,52.92183],[-2.48306,52.91687],[-2.47539,52.9112],[-2.47516,52.91095],[-2.47465,52.91065],[-2.47369,52.90982],[-2.47361,52.90966],[-2.47157,52.90774],[-2.47099,52.90707],[-2.47043,52.90626],[-2.46978,52.90508],[-2.46954,52.9046],[-2.46931,52.90392],[-2.46899,52.90247],[-2.46832,52.89836],[-2.46799,52.89717],[-2.46748,52.89618],[-2.46472,52.89185],[-2.46386,52.89069],[-2.46309,52.88995],[-2.46222,52.88934],[-2.45674,52.88612],[-2.45632,52.88568],[-2.45604,52.88523],[-2.45591,52.88477],[-2.45598,52.88386],[-2.45622,52.88276],[-2.4566,52.88159],[-2.45689,52.88032],[-2.45676,52.87961],[-2.4565,52.87906],[-2.45529,52.8775],[-2.45015,52.87162],[-2.44671,52.86757],[-2.44462,52.86535],[-2.4433,52.86416],[-2.44243,52.86347],[-2.44047,52.86215],[-2.43886,52.86132],[-2.43792,52.86094],[-2.43104,52.85855],[-2.43029,52.85821],[-2.42943,52.85771],[-2.42864,52.8571],[-2.42786,52.85636],[-2.42306,52.85144],[-2.42231,52.85074],[-2.41426,52.84547],[-2.41344,52.84498],[-2.41243,52.84451],[-2.41068,52.84398],[-2.40929,52.84379],[-2.40342,52.84433],[-2.39983,52.84452],[-2.39827,52.8444],[-2.39589,52.84397],[-2.37955,52.83942],[-2.36492,52.83351],[-2.36299,52.83275],[-2.36181,52.83236],[-2.35982,52.83204],[-2.3575,52.83188],[-2.34526,52.8315],[-2.34242,52.83123],[-2.34035,52.83086],[-2.33903,52.83043],[-2.33788,52.82989],[-2.33486,52.82787],[-2.33366,52.82733],[-2.33206,52.82681],[-2.32918,52.82615],[-2.32094,52.82383],[-2.31978,52.82344],[-2.31732,52.82224],[-2.31576,52.82131],[-2.31459,52.82029],[-2.313,52.81866],[-2.31254,52.81805],[-2.31229,52.81757],[-2.3122,52.81732],[-2.31221,52.81688],[-2.31228,52.81668],[-2.31322,52.81534],[-2.3134,52.81492],[-2.31351,52.81419],[-2.31336,52.81342],[-2.31296,52.81251],[-2.31201,52.8111],[-2.30801,52.80317],[-2.30762,52.80261]],[[-2.6325,53.12704],[-2.63183,53.12663],[-2.63097,53.12632],[-2.62608,53.12509],[-2.62513,53.12502],[-2.62459,53.12505],[-2.62229,53.12539],[-2.62037,53.12532],[-2.61375,53.12476],[-2.613,53.12459],[-2.61146,53.12402],[-2.60837,53.12242],[-2.60663,53.12142],[-2.60481,53.12061],[-2.6014,53.11871],[-2.59479,53.11555],[-2.59302,53.11479],[-2.58975,53.11353],[-2.5889,53.11308],[-2.5884,53.11302],[-2.58774,53.11313],[-2.58715,53.1131],[-2.58648,53.11294],[-2.5859,53.11272],[-2.58548,53.11247],[-2.58302,53.11058],[-2.58199,53.10988],[-2.58006,53.10885],[-2.57579,53.10706],[-2.5755,53.10684],[-2.57423,53.10492],[-2.57396,53.10469],[-2.57292,53.10432],[-2.57114,53.10398],[-2.57046,53.10379],[-2.56998,53.10357],[-2.5677,53.10206],[-2.56634,53.10155],[-2.56593,53.10134],[-2.56564,53.10109],[-2.56544,53.10064],[-2.56549,53.10042],[-2.56602,53.09975],[-2.56596,53.09908],[-2.56579,53.09878],[-2.56402,53.09698],[-2.56366,53.09612],[-2.56327,53.09558],[-2.56275,53.09522],[-2.56208,53.09488],[-2.56048,53.09438],[-2.56014,53.09421],[-2.55957,53.09372],[-2.5585,53.0922],[-2.55744,53.09113],[-2.55707,53.09085],[-2.55623,53.09039],[-2.55441,53.08984],[-2.55357,53.08928],[-2.55299,53.08864],[-2.55158,53.08607],[-2.55127,53.08483],[-2.55024,53.08353],[-2.54988,53.08286],[-2.54965,53.08257],[-2.54923,53.08221],[-2.5487,53.08159],[-2.54844,53.0811],[-2.54839,53.08066],[-2.54863,53.08016],[-2.54895,53.07975],[-2.54956,53.07931],[-2.5499,53.0789],[-2.54991,53.0786],[-2.54978,53.07832],[-2.54909,53.07781],[-2.54719,53.07701],[-2.54659,53.07665],[-2.54617,53.07623],[-2.54533,53.07492],[-2.54473,53.0743],[-2.54406,53.07399],[-2.54248,53.07369],[-2.54179,53.07349],[-2.54095,53.07313],[-2.54019,53.07264]],[[-2.88194,53.27595],[-2.88101,53.27483],[-2.87954,53.27334],[-2.8777,53.27195],[-2.87726,53.2715],[-2.87692,53.27097],[-2.87674,53.27048],[-2.87653,53.26927],[-2.87633,53.26855],[-2.8758,53.26761],[-2.87472,53.26616],[-2.87276,53.26467],[-2.8719,53.2638],[-2.87163,53.26328],[-2.87131,53.26221],[-2.87096,53.26166],[-2.87049,53.26122],[-2.87001,53.26089],[-2.8672,53.25962],[-2.86589,53.25874],[-2.86425,53.25718],[-2.86288,53.25602],[-2.86205,53.25514],[-2.86152,53.25426],[-2.86145,53.25383],[-2.86147,53.25353],[-2.86175,53.25295],[-2.86267,53.25229],[-2.86479,53.2513],[-2.86596,53.25067],[-2.86707,53.24961],[-2.86866,53.24824],[-2.87082,53.24602],[-2.8718,53.24483],[-2.87205,53.24441],[-2.87446,53.23911],[-2.87494,53.23827],[-2.87569,53.23733],[-2.87753,53.23524],[-2.87826,53.23457],[-2.87899,53.23409],[-2.88012,53.23365],[-2.8831,53.23278],[-2.88575,53.2323],[-2.88852,53.23199],[-2.88992,53.23191],[-2.89128,53.23193],[-2.89514,53.23223],[-2.89663,53.23229],[-2.89981,53.23231],[-2.9002,53.23226],[-2.90363,53.23236],[-2.90482,53.23225],[-2.90528,53.23207],[-2.90671,53.23123],[-2.90779,53.23029],[-2.90869,53.22928],[-2.90934,53.22795],[-2.90948,53.22719],[-2.90944,53.22637],[-2.90938,53.22607],[-2.9092,53.22567],[-2.90795,53.2231],[-2.90798,53.22197],[-2.90756,53.22084],[-2.9074,53.21986],[-2.90782,53.21791],[-2.90889,53.21521],[-2.90918,53.21397],[-2.90991,53.21205],[-2.90993,53.21172],[-2.90941,53.21045],[-2.90886,53.20976],[-2.90753,53.20855],[-2.90696,53.20791],[-2.90609,53.20611],[-2.90518,53.20487],[-2.905,53.20416],[-2.90499,53.20374],[-2.90482,53.20299],[-2.90462,53.20256],[-2.90406,53.2021],[-2.90169,53.20079],[-2.90137,53.20054],[-2.90119,53.2003],[-2.90119,53.19983],[-2.90167,53.19819],[-2.90172,53.1976],[-2.90155,53.19726],[-2.90082,53.19628],[-2.90009,53.19512],[-2.89967,53.19463],[-2.89945,53.19407],[-2.89876,53.19308],[-2.89852,53.19303],[-2.8982,53.19317],[-2.89609,53.19354],[-2.89337,53.19391],[-2.89088,53.19434],[-2.89044,53.19429],[-2.89013,53.19417],[-2.88929,53.19357],[-2.88868,53.19342],[-2.87347,53.19377],[-2.87213,53.19386],[-2.87059,53.19414],[-2.86925,53.19423],[-2.86632,53.19377],[-2.86575,53.1936],[-2.865,53.19322],[-2.86428,53.19298],[-2.86192,53.19271],[-2.85717,53.19165],[-2.85602,53.19134],[-2.85501,53.19098],[-2.84722,53.18721],[-2.84539,53.18623],[-2.84325,53.18444],[-2.84233,53.18354],[-2.84074,53.18262],[-2.83945,53.18199],[-2.83551,53.18039],[-2.83456,53.18011],[-2.8322,53.17981],[-2.82982,53.17909],[-2.82913,53.17903],[-2.82684,53.17905],[-2.82579,53.17886],[-2.82512,53.17866],[-2.82421,53.17825],[-2.82359,53.1778],[-2.82313,53.17729],[-2.82223,53.17577],[-2.82191,53.17538],[-2.82087,53.17465],[-2.81824,53.17361],[-2.81657,53.17265],[-2.81566,53.17223],[-2.81314,53.17152],[-2.80974,53.1704],[-2.8063,53.16943],[-2.80451,53.16874],[-2.80288,53.16796],[-2.80111,53.16685],[-2.80031,53.16608],[-2.80007,53.16563],[-2.79994,53.16515],[-2.79993,53.16441],[-2.80007,53.16299],[-2.79981,53.1621],[-2.79881,53.1609],[-2.79772,53.15981],[-2.79714,53.15938],[-2.79615,53.15884],[-2.79134,53.15661],[-2.78863,53.15574],[-2.78505,53.15364],[-2.78337,53.15274],[-2.77946,53.15122],[-2.7784,53.15071],[-2.77661,53.14954],[-2.76843,53.14392],[-2.76487,53.14167],[-2.76309,53.14081],[-2.76179,53.14036],[-2.75974,53.13992],[-2.75294,53.13873],[-2.74397,53.13797],[-2.74246,53.13779],[-2.74108,53.1375],[-2.73887,53.13673],[-2.73783,53.13657],[-2.73696,53.13661],[-2.73651,53.1367],[-2.73594,53.13691],[-2.73505,53.13742],[-2.73384,53.1384],[-2.7333,53.13865],[-2.73292,53.1387],[-2.73261,53.1387],[-2.73208,53.13859],[-2.73118,53.13826],[-2.72902,53.13731],[-2.72823,53.13709],[-2.72338,53.1366],[-2.72204,53.13665],[-2.72155,53.13673],[-2.71855,53.13753],[-2.71751,53.13761],[-2.71552,53.13761],[-2.71309,53.1378],[-2.71108,53.13767],[-2.70839,53.13735],[-2.70604,53.13691],[-2.70541,53.13694],[-2.70401,53.13726],[-2.70253,53.13741],[-2.69929,53.13745],[-2.69693,53.13721],[-2.69474,53.13736],[-2.68925,53.13751],[-2.6841,53.13708],[-2.68109,53.13759],[-2.68049,53.13761],[-2.67864,53.13718],[-2.6712,53.13506],[-2.66739,53.13412],[-2.66676,53.13384],[-2.6653,53.1327],[-2.66399,53.1319],[-2.66359,53.13175],[-2.66143,53.13133],[-2.65948,53.13118],[-2.65751,53.13073],[-2.6568,53.13044],[-2.65628,53.13035],[-2.65293,53.1305],[-2.6514,53.13033],[-2.64961,53.13003],[-2.64773,53.12984],[-2.64361,53.12901],[-2.64255,53.12902],[-2.64036,53.1293],[-2.63895,53.12909],[-2.63573,53.1288],[-2.6351,53.1286],[-2.63419,53.12797],[-2.6325,53.12704]],[[-2.89236,53.28789],[-2.8913,53.28647],[-2.89084,53.28574],[-2.88997,53.28404],[-2.88899,53.28183],[-2.88852,53.28134],[-2.8862,53.27971],[-2.88449,53.2788],[-2.8841,53.27847],[-2.88296,53.27726],[-2.88194,53.27595]],[[-2.89603,53.28902],[-2.89476,53.28835],[-2.89347,53.28923]],[[-2.89328,53.28908],[-2.89324,53.28894],[-2.89252,53.28798],[-2.89236,53.28789]],[[-2.89328,53.28908],[-2.8931,53.28899],[-2.89255,53.28831],[-2.89235,53.28804],[-2.89236,53.28789]],[[-2.89347,53.28923],[-2.89328,53.28908]],[[-2.894,53.28968],[-2.89347,53.28923]]]}},{"type":"Feature","properties":{"NAME":"Staffordshire & Worcestershire Cnl"},"geometry":{"type":"MultiLineString","coordinates":[[[-2.27962,52.33601],[-2.2798,52.33644],[-2.28015,52.3368],[-2.28019,52.33703],[-2.27987,52.33764],[-2.27876,52.33783],[-2.27822,52.33802],[-2.27814,52.33811],[-2.27779,52.33899],[-2.27757,52.34053],[-2.27722,52.34226],[-2.27703,52.3426],[-2.27669,52.3428],[-2.27628,52.34292],[-2.27558,52.34296],[-2.27525,52.3429],[-2.27369,52.34224],[-2.27327,52.3422],[-2.27287,52.34236],[-2.27226,52.34278],[-2.27112,52.34325],[-2.27058,52.34362],[-2.26963,52.34408],[-2.26926,52.34439],[-2.26904,52.3454],[-2.26861,52.34628],[-2.26859,52.34651],[-2.26901,52.34686],[-2.26961,52.34709],[-2.2699,52.34729],[-2.27007,52.3475],[-2.27038,52.34816],[-2.27035,52.34842],[-2.26979,52.34936],[-2.26977,52.35034],[-2.26967,52.35094],[-2.26944,52.35174],[-2.26926,52.3519],[-2.26831,52.35219],[-2.2681,52.35238],[-2.26783,52.35313],[-2.26734,52.35399],[-2.26664,52.35544],[-2.26611,52.35607],[-2.26497,52.35709],[-2.26422,52.35817],[-2.2639,52.35853],[-2.26314,52.35916],[-2.26153,52.35961],[-2.26052,52.36025],[-2.25951,52.36122],[-2.25841,52.3617],[-2.25777,52.36207],[-2.25745,52.36251],[-2.25707,52.36321],[-2.25702,52.36413],[-2.25691,52.36439],[-2.25626,52.36542],[-2.25554,52.36641],[-2.25507,52.36699],[-2.25447,52.36757],[-2.25428,52.36853],[-2.25338,52.36877],[-2.25293,52.36907],[-2.25275,52.36932],[-2.25231,52.37047],[-2.25207,52.37093],[-2.25203,52.37194],[-2.25213,52.3726],[-2.25218,52.37277],[-2.25238,52.37304],[-2.25323,52.37374],[-2.25363,52.37416],[-2.25412,52.37452],[-2.2544,52.37511],[-2.25478,52.37559],[-2.25483,52.37587],[-2.25471,52.37695],[-2.25478,52.37801],[-2.25461,52.37877],[-2.2539,52.37974],[-2.25373,52.38017],[-2.25298,52.38084],[-2.25243,52.38198],[-2.25166,52.38258],[-2.25141,52.38287],[-2.25126,52.38327],[-2.25101,52.38454],[-2.25116,52.38491],[-2.25191,52.38581],[-2.25193,52.38611],[-2.25245,52.38697],[-2.25267,52.38763],[-2.25264,52.388],[-2.25227,52.38846],[-2.25203,52.38893],[-2.25174,52.38967],[-2.25171,52.38995],[-2.25251,52.39098],[-2.25352,52.39196],[-2.25353,52.3922],[-2.25316,52.39271],[-2.25311,52.39292],[-2.25316,52.39327],[-2.25346,52.39404],[-2.25347,52.39427],[-2.25336,52.39455],[-2.25296,52.39493],[-2.25263,52.3955],[-2.25143,52.39615],[-2.2502,52.39649],[-2.24846,52.39721],[-2.24722,52.39747],[-2.24673,52.39773],[-2.24643,52.39804],[-2.24626,52.39851],[-2.24637,52.39892],[-2.24656,52.39927],[-2.24707,52.39976]],[[-2.24707,52.39976],[-2.24746,52.40018],[-2.24766,52.40106],[-2.24786,52.40147],[-2.24802,52.4016],[-2.24961,52.40233],[-2.25115,52.4027],[-2.25154,52.40294],[-2.25182,52.40324],[-2.25202,52.40373],[-2.25192,52.40489],[-2.25192,52.40573],[-2.25208,52.40663],[-2.25209,52.40719],[-2.25203,52.40736],[-2.25168,52.40779],[-2.25055,52.40873],[-2.24981,52.41032],[-2.24946,52.41069],[-2.24725,52.4124],[-2.24664,52.41266],[-2.24507,52.41288],[-2.24327,52.41369],[-2.24196,52.41399],[-2.24072,52.41411],[-2.24016,52.41426],[-2.23998,52.41448],[-2.24005,52.41475],[-2.24002,52.41499],[-2.23977,52.41532],[-2.23922,52.41577],[-2.23908,52.41601]],[[-2.23908,52.41601],[-2.23909,52.41637],[-2.23987,52.41745],[-2.24006,52.41766],[-2.2407,52.41814],[-2.24104,52.41852],[-2.24111,52.41875],[-2.24118,52.41971],[-2.24108,52.41999],[-2.2409,52.42016],[-2.24058,52.42022],[-2.24022,52.42013],[-2.23989,52.41992],[-2.2393,52.41939],[-2.23883,52.41925],[-2.23832,52.41925],[-2.23691,52.41946],[-2.23597,52.41953],[-2.2356,52.41973],[-2.23549,52.41992],[-2.23525,52.42049],[-2.23519,52.42082],[-2.23522,52.42107],[-2.23505,52.42133],[-2.23487,52.42147],[-2.23427,52.42161],[-2.23374,52.42161],[-2.23189,52.42142],[-2.23127,52.42146],[-2.2309,52.42162],[-2.22985,52.42227],[-2.22735,52.4233],[-2.22627,52.42398],[-2.22527,52.42447],[-2.22469,52.42466],[-2.22388,52.42467],[-2.22341,52.42451],[-2.22315,52.42436],[-2.22261,52.42379],[-2.2211,52.42307],[-2.22054,52.42298],[-2.22018,52.42299],[-2.21863,52.42323],[-2.21799,52.42347],[-2.21765,52.42368],[-2.21753,52.42392],[-2.21732,52.42473],[-2.21711,52.42498],[-2.21646,52.42533],[-2.21489,52.42587],[-2.21441,52.42621],[-2.21414,52.42654],[-2.2139,52.42697]],[[-2.2139,52.42697],[-2.21362,52.42756],[-2.21303,52.42841],[-2.21307,52.42897],[-2.21388,52.43037],[-2.21424,52.43086],[-2.21478,52.43191],[-2.21533,52.4326],[-2.21584,52.43393],[-2.21633,52.43444],[-2.21642,52.43476],[-2.21646,52.43523],[-2.21642,52.43547]],[[-2.21642,52.43547],[-2.2161,52.43623],[-2.21628,52.43721],[-2.21652,52.43779],[-2.21735,52.43886],[-2.21752,52.43936],[-2.21754,52.43973],[-2.21724,52.44126],[-2.21684,52.44198],[-2.21687,52.44268],[-2.21616,52.44352],[-2.21606,52.44385],[-2.21611,52.44413]],[[-2.21611,52.44413],[-2.21622,52.44457],[-2.21619,52.44514],[-2.21625,52.4457],[-2.21644,52.44634],[-2.2168,52.44706],[-2.21686,52.44747],[-2.21701,52.44787],[-2.21742,52.44849],[-2.21811,52.44925],[-2.21893,52.44959],[-2.22017,52.4498],[-2.22097,52.44983],[-2.22178,52.44966],[-2.22313,52.4491],[-2.22433,52.44886],[-2.22496,52.44893],[-2.22535,52.44908],[-2.22573,52.44935],[-2.22592,52.44959],[-2.22592,52.44999],[-2.22548,52.45052],[-2.22524,52.45146],[-2.22442,52.45276],[-2.22278,52.45459],[-2.22146,52.45544],[-2.22075,52.45579]],[[-2.22075,52.45579],[-2.21886,52.45672],[-2.21831,52.45723],[-2.21794,52.45772],[-2.21759,52.45804],[-2.21723,52.45818],[-2.21683,52.45823],[-2.21522,52.458],[-2.21375,52.45751],[-2.21098,52.45681],[-2.20958,52.45681],[-2.20844,52.45661]],[[-2.20844,52.45661],[-2.20802,52.45657],[-2.20747,52.4567],[-2.2069,52.45708],[-2.20566,52.45943],[-2.2056,52.4601],[-2.20564,52.46047],[-2.20546,52.46132],[-2.2054,52.46222],[-2.20549,52.46269],[-2.20571,52.46319],[-2.20558,52.46363],[-2.20537,52.46381],[-2.20512,52.46421],[-2.20377,52.46549],[-2.20324,52.46638],[-2.20211,52.46729],[-2.202,52.46744],[-2.20201,52.46756],[-2.20217,52.4677],[-2.20348,52.46819],[-2.20444,52.46844],[-2.20759,52.46808],[-2.20811,52.46819],[-2.20831,52.46833],[-2.20837,52.46847],[-2.20833,52.46872],[-2.20798,52.46908],[-2.20739,52.46945],[-2.20624,52.46999],[-2.20592,52.4702],[-2.20561,52.47051],[-2.20529,52.47109],[-2.20514,52.47154],[-2.20513,52.47177],[-2.20546,52.47316],[-2.20637,52.475],[-2.20641,52.47537],[-2.20585,52.47618],[-2.20557,52.47674],[-2.20447,52.47749]],[[-2.20447,52.47749],[-2.20328,52.47831],[-2.20219,52.47892],[-2.20165,52.47918],[-2.19988,52.47981],[-2.19965,52.47993],[-2.19952,52.48015],[-2.19963,52.48112],[-2.19978,52.48143],[-2.2,52.4816],[-2.2016,52.48202],[-2.20372,52.48246],[-2.20409,52.48264],[-2.20435,52.48301],[-2.20445,52.48334],[-2.20434,52.48365],[-2.20239,52.48483],[-2.2013,52.48538],[-2.20085,52.48586],[-2.20055,52.4863],[-2.20039,52.48667],[-2.20042,52.48701],[-2.20052,52.4872],[-2.20079,52.48761],[-2.20108,52.48787],[-2.20167,52.48809],[-2.20304,52.48829],[-2.20341,52.48844],[-2.20361,52.4886],[-2.20379,52.48887],[-2.2038,52.48905],[-2.20375,52.48933],[-2.20355,52.48975],[-2.20353,52.49007]],[[-2.20352,52.49007],[-2.20353,52.49021],[-2.20397,52.49115],[-2.20423,52.49203],[-2.20496,52.49321],[-2.20506,52.49393],[-2.20532,52.49492],[-2.20525,52.49515],[-2.20479,52.49563],[-2.20381,52.49691],[-2.20366,52.4987]],[[-2.20366,52.4987],[-2.20368,52.49975],[-2.20345,52.50096],[-2.2036,52.50222],[-2.20345,52.50263],[-2.20291,52.50327],[-2.2024,52.50362],[-2.20179,52.50397],[-2.20006,52.50476],[-2.19863,52.50563],[-2.19801,52.5063],[-2.19718,52.5074],[-2.19711,52.50763],[-2.19712,52.5079],[-2.19723,52.50822],[-2.19753,52.50866],[-2.19802,52.50901],[-2.19873,52.50915],[-2.20085,52.50899],[-2.20108,52.50902],[-2.20288,52.50946],[-2.20344,52.50995],[-2.20381,52.51054],[-2.20464,52.51244],[-2.20465,52.5127],[-2.20452,52.5134],[-2.20513,52.51505],[-2.20513,52.51529],[-2.20478,52.51647],[-2.20482,52.51685],[-2.2057,52.5179],[-2.20674,52.51876],[-2.20716,52.51934],[-2.20786,52.52051],[-2.20804,52.52126],[-2.20805,52.52162],[-2.20784,52.52215],[-2.20768,52.52232],[-2.20685,52.52279],[-2.20588,52.52348],[-2.2057,52.52365],[-2.20553,52.52396],[-2.2055,52.52436],[-2.20592,52.52634],[-2.20599,52.52719],[-2.2059,52.52773],[-2.20578,52.52802],[-2.20551,52.52849],[-2.20513,52.52895]],[[-2.20513,52.52895],[-2.2047,52.52932],[-2.20402,52.52975],[-2.20281,52.53033],[-2.20202,52.53083],[-2.20097,52.53134],[-2.20052,52.53182],[-2.20038,52.53241],[-2.20036,52.53356],[-2.20043,52.53387],[-2.20072,52.53453],[-2.20076,52.53586],[-2.20099,52.53652],[-2.20106,52.53692],[-2.20098,52.53716],[-2.2007,52.5375],[-2.20006,52.53789],[-2.19925,52.53828],[-2.19846,52.53899],[-2.19789,52.53958],[-2.1973,52.5404],[-2.19679,52.54087],[-2.19671,52.54098],[-2.19669,52.54117],[-2.19696,52.54234],[-2.19706,52.54254],[-2.19731,52.54277],[-2.19796,52.54307],[-2.19967,52.54347],[-2.20044,52.54375],[-2.20096,52.54416],[-2.20211,52.54533],[-2.20413,52.54667],[-2.20434,52.54689],[-2.20466,52.54766],[-2.20495,52.54803],[-2.20532,52.54837],[-2.2066,52.54922],[-2.20705,52.54986],[-2.20757,52.55082],[-2.20787,52.55114]],[[-2.20787,52.55114],[-2.20834,52.55155],[-2.20942,52.55229],[-2.21024,52.5526],[-2.21093,52.55303],[-2.21134,52.55343],[-2.21149,52.55385],[-2.21145,52.55414],[-2.21088,52.55538],[-2.21106,52.55662],[-2.21094,52.55707],[-2.21019,52.55798],[-2.2099,52.5586],[-2.20992,52.55895],[-2.21026,52.55946],[-2.21033,52.55969],[-2.2103,52.56014],[-2.21016,52.56068],[-2.20972,52.56187],[-2.20901,52.56289],[-2.20868,52.56348],[-2.20817,52.56535],[-2.20821,52.5655],[-2.20866,52.56619],[-2.2093,52.56673],[-2.20925,52.56735],[-2.20876,52.56891],[-2.20881,52.56936],[-2.209,52.56983],[-2.2091,52.5709],[-2.2088,52.57155],[-2.20822,52.57229],[-2.20786,52.57321],[-2.20737,52.57399],[-2.20686,52.57442],[-2.20602,52.57496],[-2.2052,52.57528],[-2.20456,52.57542],[-2.20415,52.57562],[-2.20378,52.57594],[-2.20343,52.57642],[-2.20297,52.57682],[-2.20222,52.57724],[-2.20055,52.57776],[-2.19771,52.57819],[-2.19664,52.57854],[-2.1963,52.57879],[-2.1962,52.57895],[-2.19568,52.58054],[-2.19549,52.58072],[-2.19205,52.58207],[-2.1887,52.58328],[-2.18765,52.58354],[-2.18526,52.58376],[-2.18302,52.58385],[-2.18148,52.5837],[-2.18078,52.5837],[-2.18022,52.58378],[-2.17969,52.58393],[-2.1761,52.58557],[-2.1748,52.58607],[-2.17373,52.58679],[-2.17153,52.58935],[-2.17114,52.5897],[-2.16888,52.59133],[-2.16774,52.59199],[-2.16584,52.5927],[-2.16501,52.59318],[-2.16336,52.59439],[-2.16015,52.59711],[-2.15287,52.60218],[-2.15137,52.60329],[-2.15045,52.60379],[-2.14811,52.60476],[-2.14743,52.60515],[-2.14684,52.60558],[-2.14622,52.60615],[-2.14579,52.60669],[-2.1455,52.60719],[-2.14522,52.60786],[-2.14513,52.60873],[-2.14513,52.60953],[-2.14545,52.61085],[-2.14582,52.61299],[-2.14608,52.61402],[-2.14617,52.61493],[-2.14613,52.61536],[-2.14574,52.6167],[-2.14512,52.61844],[-2.1447,52.61897],[-2.1434,52.61991],[-2.14164,52.62326],[-2.1406,52.62498],[-2.13956,52.62641],[-2.13828,52.62791],[-2.13699,52.62986],[-2.13486,52.63268],[-2.13429,52.63319],[-2.13328,52.63377],[-2.13256,52.63427],[-2.13211,52.63463],[-2.13151,52.63524],[-2.1314,52.6354],[-2.13126,52.6359],[-2.13162,52.63717],[-2.1316,52.63743],[-2.13136,52.63817]],[[-2.13136,52.63817],[-2.13139,52.63863],[-2.13192,52.63967],[-2.13198,52.63991],[-2.13209,52.64066],[-2.13208,52.64123],[-2.13193,52.64152],[-2.13164,52.64182],[-2.12943,52.64386]],[[-2.12942,52.64386],[-2.12898,52.64503],[-2.12859,52.64584],[-2.12832,52.64601],[-2.1269,52.64631],[-2.12642,52.64652],[-2.12604,52.64683],[-2.12557,52.64741],[-2.12542,52.64786],[-2.12541,52.64807],[-2.12572,52.64975],[-2.12617,52.65062],[-2.1265,52.65151],[-2.1269,52.6519],[-2.12769,52.65236],[-2.12792,52.65265],[-2.12791,52.65295],[-2.12759,52.6533],[-2.12456,52.65529],[-2.12435,52.6555],[-2.12284,52.65764],[-2.12262,52.65785],[-2.12229,52.65798],[-2.12185,52.65802],[-2.12028,52.65774],[-2.11944,52.65778],[-2.11882,52.65802],[-2.11817,52.65858],[-2.11809,52.65896],[-2.11822,52.65924],[-2.11951,52.66046],[-2.12068,52.66124],[-2.12075,52.66156],[-2.1206,52.66181],[-2.12013,52.66207],[-2.11888,52.66218],[-2.11768,52.66256],[-2.11615,52.66289],[-2.1153,52.66317]],[[-2.1153,52.66317],[-2.11409,52.66351],[-2.11247,52.66364],[-2.11167,52.66362],[-2.11078,52.6635],[-2.11008,52.66327],[-2.10929,52.66291],[-2.10883,52.66287],[-2.10853,52.66303],[-2.10796,52.66369],[-2.10767,52.66384],[-2.10741,52.66389],[-2.10651,52.66382],[-2.10466,52.66347],[-2.10426,52.66345],[-2.10275,52.66351],[-2.10191,52.66367]],[[-2.10191,52.66368],[-2.10162,52.66386],[-2.10138,52.6642],[-2.10057,52.66492],[-2.1004,52.6652],[-2.10037,52.66555],[-2.10067,52.66617],[-2.10095,52.66652],[-2.10152,52.66704],[-2.10174,52.66746],[-2.10277,52.66843],[-2.10325,52.6691],[-2.10373,52.66949],[-2.1039,52.66975],[-2.10396,52.67004],[-2.10375,52.67036],[-2.10254,52.67108],[-2.09991,52.67164],[-2.09926,52.67168],[-2.09841,52.67161],[-2.09791,52.67178],[-2.09779,52.67209],[-2.09787,52.67392],[-2.09814,52.67434],[-2.09912,52.6744],[-2.09963,52.67451],[-2.10058,52.67496],[-2.10094,52.67534],[-2.10098,52.67604],[-2.10105,52.67616],[-2.10126,52.6763],[-2.10154,52.67637],[-2.10208,52.67625],[-2.10287,52.67564],[-2.1034,52.67543],[-2.10389,52.67535],[-2.10547,52.67543],[-2.10683,52.67577],[-2.10759,52.67588],[-2.10895,52.6757],[-2.11085,52.67566],[-2.11203,52.67548],[-2.11279,52.67546],[-2.11371,52.67524],[-2.11628,52.67489]],[[-2.11628,52.67489],[-2.11734,52.67473],[-2.11768,52.67475],[-2.11801,52.67488],[-2.11936,52.67596],[-2.12027,52.6765],[-2.12401,52.6793],[-2.12584,52.68069],[-2.12614,52.681]],[[-2.12615,52.68101],[-2.12647,52.68164],[-2.1267,52.68256],[-2.12669,52.68276],[-2.12655,52.683],[-2.12544,52.68367],[-2.1251,52.68434],[-2.12495,52.68447],[-2.12315,52.68485],[-2.12256,52.68513],[-2.12161,52.68546],[-2.1213,52.68568],[-2.12114,52.68606],[-2.11996,52.69031],[-2.11946,52.69171],[-2.11869,52.69278],[-2.11835,52.69364],[-2.11818,52.69387],[-2.11784,52.69415],[-2.11717,52.69446],[-2.11553,52.69496],[-2.11473,52.69509],[-2.10985,52.69557],[-2.10893,52.69582],[-2.10837,52.69611],[-2.10818,52.6963],[-2.10791,52.69679],[-2.10753,52.69717],[-2.10623,52.69776],[-2.10571,52.69824],[-2.10446,52.70044],[-2.10334,52.703],[-2.10244,52.70544],[-2.102,52.70611],[-2.10195,52.70647],[-2.10213,52.70798],[-2.10206,52.70877],[-2.10213,52.70905],[-2.10254,52.70989],[-2.10301,52.71031],[-2.10457,52.71109],[-2.10718,52.71282],[-2.10738,52.71307],[-2.10747,52.71349],[-2.10769,52.71378],[-2.10807,52.71405],[-2.10951,52.71481],[-2.11042,52.71559],[-2.11101,52.71688],[-2.11125,52.71784],[-2.11109,52.71814],[-2.10972,52.71929],[-2.10939,52.71993],[-2.10896,52.7211],[-2.10856,52.72163],[-2.10801,52.72217],[-2.10782,52.72247],[-2.1077,52.72274],[-2.10775,52.72305],[-2.10746,52.7244],[-2.10705,52.72498],[-2.10667,52.72529],[-2.10527,52.7261],[-2.10315,52.72693],[-2.1027,52.72728],[-2.10242,52.72773],[-2.10211,52.72879],[-2.10106,52.73102],[-2.10036,52.73267],[-2.09936,52.73347],[-2.09783,52.7351],[-2.09737,52.73529],[-2.09625,52.73546],[-2.09588,52.7357],[-2.09557,52.736],[-2.09523,52.73652],[-2.09401,52.73799],[-2.09386,52.73835],[-2.09387,52.73883],[-2.09446,52.73986],[-2.09448,52.7401],[-2.09441,52.74044],[-2.09414,52.74111],[-2.09308,52.7432],[-2.09194,52.74506],[-2.09181,52.74564],[-2.09186,52.74609],[-2.09214,52.74679],[-2.09234,52.74711],[-2.0933,52.7482],[-2.09384,52.74893],[-2.09398,52.74924],[-2.09395,52.74977],[-2.09421,52.75048],[-2.09458,52.75094],[-2.09496,52.75192],[-2.09573,52.75267],[-2.0962,52.7533],[-2.09635,52.75365],[-2.09645,52.75426],[-2.09734,52.75616],[-2.09737,52.75696],[-2.09781,52.75788],[-2.09798,52.75848],[-2.09785,52.75937],[-2.09799,52.75965],[-2.09837,52.75998],[-2.09853,52.76031],[-2.09862,52.76074],[-2.09853,52.76131],[-2.09819,52.76233],[-2.09778,52.76296],[-2.09727,52.76351],[-2.0971,52.76399],[-2.09725,52.76443],[-2.09749,52.76479],[-2.09819,52.76617],[-2.09854,52.76773],[-2.09899,52.76929],[-2.09901,52.76957],[-2.09893,52.76986],[-2.09842,52.77086],[-2.09777,52.77255],[-2.09745,52.77363],[-2.09637,52.77514],[-2.09576,52.77576],[-2.09511,52.7762],[-2.0948,52.77632],[-2.09273,52.7769],[-2.08963,52.77804],[-2.08911,52.7783],[-2.08888,52.7786],[-2.08891,52.77896],[-2.08944,52.78078],[-2.09048,52.78313],[-2.09158,52.78506],[-2.09211,52.78617],[-2.09223,52.78653],[-2.09215,52.78712],[-2.09217,52.788],[-2.09229,52.7883],[-2.09261,52.78869],[-2.09271,52.78894],[-2.09272,52.78927],[-2.09243,52.78976],[-2.09215,52.79056],[-2.0919,52.79099],[-2.09087,52.79181],[-2.09056,52.79222],[-2.09045,52.79255],[-2.0906,52.7933],[-2.09058,52.79369],[-2.09036,52.79404],[-2.08977,52.79444],[-2.08952,52.79475],[-2.08929,52.79556],[-2.08868,52.79721],[-2.08849,52.79747],[-2.08768,52.79825],[-2.08637,52.79998],[-2.08561,52.80076],[-2.0849,52.80166],[-2.08467,52.8018],[-2.08421,52.80194],[-2.0813,52.80234],[-2.07939,52.80212],[-2.07809,52.80186],[-2.0777,52.80166],[-2.07706,52.80103],[-2.0761,52.80058],[-2.07488,52.79922],[-2.07425,52.79871],[-2.07275,52.79771],[-2.07176,52.79724],[-2.07114,52.79665],[-2.06947,52.7962],[-2.06823,52.79567],[-2.06618,52.79555],[-2.06295,52.79432],[-2.06105,52.794],[-2.06073,52.79389],[-2.05983,52.79354],[-2.05764,52.79237],[-2.05549,52.79198],[-2.05337,52.79121],[-2.05294,52.79088],[-2.05267,52.79037],[-2.05255,52.79026],[-2.05203,52.79],[-2.05155,52.78991],[-2.05039,52.78983],[-2.04896,52.78951],[-2.04716,52.7895],[-2.04664,52.7896],[-2.04566,52.78999],[-2.04534,52.79006],[-2.04449,52.7902],[-2.04298,52.79032],[-2.04272,52.79049],[-2.04268,52.79059],[-2.04262,52.79178],[-2.04256,52.79195],[-2.04232,52.79215],[-2.04205,52.79227],[-2.03953,52.7925],[-2.03817,52.79282],[-2.03667,52.79285],[-2.03584,52.79313],[-2.0353,52.79363],[-2.03379,52.79566],[-2.03343,52.79587],[-2.03256,52.79617],[-2.03196,52.79651],[-2.03179,52.79671],[-2.0315,52.79738],[-2.03075,52.79806],[-2.03053,52.79836],[-2.03018,52.7986],[-2.02972,52.79878],[-2.0274,52.79932],[-2.0273,52.79954],[-2.02737,52.80032],[-2.02729,52.80047],[-2.02622,52.80171],[-2.02591,52.80198],[-2.0249,52.80249],[-2.02291,52.80309],[-2.02252,52.80334],[-2.02196,52.80394],[-2.02112,52.80442],[-2.02006,52.80465],[-2.01751,52.80463],[-2.01469,52.80453],[-2.01039,52.80414],[-2.00881,52.80413]]]}},{"type":"Feature","properties":{"NAME":"Salthouse Dock"},"geometry":{"type":"MultiLineString","coordinates":[[[-2.98864,53.39961],[-2.98864,53.3996]],[[-2.98864,53.39961],[-2.98876,53.39958],[-2.98893,53.39981],[-2.99016,53.39968],[-2.99081,53.40057],[-2.99112,53.40049],[-2.99121,53.40055],[-2.99121,53.40062],[-2.99091,53.40071],[-2.99143,53.40142],[-2.9913,53.40147],[-2.99107,53.40141],[-2.99099,53.40143],[-2.99099,53.40154],[-2.98982,53.4018],[-2.98848,53.39991],[-2.98867,53.39985],[-2.98851,53.39963],[-2.98864,53.39961]],[[-2.9912,53.40055],[-2.99046,53.40074],[-2.989,53.40003],[-2.98864,53.39961]]]}},{"type":"Feature","properties":{"NAME":"Titford Canal"},"geometry":{"type":"LineString","coordinates":[[-2.00979,52.50117],[-2.00962,52.50041],[-2.00958,52.5],[-2.00965,52.49986],[-2.00921,52.49584],[-2.00904,52.49563],[-2.00906,52.49546],[-2.00897,52.49522],[-2.00801,52.49382],[-2.00788,52.49348],[-2.00772,52.49327],[-2.00775,52.49304],[-2.00798,52.49265],[-2.00873,52.49175],[-2.00889,52.49164],[-2.00897,52.49145],[-2.00964,52.49062],[-2.00993,52.49039],[-2.01023,52.49026],[-2.01336,52.48946],[-2.01657,52.48882],[-2.01829,52.48841],[-2.01942,52.48827],[-2.01997,52.48843]]}},{"type":"Feature","properties":{"NAME":"Tat Bank Branch (Titford Canal)"},"geometry":{"type":"LineString","coordinates":[[-2.00904,52.49563],[-2.00876,52.4963],[-2.00823,52.49662],[-2.00413,52.49777],[-2.00091,52.4997],[-1.99949,52.50036]]}},{"type":"Feature","properties":{"NAME":"Nottingham & Beeston Canal"},"geometry":{"type":"LineString","coordinates":[[-1.20521,52.91283],[-1.20375,52.9133],[-1.20045,52.91397],[-1.19942,52.91433],[-1.19645,52.916],[-1.19218,52.91828],[-1.19141,52.91878],[-1.19073,52.91912],[-1.18864,52.92055],[-1.18765,52.92139],[-1.18678,52.9223],[-1.18636,52.92263],[-1.18559,52.92302],[-1.18357,52.92374],[-1.18277,52.92423],[-1.18212,52.92475],[-1.18078,52.92612],[-1.17879,52.92776],[-1.17851,52.92818],[-1.17828,52.92877],[-1.17826,52.92934],[-1.17952,52.93202],[-1.17968,52.93225],[-1.18008,52.93258],[-1.18061,52.93344],[-1.18071,52.93379],[-1.1807,52.93409],[-1.18008,52.93511],[-1.1787,52.93631],[-1.17846,52.93663],[-1.17832,52.93695],[-1.17821,52.93742],[-1.17821,52.93785],[-1.17865,52.939],[-1.17865,52.93966],[-1.17851,52.94093],[-1.17835,52.94145],[-1.17786,52.9419],[-1.1771,52.94218],[-1.17653,52.94255],[-1.17489,52.9442],[-1.17409,52.94469],[-1.17226,52.94534],[-1.17143,52.94548],[-1.17055,52.94551],[-1.16979,52.94563],[-1.16425,52.947],[-1.16272,52.94702],[-1.16161,52.94717],[-1.15898,52.94721],[-1.15694,52.94708],[-1.15636,52.9471],[-1.15557,52.94726],[-1.15407,52.9478],[-1.15334,52.94793],[-1.14931,52.94778],[-1.14742,52.94806],[-1.1452,52.94851],[-1.14254,52.94894],[-1.14116,52.94883],[-1.14016,52.94886],[-1.13988,52.94878],[-1.13981,52.94868],[-1.13993,52.9484],[-1.13994,52.94808],[-1.13981,52.94723],[-1.13984,52.94603],[-1.13978,52.94488],[-1.13955,52.94407],[-1.13958,52.94311],[-1.13949,52.94166],[-1.13936,52.94122],[-1.1392,52.94095],[-1.13879,52.94059],[-1.13785,52.94025],[-1.13727,52.94015],[-1.13633,52.94025],[-1.13458,52.94074]]}},{"type":"Feature","properties":{"NAME":"Causeway Green Branch (Titford Cl)"},"geometry":{"type":"LineString","coordinates":[[-2.01997,52.48843],[-2.02116,52.48793],[-2.0231,52.48724]]}},{"type":"Feature","properties":{"NAME":"Three Mills River"},"geometry":{"type":"LineString","coordinates":[[-0.0086,51.53362],[-0.00856,51.53339],[-0.00734,51.53058],[-0.00718,51.53038],[-0.0071,51.5292],[-0.00733,51.52834],[-0.00754,51.52799],[-0.00779,51.52781],[-0.00879,51.5282],[-0.00948,51.528]]}},{"type":"Feature","properties":{"NAME":"St Thomas Creek"},"geometry":{"type":"LineString","coordinates":[[-0.0086,51.53362],[-0.00894,51.53346],[-0.00944,51.53297],[-0.00959,51.53293],[-0.00996,51.53265],[-0.01224,51.53184],[-0.01253,51.5316],[-0.01318,51.53085],[-0.01415,51.53012]]}},{"type":"Feature","properties":{"NAME":"Jim Crow Arm (Titford Canal)"},"geometry":{"type":"LineString","coordinates":[[-2.01006,52.4976],[-2.0094,52.49763]]}},{"type":"Feature","properties":{"NAME":"Trent & Mersey Canal"},"geometry":{"type":"MultiLineString","coordinates":[[[-1.67729,52.79189],[-1.67696,52.79228],[-1.67601,52.79312],[-1.67404,52.79524],[-1.67355,52.79567],[-1.67034,52.79813],[-1.66857,52.7991]],[[-1.66858,52.7991],[-1.66481,52.80104],[-1.65929,52.80437],[-1.65778,52.80507],[-1.65672,52.8057],[-1.65412,52.80794],[-1.65127,52.81149],[-1.64991,52.81272],[-1.64866,52.81355],[-1.64513,52.81501],[-1.64466,52.81529],[-1.64061,52.81862],[-1.63837,52.82006],[-1.63527,52.82302],[-1.634,52.82413],[-1.63355,52.82446],[-1.63246,52.82504],[-1.63141,52.82579],[-1.63079,52.8261],[-1.62855,52.82664],[-1.62805,52.82691],[-1.62705,52.82765],[-1.62667,52.82782],[-1.62307,52.82865],[-1.61957,52.82967],[-1.61631,52.83121],[-1.61527,52.83182],[-1.61414,52.8327],[-1.61383,52.83318],[-1.61324,52.83462],[-1.61317,52.83517],[-1.61321,52.83574],[-1.61312,52.83588],[-1.61298,52.83604],[-1.61219,52.8365],[-1.61112,52.83725],[-1.61024,52.83768],[-1.60749,52.8386],[-1.60628,52.83882],[-1.60486,52.83893],[-1.60193,52.83931],[-1.60134,52.83943],[-1.60072,52.83969],[-1.59969,52.84018],[-1.59941,52.8404],[-1.59886,52.84155],[-1.59674,52.84352],[-1.59269,52.84617],[-1.59192,52.84649],[-1.58754,52.84778]],[[-1.40778,52.84231],[-1.40473,52.84326],[-1.40255,52.84406],[-1.40094,52.84447],[-1.3999,52.84488],[-1.39808,52.84522],[-1.39461,52.84638]],[[-1.42107,52.84451],[-1.41916,52.84346],[-1.41817,52.84307],[-1.41706,52.84273],[-1.41643,52.8424],[-1.41578,52.84216],[-1.41472,52.84184],[-1.41347,52.84171],[-1.40983,52.84194],[-1.40885,52.84206],[-1.40778,52.84231]],[[-1.39461,52.84638],[-1.39317,52.84689],[-1.39104,52.84794],[-1.38976,52.84844],[-1.38909,52.84885],[-1.38702,52.85045],[-1.3829,52.85161]],[[-1.58753,52.84778],[-1.58363,52.84885],[-1.58241,52.84913],[-1.5816,52.84923],[-1.57978,52.8493],[-1.57672,52.84922],[-1.57486,52.84947],[-1.57333,52.84991]],[[-1.57333,52.84991],[-1.57158,52.85072],[-1.56996,52.85198],[-1.56902,52.853],[-1.56776,52.8537],[-1.56653,52.85455],[-1.56602,52.85468],[-1.56545,52.85473],[-1.56397,52.85454],[-1.56324,52.85452],[-1.56217,52.85467]],[[-1.43044,52.85121],[-1.42997,52.8512],[-1.42939,52.85108],[-1.42866,52.85079],[-1.42814,52.85045],[-1.4275,52.84986],[-1.42686,52.84896],[-1.42465,52.847],[-1.42232,52.84549],[-1.42107,52.84451]],[[-1.3829,52.85161],[-1.37906,52.8527],[-1.37771,52.85334],[-1.37347,52.85587],[-1.37281,52.8564],[-1.37188,52.85737]],[[-1.56217,52.85467],[-1.5615,52.85487],[-1.5578,52.85628],[-1.55618,52.85678],[-1.5559,52.85695],[-1.55331,52.85915],[-1.55253,52.85953],[-1.55076,52.86011]],[[-1.4692,52.85661],[-1.46789,52.85648],[-1.46504,52.85665],[-1.46376,52.85682],[-1.46102,52.85741],[-1.45951,52.85787],[-1.45878,52.85803],[-1.45614,52.8581],[-1.45482,52.85826]],[[-1.37187,52.85737],[-1.37046,52.85887],[-1.37011,52.8594],[-1.37002,52.85963],[-1.36962,52.8617],[-1.36897,52.86277],[-1.36801,52.8636],[-1.36713,52.86407],[-1.36633,52.86435],[-1.36481,52.86459]],[[-2.0777,52.85771],[-2.07769,52.8577]],[[-2.0777,52.85771],[-2.07548,52.85723],[-2.07251,52.85488],[-2.07081,52.85378],[-2.07,52.85332],[-2.06792,52.85246],[-2.06656,52.85209],[-2.0627,52.85072],[-2.05905,52.84997],[-2.05593,52.84921],[-2.0548,52.84905],[-2.05432,52.84888],[-2.05398,52.84865],[-2.05311,52.84782],[-2.05236,52.84731],[-2.05176,52.84673],[-2.05113,52.8463],[-2.05048,52.84569],[-2.04928,52.84479],[-2.04866,52.84441],[-2.04806,52.84414],[-2.04758,52.84403],[-2.04653,52.84404],[-2.04491,52.84395],[-2.04437,52.84387],[-2.04422,52.84379],[-2.04383,52.84348],[-2.04366,52.84326],[-2.04312,52.84217],[-2.0429,52.84197],[-2.04241,52.84171],[-2.04217,52.84143],[-2.04215,52.84106],[-2.04231,52.84066],[-2.04233,52.84044],[-2.04227,52.84014],[-2.04218,52.84002],[-2.04182,52.83982],[-2.04077,52.83951],[-2.03888,52.83793],[-2.03867,52.83766],[-2.03828,52.83683],[-2.03761,52.83617],[-2.03724,52.83555],[-2.03701,52.83531],[-2.03638,52.83492],[-2.03565,52.83421],[-2.03521,52.83395],[-2.0342,52.83362],[-2.03387,52.83344],[-2.0337,52.83323],[-2.03354,52.83214],[-2.03344,52.83198],[-2.0331,52.83171],[-2.03089,52.83072],[-2.028,52.82901],[-2.02633,52.82851],[-2.02424,52.82757],[-2.02309,52.82729],[-2.02201,52.82691],[-2.02008,52.82566],[-2.01933,52.82501],[-2.01811,52.82427],[-2.01759,52.82404],[-2.01653,52.82376],[-2.01495,52.82268],[-2.01365,52.82232],[-2.01123,52.82111],[-2.00927,52.82058],[-2.00854,52.82021],[-2.00792,52.81964],[-2.00759,52.81923],[-2.00722,52.81825],[-2.0062,52.81659],[-2.00574,52.81629],[-2.00475,52.81586],[-2.00465,52.81573],[-2.00459,52.81543],[-2.00491,52.81364],[-2.00528,52.81257],[-2.00545,52.8116],[-2.00567,52.81139],[-2.00683,52.81085],[-2.00731,52.81025],[-2.00805,52.80974],[-2.00862,52.8089],[-2.00856,52.80854],[-2.0083,52.80797],[-2.00876,52.80621],[-2.00872,52.80505],[-2.00879,52.80473],[-2.00884,52.80337],[-2.00865,52.80303],[-2.00806,52.80262],[-2.00746,52.80192],[-2.00735,52.80059],[-2.00676,52.79963],[-2.00581,52.79666],[-2.00505,52.79505],[-2.0048,52.7947],[-2.00443,52.79434],[-2.00343,52.7936],[-2.00119,52.79213],[-2.00045,52.79147],[-1.99881,52.7906],[-1.99792,52.78981],[-1.99758,52.78959],[-1.99681,52.78931],[-1.9949,52.78913],[-1.99261,52.78858],[-1.98876,52.78785],[-1.98698,52.78716],[-1.98572,52.78706],[-1.98432,52.78673],[-1.98305,52.7866],[-1.98165,52.78624],[-1.9804,52.7857],[-1.97999,52.78542],[-1.97929,52.78464],[-1.97905,52.78366],[-1.97866,52.7833],[-1.97746,52.78284],[-1.9758,52.78209],[-1.97467,52.782],[-1.97293,52.78197],[-1.97147,52.78236],[-1.97025,52.78229],[-1.96974,52.78238],[-1.9684,52.78283],[-1.96689,52.78293],[-1.96588,52.78282],[-1.96402,52.7824],[-1.95989,52.78187],[-1.95869,52.78182],[-1.95542,52.78196],[-1.95424,52.78189],[-1.9523,52.78146],[-1.95134,52.78115],[-1.95037,52.78063],[-1.94858,52.77981],[-1.94769,52.77883],[-1.94715,52.77852],[-1.94384,52.77741],[-1.94273,52.77737],[-1.94208,52.77716],[-1.94155,52.77684],[-1.94126,52.77655],[-1.9411,52.77615],[-1.94116,52.77582],[-1.94157,52.77521],[-1.94348,52.7732],[-1.94362,52.77304],[-1.94362,52.77294],[-1.94352,52.77285],[-1.94317,52.77275],[-1.94162,52.77245],[-1.93999,52.77189],[-1.93921,52.77141],[-1.93838,52.77077],[-1.9378,52.77028],[-1.93702,52.76935],[-1.93535,52.76703],[-1.93521,52.76672],[-1.93511,52.76595],[-1.93484,52.76541],[-1.93459,52.76513],[-1.93423,52.76491],[-1.93289,52.76428],[-1.9323,52.76385],[-1.93201,52.76355],[-1.93157,52.76278],[-1.93145,52.76236],[-1.93129,52.76129],[-1.9311,52.76072],[-1.93089,52.76039],[-1.93011,52.75972],[-1.92923,52.75915],[-1.92901,52.75889],[-1.92891,52.75855],[-1.92891,52.75822],[-1.92928,52.7572],[-1.92939,52.75641],[-1.92929,52.75577],[-1.92887,52.75517],[-1.92853,52.75486],[-1.9272,52.75397],[-1.92538,52.75329],[-1.92357,52.75219],[-1.92295,52.7519],[-1.92184,52.75155],[-1.92121,52.75124],[-1.92049,52.75072],[-1.92027,52.7504],[-1.92001,52.74971],[-1.91968,52.74935],[-1.919,52.74894],[-1.91767,52.74831],[-1.91703,52.74808],[-1.9163,52.74793],[-1.91435,52.74775],[-1.91053,52.74695],[-1.90991,52.74666],[-1.90923,52.74595],[-1.90861,52.74576],[-1.90598,52.74532],[-1.90408,52.7451],[-1.90279,52.74505],[-1.90084,52.74487],[-1.89609,52.74522],[-1.89518,52.74519],[-1.89431,52.74527],[-1.89256,52.74519],[-1.89209,52.74528],[-1.89103,52.74574],[-1.89031,52.74593],[-1.88944,52.74596],[-1.88825,52.74622],[-1.88663,52.74626],[-1.8855,52.74619],[-1.88465,52.74605],[-1.88435,52.7458],[-1.88392,52.74495],[-1.88359,52.74462],[-1.88289,52.74429],[-1.88232,52.7441],[-1.88092,52.74388],[-1.87903,52.74371],[-1.87616,52.74375],[-1.87417,52.74358],[-1.87295,52.74364],[-1.87105,52.74335],[-1.86884,52.74353],[-1.86867,52.74359],[-1.86829,52.74394],[-1.86801,52.74408],[-1.86729,52.74418],[-1.8667,52.74414],[-1.86614,52.74376],[-1.8648,52.74346],[-1.8638,52.74295],[-1.86333,52.74283],[-1.86247,52.74273],[-1.86185,52.7425],[-1.86011,52.74062],[-1.85979,52.74005],[-1.85919,52.7383],[-1.85895,52.73796],[-1.85853,52.73775],[-1.85777,52.73765],[-1.85541,52.73761],[-1.85366,52.73743],[-1.85062,52.73736],[-1.84876,52.73707],[-1.84836,52.73693],[-1.84793,52.73666],[-1.84694,52.73566],[-1.84638,52.73528],[-1.84591,52.73505],[-1.84431,52.73462],[-1.84314,52.73456],[-1.84252,52.73463],[-1.84135,52.73501],[-1.84069,52.73512],[-1.83925,52.73495],[-1.838,52.73496],[-1.83738,52.73485],[-1.83682,52.73467],[-1.83436,52.73335],[-1.83308,52.73241],[-1.83058,52.73094],[-1.82937,52.72997],[-1.82871,52.72934],[-1.82828,52.72883],[-1.82666,52.72597],[-1.82624,52.72548],[-1.8256,52.72499],[-1.8249,52.72459],[-1.82244,52.72357],[-1.81447,52.72134],[-1.81385,52.72102],[-1.81349,52.72073],[-1.81129,52.71825],[-1.81068,52.71776],[-1.81013,52.71743],[-1.8092,52.71704],[-1.80791,52.71672],[-1.80751,52.71673],[-1.80715,52.71689],[-1.79831,52.72196],[-1.79707,52.72244],[-1.79152,52.7243],[-1.78836,52.72526],[-1.78422,52.72692],[-1.77723,52.72956],[-1.77632,52.72979],[-1.76403,52.73127],[-1.76267,52.73158],[-1.76099,52.73179],[-1.75972,52.7319],[-1.75828,52.73191],[-1.75614,52.7317],[-1.7554,52.73175],[-1.75492,52.73192],[-1.75459,52.7322],[-1.75395,52.73321],[-1.75356,52.73365],[-1.75333,52.73381],[-1.75282,52.734],[-1.75092,52.73406],[-1.7507,52.73415],[-1.74958,52.73492],[-1.74767,52.73634],[-1.7472,52.73695],[-1.74696,52.73771],[-1.74687,52.73777],[-1.74623,52.73797],[-1.74431,52.73814],[-1.74389,52.7383],[-1.74362,52.7386],[-1.74346,52.73893],[-1.74339,52.73929],[-1.74325,52.73951],[-1.74215,52.74062],[-1.74189,52.74083],[-1.74143,52.74105],[-1.73992,52.7413],[-1.73742,52.74115],[-1.73689,52.74117],[-1.73431,52.74161],[-1.73201,52.74215],[-1.73135,52.74215],[-1.73052,52.74203],[-1.72944,52.74205],[-1.72777,52.74241],[-1.72665,52.74291],[-1.72432,52.74458],[-1.72124,52.74703],[-1.72069,52.74733],[-1.72006,52.7478],[-1.71244,52.75386],[-1.71099,52.75505],[-1.71062,52.75548],[-1.7098,52.75665],[-1.70949,52.75694],[-1.70693,52.75873],[-1.70522,52.75963],[-1.69929,52.76406],[-1.6981,52.76465],[-1.69689,52.76575],[-1.69614,52.76628],[-1.69545,52.76665],[-1.69299,52.76884],[-1.69265,52.76922],[-1.69252,52.76952],[-1.69236,52.77034],[-1.69146,52.77378],[-1.69117,52.77457],[-1.69104,52.77537],[-1.69053,52.77633],[-1.69022,52.7772],[-1.68991,52.77774],[-1.68875,52.77879],[-1.68814,52.77976],[-1.68686,52.78135],[-1.68657,52.78181],[-1.68603,52.78313],[-1.68564,52.78373],[-1.68517,52.78467],[-1.68442,52.78537],[-1.68064,52.78805],[-1.68021,52.78847],[-1.67872,52.79036],[-1.67766,52.7914],[-1.67729,52.79189]],[[-1.45482,52.85825],[-1.45123,52.85876],[-1.44929,52.85869],[-1.44824,52.85847],[-1.44741,52.85818],[-1.44552,52.85721],[-1.44362,52.85667],[-1.44175,52.85577],[-1.44089,52.85554],[-1.43831,52.85513],[-1.43712,52.85474],[-1.43652,52.85435],[-1.43574,52.85358],[-1.43561,52.85338],[-1.43543,52.85266],[-1.43517,52.85228],[-1.43454,52.85185],[-1.43371,52.85146],[-1.43301,52.85125],[-1.4323,52.85114],[-1.43043,52.85122]],[[-1.48317,52.85959],[-1.47944,52.85841],[-1.47772,52.85798],[-1.4692,52.85661]],[[-1.55076,52.8601],[-1.54169,52.86308],[-1.53995,52.86346],[-1.53769,52.86434]],[[-1.4972,52.86239],[-1.49552,52.86226],[-1.49446,52.86211],[-1.49152,52.86148],[-1.49027,52.86109],[-1.48837,52.86075],[-1.48716,52.86062],[-1.48317,52.85959]],[[-1.53769,52.86434],[-1.53507,52.86546],[-1.53142,52.86755],[-1.53059,52.86791],[-1.52984,52.86814],[-1.5289,52.86826],[-1.52826,52.86823],[-1.52746,52.86804],[-1.52541,52.86735]],[[-1.36481,52.86459],[-1.36338,52.86487],[-1.36158,52.86509],[-1.35999,52.86551],[-1.3586,52.86575],[-1.3562,52.86586],[-1.35525,52.86607],[-1.35384,52.86652],[-1.35281,52.86676],[-1.35199,52.86679],[-1.35073,52.8667],[-1.34879,52.86669],[-1.34732,52.86695],[-1.34598,52.86749],[-1.3448,52.86805],[-1.34422,52.86841],[-1.34124,52.86965],[-1.34081,52.87022],[-1.34033,52.87046],[-1.3399,52.87046],[-1.33905,52.87021],[-1.33764,52.87015],[-1.33612,52.87058],[-1.33463,52.87051],[-1.33299,52.87025],[-1.33247,52.87028],[-1.32388,52.8716],[-1.3228,52.87184],[-1.32143,52.87235],[-1.31935,52.87256]],[[-1.51148,52.86465],[-1.50941,52.86424],[-1.50781,52.86411],[-1.50114,52.86265],[-1.50048,52.86256],[-1.4972,52.86239]],[[-1.52541,52.86735],[-1.52368,52.86676],[-1.52314,52.86667],[-1.52025,52.86658],[-1.51873,52.86644],[-1.51631,52.86566],[-1.51149,52.86465]],[[-2.19851,53.02572],[-2.19772,53.02548],[-2.19743,53.02533],[-2.19718,53.02508],[-2.19707,53.02475],[-2.19724,53.02402],[-2.19714,53.02375],[-2.19602,53.02256],[-2.19498,53.02114],[-2.1939,53.01984],[-2.19272,53.01893],[-2.19228,53.01846],[-2.19191,53.01742],[-2.19186,53.01711],[-2.1915,53.01629],[-2.19093,53.0155],[-2.19019,53.01405],[-2.18998,53.01324],[-2.18973,53.01294],[-2.18895,53.01243],[-2.18749,53.01097],[-2.18682,53.01057],[-2.18596,53.01021],[-2.18536,53.00983],[-2.18503,53.00956],[-2.18481,53.009],[-2.18464,53.0088],[-2.18359,53.0083],[-2.18179,53.00688],[-2.18071,53.0063],[-2.18025,53.00587],[-2.17925,53.00529],[-2.17907,53.00501],[-2.17911,53.00442],[-2.17881,53.00265],[-2.17881,53.00201],[-2.17891,53.00129],[-2.17866,53.0002],[-2.17854,52.99989],[-2.17826,52.9995],[-2.17742,52.99861],[-2.17736,52.9984],[-2.17823,52.99635],[-2.17892,52.99499],[-2.17999,52.99392],[-2.18069,52.99333],[-2.18154,52.99277],[-2.18173,52.99256],[-2.18201,52.99156],[-2.18211,52.99081],[-2.18184,52.99011],[-2.18151,52.98963],[-2.18141,52.98937],[-2.18131,52.98835],[-2.18066,52.98699],[-2.1801,52.98629],[-2.17804,52.98449],[-2.17771,52.98406],[-2.17744,52.98354],[-2.1772,52.98214],[-2.17726,52.98145],[-2.17714,52.97998],[-2.17664,52.97654],[-2.17665,52.9764],[-2.17684,52.97605],[-2.17967,52.97261],[-2.18006,52.97197],[-2.1801,52.97151],[-2.17997,52.97119],[-2.17963,52.97073],[-2.1796,52.97037],[-2.18011,52.96943],[-2.18024,52.96835],[-2.17961,52.96578],[-2.17853,52.96412],[-2.17846,52.96389],[-2.1785,52.96367],[-2.17901,52.96297],[-2.17911,52.96248],[-2.17901,52.96205],[-2.17824,52.96118],[-2.17806,52.96078],[-2.17791,52.95859],[-2.17771,52.95799],[-2.17747,52.95766],[-2.17705,52.95736],[-2.17622,52.95709],[-2.17567,52.95702],[-2.1756,52.95692],[-2.17373,52.95597],[-2.1728,52.95523],[-2.17235,52.95445],[-2.17242,52.95388],[-2.1726,52.95327],[-2.17277,52.95291],[-2.1734,52.95208],[-2.17348,52.95176],[-2.17343,52.95143],[-2.17217,52.94944],[-2.17197,52.94904],[-2.17174,52.94824],[-2.17096,52.94747],[-2.17069,52.94663],[-2.17013,52.94562],[-2.1695,52.94408],[-2.16911,52.94352],[-2.16899,52.94321],[-2.16906,52.94279],[-2.16935,52.94219],[-2.16967,52.94129],[-2.16989,52.94033],[-2.17,52.93866],[-2.17001,52.93726],[-2.16999,52.93659],[-2.16986,52.93618],[-2.16975,52.936],[-2.16944,52.93572],[-2.16849,52.93518],[-2.16807,52.93487],[-2.16758,52.93434],[-2.16743,52.93394],[-2.16763,52.93273],[-2.16747,52.93227],[-2.16733,52.93207],[-2.16652,52.93139],[-2.1646,52.93012],[-2.16337,52.92922],[-2.16314,52.92889],[-2.16283,52.92821],[-2.16255,52.92723],[-2.1623,52.92566],[-2.16264,52.92465],[-2.16277,52.92377],[-2.1628,52.92265],[-2.16307,52.92187],[-2.16308,52.92144],[-2.16296,52.92044],[-2.16287,52.92027],[-2.16274,52.91961],[-2.16274,52.91875],[-2.16286,52.91811],[-2.16309,52.91763],[-2.16313,52.91733],[-2.16507,52.91433],[-2.1652,52.91368],[-2.165,52.91327],[-2.16371,52.9118],[-2.16211,52.91027],[-2.16175,52.91],[-2.16111,52.90966],[-2.16022,52.90937],[-2.15985,52.90917],[-2.15947,52.90886],[-2.15869,52.90783],[-2.15824,52.90746],[-2.15776,52.9072],[-2.15614,52.90655],[-2.15346,52.90555],[-2.15284,52.9052],[-2.15271,52.90499],[-2.15276,52.90411],[-2.15262,52.90374],[-2.15214,52.90344],[-2.15133,52.90309],[-2.15018,52.90204],[-2.14828,52.90114],[-2.14684,52.90069],[-2.14589,52.90027],[-2.14394,52.89954],[-2.14192,52.89811],[-2.14099,52.89724],[-2.13967,52.8964],[-2.13902,52.89575],[-2.13841,52.89525],[-2.13767,52.89485],[-2.13487,52.89376],[-2.1338,52.89319],[-2.13349,52.89284],[-2.13291,52.89169],[-2.13156,52.89029],[-2.13073,52.88915],[-2.13037,52.88883],[-2.12954,52.8884],[-2.12789,52.8882],[-2.12736,52.88795],[-2.12722,52.88774],[-2.12717,52.88735],[-2.12743,52.88675],[-2.12751,52.88633],[-2.12749,52.886],[-2.1274,52.88573],[-2.12708,52.88543],[-2.12486,52.88462],[-2.12215,52.88323],[-2.12085,52.88247],[-2.11809,52.88054],[-2.11306,52.87824],[-2.11282,52.87801],[-2.11242,52.87736],[-2.11209,52.87708],[-2.11074,52.87639],[-2.10832,52.87488],[-2.10774,52.87465],[-2.10673,52.87443],[-2.10624,52.87419],[-2.10592,52.8738],[-2.10557,52.87315],[-2.10447,52.87232],[-2.10418,52.87198],[-2.1038,52.87131],[-2.10353,52.87025],[-2.10342,52.87007],[-2.10285,52.8695],[-2.1018,52.86891],[-2.10158,52.86861],[-2.10139,52.86797],[-2.10127,52.86783],[-2.10076,52.86746],[-2.0991,52.86673],[-2.09866,52.86638],[-2.09807,52.86578],[-2.09746,52.86536],[-2.09728,52.86502],[-2.09729,52.86419],[-2.09713,52.86389],[-2.09686,52.86367],[-2.09624,52.8635],[-2.09506,52.86334],[-2.09233,52.86225],[-2.08998,52.86162],[-2.08897,52.86107],[-2.08859,52.86093],[-2.0882,52.86086],[-2.08671,52.86079],[-2.08615,52.86069],[-2.08381,52.86007],[-2.08159,52.85901],[-2.0798,52.85825],[-2.0777,52.85771]],[[-2.1975,53.02573],[-2.19851,53.02572]],[[-2.24747,53.08853],[-2.24539,53.08808],[-2.24439,53.08776],[-2.24422,53.08761],[-2.24384,53.08696],[-2.24368,53.0865],[-2.24379,53.08588],[-2.24402,53.08517],[-2.24432,53.0847],[-2.24426,53.08455],[-2.22654,53.06294],[-2.22595,53.06165],[-2.22278,53.05801],[-2.22156,53.05647],[-2.22044,53.0552],[-2.21723,53.05193],[-2.21688,53.05174],[-2.21589,53.05159],[-2.21553,53.05135],[-2.21266,53.04777],[-2.21224,53.04706],[-2.21221,53.04662],[-2.21229,53.04641],[-2.2126,53.04612],[-2.21405,53.04523],[-2.21437,53.04474],[-2.21433,53.04433],[-2.21403,53.04401],[-2.21343,53.04369],[-2.21189,53.04329],[-2.21129,53.04303],[-2.21082,53.04253],[-2.21042,53.0419],[-2.21061,53.04105],[-2.21049,53.04069],[-2.21031,53.04046],[-2.20939,53.03964],[-2.20819,53.03891],[-2.20715,53.03837],[-2.20658,53.03775],[-2.20592,53.03717],[-2.20459,53.03634],[-2.20414,53.03611],[-2.20308,53.03585],[-2.20253,53.03581],[-2.20146,53.03598],[-2.20089,53.03597],[-2.19987,53.03581],[-2.19951,53.03568],[-2.19938,53.03557],[-2.19937,53.03446],[-2.19891,53.03389],[-2.19889,53.03364],[-2.19918,53.03336],[-2.20033,53.03294],[-2.20088,53.03249],[-2.20209,53.03169],[-2.2022,53.03156],[-2.20223,53.03141],[-2.20218,53.03063],[-2.20199,53.02963],[-2.20163,53.02918],[-2.20124,53.02891],[-2.20077,53.02872],[-2.19986,53.02862],[-2.19959,53.02852],[-2.19939,53.02836],[-2.19934,53.02817],[-2.19945,53.02757],[-2.19946,53.02626],[-2.19934,53.02608],[-2.19908,53.02591],[-2.19851,53.02572]],[[-2.2485,53.08877],[-2.24747,53.08853]],[[-2.2485,53.08877],[-2.24824,53.08876],[-2.24747,53.08853]],[[-2.25423,53.09068],[-2.25352,53.09043],[-2.25217,53.08958],[-2.25153,53.08927],[-2.2505,53.08902],[-2.24953,53.08898],[-2.2485,53.08877]],[[-2.25497,53.09098],[-2.25487,53.09089],[-2.25423,53.09068]],[[-2.25497,53.09098],[-2.25423,53.09068]],[[-2.26148,53.09292],[-2.25954,53.09269],[-2.25812,53.09234],[-2.25527,53.09118],[-2.25497,53.09098]],[[-2.26241,53.09303],[-2.26175,53.0929],[-2.26148,53.09292]],[[-2.26241,53.09303],[-2.26148,53.09292]],[[-2.26556,53.09343],[-2.26241,53.09303]],[[-2.2665,53.09358],[-2.26633,53.09349],[-2.26556,53.09343]],[[-2.2665,53.09358],[-2.26556,53.09343]],[[-2.26917,53.0939],[-2.2665,53.09358]],[[-2.2701,53.09405],[-2.26989,53.09396],[-2.26917,53.0939]],[[-2.2701,53.09405],[-2.26917,53.0939]],[[-2.2706,53.10085],[-2.2702,53.10065],[-2.26978,53.10023],[-2.26957,53.09965],[-2.26958,53.09931],[-2.27002,53.09829],[-2.2713,53.09647],[-2.27173,53.09597],[-2.27182,53.09555],[-2.27161,53.0949],[-2.27128,53.09454],[-2.27098,53.09435],[-2.2701,53.09405]],[[-2.27248,53.10134],[-2.27216,53.10119],[-2.2706,53.10085]],[[-2.27248,53.10134],[-2.27113,53.10103],[-2.2706,53.10085]],[[-2.27726,53.10316],[-2.27676,53.10301],[-2.27608,53.10256],[-2.27425,53.1018],[-2.27248,53.10134]],[[-2.27825,53.10332],[-2.27726,53.10316]],[[-2.27825,53.10332],[-2.27755,53.10325],[-2.27726,53.10316]],[[-2.28029,53.10365],[-2.27988,53.10351],[-2.27825,53.10332]],[[-2.28105,53.10399],[-2.28054,53.10369],[-2.28029,53.10365]],[[-2.28105,53.10399],[-2.28029,53.10365]],[[-2.29863,53.1152],[-2.29847,53.11505],[-2.298,53.11482],[-2.29674,53.11454],[-2.29529,53.11362],[-2.29417,53.11316],[-2.29349,53.11275],[-2.2932,53.11214],[-2.29275,53.11166],[-2.29227,53.1113],[-2.28954,53.10981],[-2.28754,53.10905],[-2.28621,53.10818],[-2.28592,53.10792],[-2.28586,53.10763],[-2.286,53.10735],[-2.28636,53.10696],[-2.28656,53.10664],[-2.2866,53.10584],[-2.28639,53.10563],[-2.28596,53.1055],[-2.28307,53.10499],[-2.28105,53.10399]],[[-2.29863,53.1152],[-2.29897,53.11542],[-2.2992,53.11567],[-2.29906,53.11562],[-2.29863,53.1152]],[[-2.3348,53.1222],[-2.33432,53.12226],[-2.33369,53.12224]],[[-2.33369,53.12224],[-2.3348,53.1222]],[[-2.33369,53.12224],[-2.33271,53.12212],[-2.33176,53.1219],[-2.32981,53.12158],[-2.32728,53.12168],[-2.32627,53.12185],[-2.32517,53.12189],[-2.32168,53.12153],[-2.31956,53.1212],[-2.31873,53.12094],[-2.31672,53.12008],[-2.31616,53.11968],[-2.31515,53.11862],[-2.31452,53.11841],[-2.31402,53.11839],[-2.31312,53.1185],[-2.31115,53.11831],[-2.30935,53.1185],[-2.30751,53.11828],[-2.30666,53.11838],[-2.3056,53.11863],[-2.30514,53.11865],[-2.30444,53.11855],[-2.30335,53.11817],[-2.3023,53.11763],[-2.3004,53.11657],[-2.29919,53.11567]],[[-2.34282,53.12492],[-2.34106,53.12415],[-2.33855,53.12283],[-2.33775,53.12249],[-2.33613,53.12216],[-2.3348,53.1222]],[[-2.34282,53.12492],[-2.3432,53.12497],[-2.34381,53.12518]],[[-2.34381,53.12518],[-2.34282,53.12492]],[[-2.34659,53.12638],[-2.3448,53.12556],[-2.34381,53.12518]],[[-2.34659,53.12638],[-2.34678,53.1264],[-2.34749,53.12674]],[[-2.34749,53.12674],[-2.34748,53.12673]],[[-2.34749,53.12674],[-2.34718,53.12666],[-2.34659,53.12638]],[[-2.35041,53.12783],[-2.34937,53.12751],[-2.34749,53.12674]],[[-2.35119,53.12802],[-2.35116,53.12797],[-2.35041,53.12783]],[[-2.35119,53.12802],[-2.35041,53.12783]],[[-2.35235,53.12831],[-2.35119,53.12802]],[[-2.35333,53.1285],[-2.35235,53.12831]],[[-2.35333,53.1285],[-2.35307,53.1285],[-2.35235,53.12831]],[[-2.3552,53.12904],[-2.35426,53.12867],[-2.35333,53.1285]],[[-2.3552,53.12904],[-2.35601,53.12918],[-2.35626,53.12916]],[[-2.35626,53.12916],[-2.3552,53.12904]],[[-2.35626,53.12916],[-2.35625,53.12916]],[[-2.35892,53.12931],[-2.35819,53.12922],[-2.35746,53.12924],[-2.35626,53.12916]],[[-2.35891,53.12931],[-2.35781,53.12924]],[[-2.36661,53.12967],[-2.36598,53.12966],[-2.36544,53.12975]],[[-2.36661,53.12967],[-2.36544,53.12975]],[[-2.3672,53.12968],[-2.36661,53.12967]],[[-2.36834,53.12972],[-2.3672,53.12968]],[[-2.36834,53.12972],[-2.36772,53.12974],[-2.3672,53.12968]],[[-2.36544,53.12975],[-2.36437,53.12981],[-2.3636,53.12996],[-2.36324,53.12997],[-2.36068,53.1295],[-2.35891,53.12931]],[[-2.41004,53.16662],[-2.40523,53.16293],[-2.40439,53.16221],[-2.40329,53.16109],[-2.40294,53.1604],[-2.40285,53.15973],[-2.40305,53.15902],[-2.40325,53.15858],[-2.40394,53.15765],[-2.40446,53.15648],[-2.40453,53.15608],[-2.40451,53.15496],[-2.40432,53.15444],[-2.40365,53.15311],[-2.40203,53.15179],[-2.40126,53.15018],[-2.40087,53.14963],[-2.4009,53.14904],[-2.40146,53.14838],[-2.40162,53.14787],[-2.40146,53.14746],[-2.4012,53.14703],[-2.40097,53.14679],[-2.40069,53.14625],[-2.4007,53.14579],[-2.40085,53.14493],[-2.4008,53.14461],[-2.4,53.1435],[-2.39992,53.14315],[-2.40045,53.14205],[-2.40073,53.14171],[-2.40113,53.14147],[-2.4021,53.14113],[-2.4024,53.14091],[-2.40262,53.14064],[-2.40312,53.1386],[-2.40314,53.13815],[-2.40305,53.13782],[-2.40268,53.13735],[-2.40181,53.13675],[-2.39851,53.13473],[-2.39834,53.1344],[-2.3986,53.13339],[-2.39837,53.13265],[-2.39812,53.13236],[-2.39731,53.13188],[-2.39669,53.13171],[-2.39613,53.13168],[-2.39503,53.13177],[-2.39413,53.13172],[-2.39369,53.13153],[-2.39305,53.13111],[-2.39236,53.13097],[-2.39061,53.13118],[-2.38996,53.13112],[-2.38906,53.13089],[-2.3885,53.13084],[-2.38811,53.13091],[-2.38697,53.13151],[-2.38654,53.13157],[-2.38534,53.13157],[-2.38481,53.1315],[-2.38403,53.13125],[-2.38348,53.13094],[-2.38276,53.13069],[-2.38218,53.13018],[-2.382,53.1301],[-2.38019,53.12969],[-2.37931,53.12894],[-2.37892,53.1288],[-2.37841,53.12872],[-2.37771,53.12875],[-2.37674,53.12889],[-2.37259,53.13007],[-2.36834,53.12972]],[[-2.55649,53.26945],[-2.54826,53.26849],[-2.54795,53.26837],[-2.5477,53.26791],[-2.54738,53.26768],[-2.54664,53.26769],[-2.54638,53.26778],[-2.54566,53.26823],[-2.54513,53.26869],[-2.54367,53.2694],[-2.54124,53.2708],[-2.53784,53.27233],[-2.53619,53.27317],[-2.53448,53.27331],[-2.53349,53.2733],[-2.53227,53.27346],[-2.53105,53.27347]],[[-2.48627,53.27164],[-2.48562,53.27114],[-2.48484,53.27084],[-2.48036,53.26992],[-2.47937,53.26977],[-2.47759,53.26964],[-2.47678,53.26967],[-2.47456,53.26991],[-2.47428,53.26981],[-2.47408,53.2696],[-2.47342,53.26868],[-2.47316,53.26812],[-2.47325,53.26755],[-2.47408,53.26562],[-2.47414,53.26522],[-2.4741,53.26452],[-2.47415,53.2641],[-2.47461,53.26254],[-2.47484,53.26204],[-2.47501,53.26175],[-2.4781,53.25828],[-2.47832,53.25795],[-2.47837,53.25775],[-2.47831,53.2574],[-2.47677,53.25627],[-2.47596,53.25497],[-2.47575,53.25397],[-2.47588,53.25336],[-2.47645,53.25278],[-2.47669,53.25236],[-2.4767,53.25187],[-2.47622,53.25103],[-2.47609,53.25059],[-2.47622,53.24994],[-2.47656,53.24892],[-2.4775,53.24679],[-2.47762,53.24633],[-2.47761,53.24566],[-2.47679,53.24404],[-2.47675,53.24299],[-2.47676,53.24105],[-2.47694,53.23732],[-2.47699,53.23685],[-2.47722,53.23595],[-2.47741,53.23561],[-2.4775,53.23507],[-2.47736,53.23479],[-2.47718,53.23462],[-2.47661,53.23431],[-2.47571,53.23395],[-2.47518,53.23359],[-2.47424,53.23281],[-2.47214,53.23176],[-2.47184,53.23153],[-2.47108,53.23071],[-2.47055,53.22999],[-2.47043,53.22968],[-2.47048,53.22947],[-2.4706,53.22934],[-2.47079,53.2292],[-2.47114,53.22907],[-2.47332,53.2284],[-2.47501,53.22802],[-2.4762,53.22814],[-2.47765,53.22813],[-2.47814,53.22821],[-2.47867,53.22842],[-2.47995,53.22909],[-2.48027,53.22918],[-2.48081,53.22918],[-2.48118,53.22904],[-2.48355,53.22738],[-2.48378,53.22691],[-2.48371,53.22657],[-2.48358,53.22642],[-2.48279,53.22594],[-2.48228,53.22555],[-2.48163,53.22477],[-2.4816,53.22457],[-2.48199,53.22379],[-2.48195,53.22349],[-2.4817,53.22298],[-2.48097,53.22241],[-2.48022,53.22156],[-2.48009,53.22131],[-2.47986,53.2197],[-2.47976,53.21941],[-2.47937,53.21912],[-2.47824,53.21883],[-2.47765,53.21843],[-2.47638,53.21706],[-2.47613,53.2162],[-2.47593,53.21597],[-2.47484,53.21522],[-2.47317,53.21446],[-2.47204,53.21371],[-2.47158,53.21286],[-2.47117,53.2125],[-2.471,53.21227],[-2.47072,53.21155],[-2.47064,53.21101],[-2.47078,53.21054],[-2.47101,53.21007],[-2.47106,53.20977],[-2.47102,53.20959],[-2.47075,53.20924],[-2.46868,53.20806],[-2.46816,53.20739],[-2.4663,53.20602],[-2.46621,53.20584],[-2.4663,53.20499],[-2.46629,53.20446],[-2.46616,53.20426],[-2.46565,53.20409],[-2.46511,53.20404],[-2.46379,53.2041],[-2.46327,53.20402],[-2.4627,53.20356],[-2.46277,53.203],[-2.46272,53.20254],[-2.4626,53.2023],[-2.46239,53.20204],[-2.46166,53.20143],[-2.46077,53.20079],[-2.46006,53.2006],[-2.45905,53.20021],[-2.45845,53.20008],[-2.4575,53.20006],[-2.45564,53.20031],[-2.4537,53.2001],[-2.45332,53.1999],[-2.45309,53.19969],[-2.45274,53.1992],[-2.45243,53.19905],[-2.45195,53.19892],[-2.45046,53.199],[-2.45008,53.19892],[-2.44944,53.19854],[-2.44749,53.19703],[-2.447,53.19614],[-2.44641,53.19473],[-2.44586,53.19415],[-2.44537,53.19386],[-2.44376,53.19315],[-2.44311,53.19235],[-2.44085,53.19138],[-2.43992,53.19105],[-2.43908,53.19055],[-2.43902,53.19045],[-2.43906,53.19027],[-2.44053,53.1891],[-2.44088,53.18871],[-2.44109,53.18827],[-2.44107,53.18796],[-2.4397,53.18536],[-2.43906,53.1843],[-2.43839,53.18364],[-2.43816,53.18328],[-2.43791,53.18304],[-2.43592,53.1814],[-2.43482,53.18057],[-2.43408,53.18015],[-2.43124,53.17821],[-2.429,53.1768],[-2.42679,53.17517],[-2.42454,53.17368],[-2.424,53.17338],[-2.42278,53.17286],[-2.42135,53.1721],[-2.41934,53.17168],[-2.41851,53.17127],[-2.4178,53.17083],[-2.41582,53.17026],[-2.41419,53.16935],[-2.41208,53.16788],[-2.41005,53.16662]],[[-2.53051,53.27295],[-2.53025,53.27367]],[[-2.53105,53.27347],[-2.53026,53.27367],[-2.52893,53.27457],[-2.52855,53.27504],[-2.52811,53.27599],[-2.52778,53.27653],[-2.52738,53.27683],[-2.5269,53.27694],[-2.52488,53.27672],[-2.52286,53.27664],[-2.52239,53.27669],[-2.52179,53.27695],[-2.52162,53.27719],[-2.52138,53.27801],[-2.52122,53.27818]],[[-2.49794,53.27701],[-2.49635,53.2763],[-2.49508,53.27582],[-2.48986,53.27422],[-2.48931,53.274],[-2.4889,53.27376],[-2.48627,53.27164]],[[-2.52122,53.27818],[-2.52098,53.27833],[-2.52041,53.2784],[-2.51793,53.27829],[-2.51509,53.27773],[-2.51437,53.27773],[-2.51375,53.27792],[-2.51261,53.2785],[-2.5099,53.28025],[-2.50938,53.28069],[-2.50893,53.28097],[-2.50812,53.2813],[-2.50646,53.28175],[-2.50565,53.28189],[-2.50523,53.28189],[-2.5041,53.28152],[-2.49979,53.27842],[-2.49896,53.27762],[-2.49842,53.27724],[-2.49795,53.277]],[[-2.62062,53.29674],[-2.62018,53.29658],[-2.61989,53.29626],[-2.61896,53.29447],[-2.61829,53.29358],[-2.61795,53.29332],[-2.61701,53.29282],[-2.61635,53.29211],[-2.61578,53.29173],[-2.61486,53.29129],[-2.61353,53.29099],[-2.6129,53.29076],[-2.61214,53.2904],[-2.61171,53.29005],[-2.61144,53.28993],[-2.61041,53.28976],[-2.61003,53.28964],[-2.60959,53.28917],[-2.60735,53.28771],[-2.60552,53.28606],[-2.60381,53.28514],[-2.60306,53.28493],[-2.59963,53.28448],[-2.59721,53.28369],[-2.59683,53.2835],[-2.59648,53.28318],[-2.59616,53.28253],[-2.59593,53.28221],[-2.59411,53.28094],[-2.59359,53.28026],[-2.5931,53.27994],[-2.59127,53.27903],[-2.59094,53.27858],[-2.59098,53.27778],[-2.59059,53.27679],[-2.58975,53.27599],[-2.58921,53.27563],[-2.58891,53.27529],[-2.58856,53.27508],[-2.58726,53.27469],[-2.58584,53.27409],[-2.58537,53.274],[-2.5844,53.27414],[-2.58321,53.27442],[-2.58122,53.27458],[-2.57859,53.27541],[-2.57803,53.27537],[-2.57721,53.27507],[-2.57674,53.27501],[-2.57479,53.27502],[-2.57143,53.27525],[-2.56927,53.27566],[-2.56893,53.27567],[-2.56779,53.27522],[-2.56649,53.27492],[-2.56465,53.27414],[-2.55981,53.27332],[-2.55848,53.27303],[-2.5582,53.27277],[-2.55772,53.27172],[-2.55756,53.2713],[-2.55761,53.27086],[-2.55753,53.27066],[-2.55678,53.26964],[-2.55649,53.26945]],[[-2.63188,53.29907],[-2.6315,53.29886],[-2.63114,53.29875],[-2.6301,53.29868],[-2.62954,53.29878],[-2.62789,53.29937],[-2.62753,53.29939],[-2.62722,53.29925],[-2.62676,53.29838],[-2.62539,53.29699],[-2.62503,53.29674],[-2.6242,53.29639],[-2.62363,53.29619],[-2.62315,53.29615],[-2.62154,53.29674],[-2.62062,53.29674]],[[-2.6464,53.31438],[-2.64046,53.30473],[-2.6398,53.30419],[-2.63742,53.30302],[-2.6371,53.3028],[-2.63685,53.30251],[-2.63478,53.30108],[-2.63324,53.29983],[-2.63189,53.29908]]]}},{"type":"Feature","properties":{"NAME":"Tees Navigation"},"geometry":{"type":"MultiLineString","coordinates":[[[-1.30848,54.56043],[-1.30698,54.55885],[-1.30686,54.55846],[-1.3069,54.55795],[-1.30711,54.55756],[-1.30751,54.55719],[-1.30989,54.55588],[-1.31058,54.55525],[-1.31073,54.55481],[-1.31071,54.55429],[-1.31035,54.5533],[-1.31005,54.55271],[-1.31,54.5524],[-1.31006,54.55219],[-1.31029,54.55182],[-1.31111,54.55099],[-1.31127,54.55069],[-1.31132,54.55035],[-1.31114,54.5499],[-1.31091,54.54967],[-1.30907,54.54847],[-1.30858,54.54802],[-1.30839,54.5477],[-1.30829,54.54719],[-1.30837,54.54687],[-1.30879,54.54623],[-1.31092,54.54447],[-1.31132,54.54384],[-1.31145,54.54336],[-1.31134,54.54286],[-1.3111,54.54242],[-1.30788,54.53975],[-1.30773,54.53955],[-1.30766,54.53919],[-1.30771,54.53898],[-1.30792,54.53875],[-1.30839,54.53853],[-1.30866,54.53848],[-1.30931,54.53843],[-1.31008,54.53847],[-1.31241,54.53916],[-1.31566,54.54038],[-1.3162,54.54045],[-1.31646,54.5404],[-1.31701,54.54009],[-1.31726,54.53982],[-1.31735,54.53962],[-1.31734,54.53917],[-1.31713,54.53879],[-1.31651,54.53834],[-1.31589,54.53801],[-1.31535,54.53783],[-1.31203,54.53713],[-1.31145,54.53686],[-1.31133,54.5367],[-1.31144,54.53638],[-1.31174,54.53594],[-1.31359,54.53399],[-1.31415,54.53377],[-1.31445,54.53373],[-1.31611,54.53371],[-1.3168,54.53379],[-1.31765,54.53401],[-1.31988,54.53483],[-1.32052,54.53493],[-1.32085,54.5349],[-1.32147,54.53474],[-1.32316,54.53384],[-1.32413,54.53322],[-1.3247,54.53293],[-1.32564,54.53262],[-1.3266,54.53248],[-1.32928,54.53234],[-1.33071,54.53218],[-1.33097,54.53222],[-1.33135,54.53242],[-1.33149,54.53259],[-1.33157,54.53285],[-1.33155,54.53312],[-1.3314,54.53353],[-1.3308,54.5349],[-1.3308,54.53511],[-1.3312,54.53559],[-1.33189,54.53596],[-1.33283,54.53623],[-1.33337,54.53622],[-1.33462,54.5359],[-1.33533,54.53565],[-1.33566,54.53542],[-1.33596,54.53495],[-1.33599,54.53476],[-1.33601,54.53396],[-1.33596,54.53378],[-1.33492,54.53241],[-1.33463,54.53184],[-1.33452,54.53147],[-1.3346,54.5311],[-1.33525,54.53027],[-1.33567,54.53014],[-1.33588,54.53014],[-1.33706,54.53045],[-1.33757,54.53048],[-1.33827,54.53042],[-1.33875,54.53026],[-1.33953,54.52983],[-1.34029,54.52905],[-1.34037,54.52884],[-1.34035,54.52826],[-1.34019,54.5279],[-1.33986,54.52751],[-1.33947,54.52724],[-1.33887,54.52697],[-1.33775,54.52664],[-1.33679,54.52616],[-1.33653,54.52593],[-1.33624,54.5255],[-1.33618,54.52516],[-1.3362,54.52437],[-1.33642,54.52388],[-1.33674,54.52343],[-1.33817,54.52201],[-1.33836,54.52162],[-1.33831,54.52114],[-1.33808,54.52075],[-1.33657,54.51947],[-1.33581,54.51872],[-1.33553,54.51827],[-1.33543,54.51771],[-1.33544,54.51692],[-1.33567,54.51592],[-1.3363,54.51437],[-1.3368,54.51258],[-1.33685,54.51069],[-1.33681,54.50984],[-1.33693,54.50939],[-1.33688,54.50874],[-1.33747,54.50803],[-1.33752,54.50787],[-1.33792,54.5075],[-1.33935,54.50672],[-1.34173,54.5058],[-1.34231,54.50552],[-1.3434,54.50481],[-1.34353,54.50461],[-1.34356,54.50443],[-1.34448,54.50366],[-1.34516,54.50344],[-1.34597,54.5033],[-1.34791,54.50334],[-1.34833,54.50346],[-1.34917,54.50391],[-1.3494,54.5041],[-1.34977,54.50459],[-1.35082,54.50662],[-1.3519,54.50958],[-1.35231,54.51021],[-1.35287,54.51077],[-1.35416,54.51149],[-1.35601,54.51207],[-1.35706,54.5123],[-1.3577,54.51237],[-1.35851,54.51237],[-1.35926,54.51225],[-1.35946,54.51215],[-1.35977,54.51186],[-1.35986,54.5115],[-1.35983,54.51111],[-1.35945,54.51005],[-1.35886,54.50883],[-1.35821,54.50715],[-1.35803,54.50642],[-1.35794,54.50565],[-1.35798,54.50518],[-1.35825,54.50477],[-1.35897,54.50413],[-1.35959,54.50372],[-1.36003,54.50347],[-1.36066,54.5033],[-1.36202,54.50325],[-1.36777,54.50379],[-1.36955,54.50385],[-1.37181,54.50373],[-1.37492,54.50299],[-1.37652,54.50248],[-1.37731,54.50205],[-1.37812,54.50133],[-1.37848,54.50052],[-1.37855,54.50011],[-1.37853,54.49981],[-1.37825,54.49882],[-1.3779,54.49826],[-1.37729,54.49695],[-1.37714,54.49636],[-1.37717,54.49605],[-1.37736,54.49572],[-1.37764,54.49551],[-1.37971,54.49471],[-1.38119,54.49392],[-1.38192,54.49329],[-1.38233,54.4927],[-1.38293,54.49159],[-1.38294,54.49106],[-1.38251,54.48943],[-1.38251,54.48908],[-1.38219,54.48863],[-1.38209,54.48818],[-1.38239,54.48772],[-1.38277,54.48744],[-1.38359,54.48703],[-1.38439,54.48687],[-1.38827,54.48677],[-1.39009,54.48665],[-1.39431,54.48573],[-1.39515,54.48571],[-1.39596,54.48587],[-1.39702,54.48641],[-1.39767,54.48684],[-1.39805,54.48718],[-1.39844,54.48775],[-1.39856,54.48833],[-1.3985,54.48891],[-1.39835,54.48924],[-1.39833,54.48955],[-1.39795,54.49046],[-1.3979,54.49072],[-1.39793,54.49099],[-1.398,54.49124],[-1.39836,54.49192],[-1.39877,54.49248],[-1.39915,54.49287],[-1.39967,54.4932],[-1.40113,54.49387],[-1.40199,54.49419],[-1.40241,54.49428],[-1.40342,54.49428],[-1.40524,54.49411],[-1.40633,54.49383],[-1.40688,54.4936],[-1.40763,54.49318],[-1.40796,54.49291],[-1.40864,54.49228],[-1.40916,54.49169],[-1.40949,54.49119],[-1.4101,54.48981],[-1.41005,54.48942],[-1.40937,54.48837],[-1.40884,54.48734],[-1.4081,54.48479],[-1.40797,54.48394]],[[-1.30848,54.56043],[-1.30342,54.56143]],[[-1.30342,54.56143],[-1.30149,54.56183],[-1.30056,54.56182]],[[-1.29004,54.56434],[-1.28795,54.56432],[-1.28642,54.56447],[-1.28464,54.56474]],[[-1.29004,54.56434],[-1.28929,54.56381],[-1.28891,54.56372],[-1.28844,54.5637],[-1.28527,54.56413],[-1.28493,54.56431],[-1.28464,54.56474]],[[-1.29004,54.56434],[-1.29588,54.56434],[-1.29784,54.56441],[-1.29998,54.56474],[-1.30421,54.56572],[-1.30529,54.56576]],[[-1.28318,54.56507],[-1.28464,54.56474]],[[-1.30529,54.56576],[-1.30728,54.5657],[-1.30866,54.5653],[-1.30942,54.56482],[-1.30966,54.5646],[-1.30996,54.56416],[-1.3102,54.56336],[-1.31001,54.56261],[-1.30978,54.56208],[-1.30924,54.56129],[-1.30848,54.56043]],[[-1.30529,54.56576],[-1.30514,54.56437],[-1.30342,54.56143]]]}},{"type":"Feature","properties":{"NAME":"Portway Branch (Titford Canal)"},"geometry":{"type":"LineString","coordinates":[[-2.01997,52.48843],[-2.0219,52.48952],[-2.02451,52.49144]]}},{"type":"Feature","properties":{"NAME":"Titford Pools (Titford Canal)"},"geometry":{"type":"LineString","coordinates":[[-2.0223,52.48751],[-2.02238,52.48771],[-2.02145,52.48926]]}},{"type":"Feature","properties":{"NAME":"Nottingham Canal"},"geometry":{"type":"LineString","coordinates":[[-1.32445,53.02042],[-1.32388,53.01981],[-1.32356,53.01965]]}},{"type":"Feature","properties":{"NAME":"Tame Valley Canal"},"geometry":{"type":"LineString","coordinates":[[-2.03553,52.53996],[-2.01659,52.54329],[-2.01393,52.54445],[-2.01208,52.54494],[-1.97279,52.55172],[-1.97213,52.55177],[-1.96959,52.55161],[-1.95719,52.55052],[-1.95625,52.55028],[-1.9557,52.54997],[-1.9444,52.5405],[-1.94374,52.54007],[-1.94295,52.53975],[-1.91863,52.53261],[-1.91776,52.53252],[-1.91655,52.53251],[-1.9126,52.53265],[-1.91149,52.53263],[-1.91115,52.53269],[-1.90959,52.5327],[-1.90929,52.53275],[-1.90107,52.5329],[-1.89952,52.53267],[-1.89605,52.53178],[-1.89526,52.5315],[-1.88899,52.52841],[-1.88515,52.52645],[-1.88422,52.52588],[-1.88372,52.52542],[-1.87837,52.51934],[-1.87195,52.51433],[-1.86051,52.50897],[-1.85959,52.50864]]}},{"type":"Feature","properties":{"NAME":"Tees White Water Canoe Course"},"geometry":{"type":"LineString","coordinates":[[-1.29004,54.56434],[-1.28819,54.56501],[-1.28721,54.56511],[-1.28627,54.5651],[-1.2859,54.56529],[-1.28596,54.56564],[-1.28611,54.56585],[-1.28607,54.56598],[-1.28496,54.56624],[-1.28461,54.56638],[-1.28411,54.5664],[-1.28393,54.56603],[-1.28393,54.56585],[-1.28401,54.56576],[-1.28522,54.56527],[-1.2853,54.56511],[-1.28513,54.56465]]}},{"type":"Feature","properties":{"NAME":"Shropshire Union (Dee Branch)"},"geometry":{"type":"LineString","coordinates":[[-2.90009,53.19512],[-2.89991,53.19394],[-2.89969,53.19317],[-2.89974,53.19284],[-2.89998,53.19277],[-2.90084,53.19275],[-2.90243,53.19248]]}},{"type":"Feature","properties":{"NAME":"Upper Trent"},"geometry":{"type":"MultiLineString","coordinates":[[[-1.34404,52.86776],[-1.34338,52.86775],[-1.34264,52.86755],[-1.34133,52.86653],[-1.34069,52.86543],[-1.34025,52.86495],[-1.3397,52.86464],[-1.33938,52.86459],[-1.33828,52.86469],[-1.33733,52.86494],[-1.33595,52.86562],[-1.33445,52.86655],[-1.33347,52.86701],[-1.33297,52.86713],[-1.3321,52.86719],[-1.3312,52.86712],[-1.33044,52.86687],[-1.32914,52.86612],[-1.32853,52.86587],[-1.32727,52.86575],[-1.32641,52.86577],[-1.32559,52.86592],[-1.32483,52.86616],[-1.32453,52.86634],[-1.32433,52.86658],[-1.32415,52.86702],[-1.32349,52.86797],[-1.32285,52.86841],[-1.32217,52.86873],[-1.32022,52.86908],[-1.3195,52.86937],[-1.31923,52.86965],[-1.319,52.87024],[-1.3192,52.87092],[-1.31927,52.87218],[-1.31935,52.87256],[-1.3188,52.87296],[-1.31757,52.87329],[-1.31698,52.87339],[-1.316,52.87343],[-1.31046,52.87316],[-1.30927,52.87335],[-1.30799,52.8739],[-1.30585,52.87398],[-1.29986,52.87397],[-1.29812,52.87373],[-1.29675,52.87346],[-1.29475,52.87296],[-1.29265,52.87269]],[[-1.291,52.87245],[-1.29047,52.87235],[-1.289,52.87234],[-1.28733,52.8724],[-1.28615,52.87258],[-1.28535,52.87285],[-1.28428,52.87333],[-1.28088,52.87516],[-1.28035,52.87535],[-1.27915,52.87555],[-1.27618,52.87558],[-1.27439,52.87548],[-1.27089,52.87485]],[[-1.29265,52.87269],[-1.29242,52.87257],[-1.291,52.87245]],[[-1.29265,52.87269],[-1.29235,52.87273],[-1.29157,52.87264],[-1.291,52.87245]],[[-1.27089,52.87485],[-1.26922,52.87388],[-1.2679,52.87336]],[[-1.27089,52.87485],[-1.25607,52.87919],[-1.25518,52.87933],[-1.25454,52.87936],[-1.25084,52.87952],[-1.24949,52.87949],[-1.24828,52.87935],[-1.24588,52.87883],[-1.24471,52.87873],[-1.2425,52.87916],[-1.24045,52.8799],[-1.23982,52.88023],[-1.23941,52.88054],[-1.23892,52.88104],[-1.23843,52.88177],[-1.23836,52.88217],[-1.23861,52.88302],[-1.23944,52.88399],[-1.24038,52.88474],[-1.24085,52.88499],[-1.24425,52.88641],[-1.24508,52.88689],[-1.24573,52.88745],[-1.24603,52.8878],[-1.24621,52.88812],[-1.24637,52.88864],[-1.24638,52.88896],[-1.24636,52.88925],[-1.24619,52.88982],[-1.24604,52.89009],[-1.24576,52.89038],[-1.2451,52.89084],[-1.24342,52.89166],[-1.24148,52.89234],[-1.2408,52.89245],[-1.23941,52.89254],[-1.23621,52.8926],[-1.23476,52.89289],[-1.23292,52.89352],[-1.23102,52.8945],[-1.2301,52.89513],[-1.22924,52.89555],[-1.22788,52.89592],[-1.22662,52.89597],[-1.22336,52.89567],[-1.22225,52.89563],[-1.22097,52.89584],[-1.22037,52.89619],[-1.22,52.89655],[-1.21979,52.89689],[-1.21976,52.89712],[-1.21985,52.89789],[-1.2201,52.8986],[-1.22075,52.89914],[-1.22102,52.89982],[-1.22117,52.90058],[-1.22101,52.9014],[-1.22106,52.90171],[-1.2208,52.90216],[-1.22044,52.90254],[-1.21988,52.90287],[-1.21574,52.90388],[-1.21521,52.9041],[-1.21488,52.90431],[-1.21413,52.90495],[-1.21386,52.90548],[-1.21381,52.90583],[-1.21384,52.90683],[-1.21365,52.90798],[-1.21347,52.90982],[-1.21322,52.91043],[-1.21306,52.91065],[-1.21213,52.91144],[-1.21126,52.91198],[-1.21049,52.91226],[-1.20994,52.9124],[-1.20788,52.91271],[-1.20546,52.91277],[-1.20521,52.91283]]]}},{"type":"Feature","properties":{"NAME":"Wapping Basin"},"geometry":{"type":"MultiLineString","coordinates":[[[-2.98801,53.39853],[-2.98801,53.39852]],[[-2.98801,53.39853],[-2.98826,53.3985],[-2.98871,53.39899],[-2.98883,53.39898]],[[-2.98886,53.3991],[-2.98874,53.39912],[-2.9888,53.39946],[-2.98872,53.39951],[-2.98876,53.39958],[-2.98851,53.39963],[-2.98844,53.39955],[-2.98825,53.39956],[-2.98764,53.39871],[-2.98801,53.39853]],[[-2.98864,53.3996],[-2.98801,53.39853]]]}},{"type":"Feature","properties":{"NAME":"Wapping Dock"},"geometry":{"type":"MultiLineString","coordinates":[[[-2.98801,53.39852],[-2.98723,53.39705],[-2.98651,53.39603]],[[-2.98791,53.39855],[-2.98774,53.39831],[-2.98749,53.39833],[-2.98618,53.39647],[-2.98646,53.39634],[-2.98622,53.39594],[-2.98664,53.39583],[-2.98682,53.39607],[-2.98696,53.39612],[-2.98751,53.396],[-2.98792,53.39664],[-2.9878,53.3967],[-2.98777,53.39681],[-2.98805,53.39714],[-2.9883,53.39719],[-2.98848,53.39744],[-2.98841,53.39745],[-2.98851,53.3976],[-2.98858,53.39759],[-2.98875,53.39783],[-2.98834,53.39795],[-2.98824,53.39802],[-2.98825,53.39811],[-2.98797,53.3982],[-2.98813,53.3985],[-2.98791,53.39855]]]}},{"type":"Feature","properties":{"NAME":"Anson Branch (Walsall Canal)"},"geometry":{"type":"MultiLineString","coordinates":[[[-2.01765,52.58144],[-2.02197,52.57767],[-2.02208,52.57743]],[[-2.01292,52.58582],[-2.01237,52.58606],[-2.01096,52.58724],[-2.00677,52.59126],[-2.00667,52.59148],[-2.00657,52.59202],[-2.00668,52.59321]]]}},{"type":"Feature","properties":{"NAME":"Worcester & Birmingham Canal"},"geometry":{"type":"MultiLineString","coordinates":[[[-2.21961,52.1822],[-2.22007,52.18283],[-2.22049,52.1829],[-2.22096,52.18338]],[[-2.22367,52.18233],[-2.22256,52.18276],[-2.2223,52.18295],[-2.22198,52.183],[-2.22096,52.18338]],[[-2.22096,52.18338],[-2.22067,52.18355],[-2.22043,52.18391],[-2.21757,52.18663],[-2.21745,52.1869],[-2.21712,52.18823],[-2.21678,52.18876],[-2.2145,52.19022],[-2.21372,52.19086],[-2.21349,52.19116],[-2.21335,52.19147],[-2.21325,52.19187],[-2.21325,52.1926],[-2.21356,52.19379],[-2.21422,52.19534],[-2.21443,52.19601],[-2.21461,52.19629],[-2.21509,52.1968],[-2.21523,52.19713],[-2.21537,52.19722],[-2.21568,52.1977],[-2.21663,52.20004],[-2.21727,52.20095],[-2.21768,52.20139],[-2.21884,52.20237],[-2.22083,52.20458],[-2.22125,52.20528],[-2.22132,52.20562],[-2.22119,52.20617],[-2.22088,52.20657],[-2.22033,52.20704],[-2.21691,52.20841],[-2.2125,52.21032],[-2.21183,52.21069],[-2.21079,52.21141],[-2.21,52.21184],[-2.20927,52.21239],[-2.20745,52.21444],[-2.20681,52.2149],[-2.20506,52.21537],[-2.20061,52.21625],[-2.19464,52.2169],[-2.18758,52.21845],[-2.18699,52.2185],[-2.18643,52.21847],[-2.18537,52.21828],[-2.18244,52.21755],[-2.17829,52.21704],[-2.17273,52.21596],[-2.17138,52.21586],[-2.16993,52.21593],[-2.16816,52.21627],[-2.16625,52.21694],[-2.16301,52.21848],[-2.1597,52.21996],[-2.15811,52.2204],[-2.15702,52.22054],[-2.15052,52.22056],[-2.14728,52.22107],[-2.14681,52.22105],[-2.14464,52.2205],[-2.14374,52.22035],[-2.14194,52.22045],[-2.14086,52.2207],[-2.13766,52.222],[-2.13626,52.22248],[-2.13517,52.22266],[-2.13127,52.22309],[-2.12822,52.22377],[-2.1275,52.22404],[-2.12687,52.22436],[-2.12621,52.22499],[-2.12598,52.22554],[-2.12598,52.22609],[-2.12634,52.22736],[-2.12624,52.22782],[-2.1261,52.22805],[-2.12542,52.22869],[-2.12396,52.22983],[-2.12359,52.23023],[-2.12341,52.23052],[-2.12329,52.23232],[-2.12365,52.23457],[-2.12365,52.23511],[-2.12346,52.23577],[-2.12246,52.23799],[-2.12205,52.23952],[-2.12182,52.23988],[-2.12117,52.24056],[-2.11775,52.24378],[-2.11762,52.24409],[-2.11766,52.24449],[-2.11787,52.24487],[-2.12047,52.2487],[-2.12061,52.24885],[-2.12178,52.24962],[-2.12207,52.24995],[-2.12213,52.25021],[-2.1221,52.25045],[-2.12156,52.25215]],[[-2.12157,52.25214],[-2.12054,52.25533],[-2.11918,52.26042],[-2.11896,52.26099]],[[-2.11896,52.26099],[-2.11816,52.26224],[-2.11696,52.26368],[-2.11548,52.26445],[-2.11485,52.26488],[-2.11388,52.26533],[-2.1128,52.26562],[-2.11095,52.2658],[-2.10941,52.26606],[-2.10867,52.26629],[-2.10782,52.26676],[-2.10726,52.26743],[-2.10643,52.26934],[-2.10546,52.2705],[-2.10485,52.27093],[-2.1037,52.27137],[-2.10165,52.27253],[-2.10082,52.27321],[-2.10049,52.27359]],[[-2.10049,52.27359],[-2.09609,52.27893],[-2.09576,52.27957],[-2.09563,52.28112],[-2.09543,52.28155],[-2.0952,52.28185]],[[-2.0952,52.28185],[-2.09459,52.28255],[-2.09405,52.2837],[-2.09375,52.28413],[-2.09162,52.28625],[-2.09133,52.28647],[-2.08939,52.28757],[-2.08848,52.28826],[-2.08816,52.28862],[-2.08794,52.28944]],[[-2.08794,52.28944],[-2.08723,52.29242],[-2.08671,52.29337],[-2.08601,52.29413],[-2.08478,52.29528],[-2.08182,52.29732]],[[-2.08182,52.29732],[-2.08079,52.29803],[-2.08038,52.29823],[-2.07686,52.29952],[-2.07645,52.29977],[-2.07583,52.30028],[-2.07486,52.30075],[-2.07113,52.30183],[-2.06967,52.30206]],[[-2.06967,52.30206],[-2.06767,52.30233],[-2.06561,52.30295],[-2.06248,52.30366],[-2.06066,52.30468],[-2.0595,52.30544],[-2.05914,52.30576],[-2.05881,52.30621],[-2.05849,52.30702]],[[-2.05848,52.30702],[-2.05819,52.30823],[-2.05793,52.30857],[-2.05748,52.30891],[-2.05534,52.31009],[-2.05385,52.31004],[-2.04975,52.30895],[-2.0487,52.30878],[-2.04775,52.3088],[-2.04718,52.30895],[-2.04517,52.30971],[-2.04386,52.31031],[-2.04119,52.3114],[-2.03883,52.31218],[-2.03759,52.31234],[-2.03487,52.3125],[-2.03188,52.31286],[-2.03012,52.31296],[-2.02743,52.31335],[-2.02597,52.31364],[-2.02508,52.3141],[-2.02483,52.3144],[-2.02407,52.31574],[-2.02306,52.31651],[-2.02019,52.31801],[-2.01728,52.31966],[-2.01627,52.32008],[-2.01307,52.32103],[-2.01057,52.32144]],[[-2.01057,52.32144],[-2.0072,52.32203],[-2.00652,52.3222],[-2.00631,52.32233],[-2.00277,52.32684],[-2.00237,52.32799]],[[-2.00237,52.32799],[-2.00219,52.32875],[-2.00209,52.33004],[-2.00193,52.33031],[-2.00166,52.33056],[-2.0012,52.33084],[-2.00053,52.33101],[-1.99967,52.33099],[-1.99822,52.33037],[-1.99718,52.3302],[-1.99665,52.33018],[-1.99591,52.33034],[-1.9951,52.33103],[-1.99469,52.33127],[-1.99288,52.33179]],[[-1.99288,52.33179],[-1.99158,52.33205],[-1.97701,52.33407],[-1.9766,52.33414],[-1.97598,52.3344],[-1.97537,52.33484],[-1.9749,52.3353],[-1.97479,52.33566],[-1.97494,52.33633],[-1.97482,52.33658],[-1.97414,52.33706],[-1.97358,52.33757],[-1.97334,52.33916],[-1.97317,52.33982],[-1.97283,52.34037],[-1.97223,52.34101]],[[-1.97223,52.34101],[-1.97218,52.34124],[-1.97233,52.34198],[-1.97233,52.34228],[-1.97226,52.3425],[-1.97216,52.34268],[-1.97135,52.34342],[-1.97119,52.34374],[-1.9712,52.34389],[-1.97189,52.34452],[-1.97204,52.34475],[-1.97208,52.34494],[-1.97204,52.3453],[-1.97166,52.34565],[-1.97062,52.3463],[-1.96945,52.34689],[-1.96928,52.34703],[-1.96909,52.3474],[-1.96906,52.34776],[-1.96909,52.34803],[-1.9693,52.34835],[-1.96998,52.3487],[-1.9704,52.34904],[-1.97048,52.3492],[-1.97057,52.3499],[-1.9708,52.35031],[-1.97153,52.35081],[-1.97244,52.35111],[-1.97283,52.35132],[-1.97307,52.35156],[-1.9732,52.35195],[-1.9732,52.35215],[-1.97199,52.35375],[-1.97186,52.35463],[-1.97205,52.35534],[-1.97182,52.35576],[-1.9713,52.35599],[-1.96908,52.35592],[-1.96843,52.35623],[-1.96825,52.35657],[-1.96836,52.35694],[-1.96877,52.3574],[-1.96902,52.35786],[-1.9692,52.35829],[-1.9693,52.35906],[-1.96965,52.35952],[-1.96977,52.36002],[-1.9697,52.36066],[-1.96979,52.36112],[-1.97093,52.3621],[-1.97131,52.36237],[-1.97217,52.3627],[-1.97247,52.36306],[-1.9725,52.36329],[-1.97146,52.36547],[-1.97076,52.3661],[-1.96762,52.36844],[-1.96338,52.3715],[-1.96291,52.37174],[-1.96212,52.37189],[-1.95891,52.37183],[-1.95803,52.37194],[-1.95314,52.37338],[-1.95271,52.37355],[-1.95203,52.37396],[-1.95119,52.37483],[-1.95093,52.37521],[-1.95071,52.37575],[-1.95074,52.3768],[-1.95093,52.37816],[-1.95089,52.37839],[-1.95063,52.37876],[-1.92925,52.40174],[-1.92857,52.40225],[-1.92551,52.40405],[-1.92475,52.40463],[-1.92452,52.40487],[-1.92262,52.40757],[-1.92234,52.40814],[-1.92229,52.40867],[-1.92277,52.41189],[-1.92271,52.41258],[-1.92198,52.41399],[-1.92107,52.4155],[-1.92023,52.41629],[-1.91907,52.41705],[-1.91862,52.41754],[-1.91851,52.41792],[-1.91851,52.41848],[-1.91876,52.4192],[-1.91909,52.4199],[-1.91937,52.42017],[-1.91972,52.42033],[-1.92114,52.4207],[-1.9221,52.42122],[-1.92297,52.42185],[-1.92481,52.4235],[-1.92521,52.42394],[-1.92569,52.42506],[-1.92594,52.42596],[-1.92775,52.43111],[-1.92846,52.43289],[-1.9297,52.43561],[-1.93044,52.43637],[-1.93254,52.43811],[-1.93746,52.44237],[-1.93762,52.44282],[-1.9376,52.44453],[-1.93753,52.44473],[-1.93757,52.44497],[-1.93749,52.44955],[-1.93736,52.45008],[-1.93688,52.45071],[-1.93629,52.45118],[-1.93333,52.45291],[-1.93265,52.4534],[-1.93186,52.45405],[-1.92728,52.45824],[-1.92696,52.45876],[-1.92691,52.45907],[-1.92723,52.46005],[-1.92711,52.46046],[-1.92527,52.46396],[-1.92506,52.46421],[-1.92437,52.46461],[-1.91751,52.46668],[-1.91674,52.46696],[-1.91606,52.4673],[-1.9154,52.46784],[-1.91462,52.46879],[-1.91205,52.47156],[-1.91177,52.4719],[-1.9111,52.47301],[-1.91089,52.47324],[-1.90692,52.47549],[-1.90779,52.47607],[-1.90993,52.47724]]]}},{"type":"Feature","properties":{"NAME":"Weston Canal"},"geometry":{"type":"LineString","coordinates":[[-2.75906,53.32997],[-2.75907,53.32961],[-2.75887,53.32913],[-2.75842,53.32847],[-2.75793,53.32793],[-2.75764,53.32737],[-2.75753,53.32547],[-2.75794,53.32453],[-2.75826,53.32401]]}},{"type":"Feature","properties":{"NAME":"Wyrley & Essington Canal"},"geometry":{"type":"MultiLineString","coordinates":[[[-2.11317,52.58515],[-2.11248,52.58536],[-2.11066,52.58619],[-2.10915,52.5866],[-2.10802,52.58705],[-2.10761,52.58732],[-2.10702,52.58792],[-2.10597,52.59008],[-2.10569,52.59041],[-2.10534,52.59067],[-2.10413,52.59135],[-2.10299,52.5918],[-2.102,52.59239],[-2.09996,52.59393],[-2.09387,52.59669],[-2.09268,52.59701],[-2.09124,52.5975],[-2.08943,52.59768],[-2.08841,52.59787],[-2.08808,52.59804],[-2.08792,52.59837],[-2.08773,52.59853],[-2.08544,52.59916],[-2.08453,52.59959],[-2.08338,52.60037],[-2.08264,52.60061],[-2.08089,52.60088],[-2.07808,52.60096],[-2.07751,52.60114],[-2.07733,52.60141],[-2.07744,52.60276],[-2.07767,52.60351],[-2.07796,52.60403],[-2.07817,52.60497],[-2.07818,52.60535],[-2.07798,52.60654],[-2.07776,52.60714],[-2.07744,52.60743],[-2.0763,52.60806],[-2.07447,52.60873],[-2.07172,52.61001],[-2.0702,52.6105],[-2.06994,52.61055],[-2.06951,52.61052],[-2.06848,52.61009],[-2.06698,52.6097],[-2.06632,52.60961],[-2.06534,52.60963],[-2.06383,52.60995],[-2.0632,52.60991],[-2.06266,52.60979],[-2.06224,52.60958],[-2.06141,52.60892],[-2.0595,52.60814],[-2.0585,52.60729],[-2.05761,52.60677],[-2.0565,52.60619],[-2.05421,52.60517],[-2.05336,52.60491],[-2.05191,52.60497],[-2.05161,52.60507],[-2.05077,52.60546],[-2.0498,52.60612],[-2.04925,52.60634],[-2.04848,52.60647],[-2.0475,52.60638],[-2.04674,52.60606],[-2.04635,52.6057],[-2.04626,52.6054],[-2.04648,52.60426],[-2.04632,52.60394],[-2.04611,52.60377],[-2.04549,52.60352],[-2.0419,52.60253]],[[-2.0419,52.60253],[-2.04094,52.60212],[-2.03975,52.60189],[-2.03843,52.60195],[-2.0362,52.60224],[-2.03498,52.6022],[-2.03407,52.60228],[-2.03356,52.60245],[-2.03308,52.60277],[-2.03207,52.60398],[-2.03176,52.60425],[-2.03117,52.60455],[-2.03044,52.60471],[-2.02987,52.60462],[-2.02832,52.60379],[-2.02593,52.60293],[-2.02533,52.60277],[-2.02399,52.6026],[-2.02328,52.60259],[-2.02145,52.60278],[-2.02079,52.60296],[-2.02032,52.6033],[-2.02005,52.60359],[-2.01988,52.60412],[-2.01997,52.60445],[-2.02109,52.60593],[-2.02119,52.60621],[-2.02117,52.60654],[-2.02109,52.60676],[-2.02041,52.60753],[-2.02017,52.60808],[-2.02013,52.6087],[-2.02035,52.60957],[-2.02051,52.60987],[-2.02239,52.61292],[-2.02252,52.61327],[-2.02253,52.61388],[-2.02309,52.6146],[-2.02315,52.61472],[-2.02311,52.61482]],[[-2.0419,52.60253],[-2.04028,52.60478],[-2.04019,52.60482]],[[-2.02311,52.61482],[-2.02276,52.61496],[-2.02227,52.61505],[-2.02155,52.61504],[-2.02099,52.61486],[-2.01866,52.61382],[-2.01795,52.61361],[-2.01763,52.61344],[-2.01673,52.61261],[-2.01624,52.61227],[-2.01357,52.6111],[-2.01323,52.61085],[-2.0126,52.61001],[-2.01221,52.6097],[-2.01094,52.60934],[-2.00942,52.60928],[-2.00856,52.60909],[-2.00821,52.60887],[-2.00768,52.60828],[-2.00729,52.60798],[-2.00559,52.60723],[-2.00532,52.60702],[-2.00419,52.60536],[-2.00409,52.60503],[-2.00404,52.60437],[-2.00395,52.60424],[-2.00356,52.60398],[-2.00153,52.6034],[-2.00122,52.60328],[-2.00097,52.60308],[-2.00087,52.60287],[-2.00066,52.60139],[-1.99929,52.59948],[-1.99884,52.59905],[-1.99786,52.59874],[-1.99728,52.59888],[-1.99665,52.59891],[-1.99455,52.59929],[-1.99219,52.59981],[-1.99061,52.60005],[-1.98984,52.60023],[-1.98867,52.60078],[-1.98849,52.60106],[-1.98848,52.6012],[-1.98866,52.60171],[-1.98865,52.60196],[-1.98843,52.60216],[-1.987,52.60303],[-1.98481,52.60309],[-1.98431,52.60319],[-1.98338,52.6035],[-1.98138,52.60463],[-1.98082,52.60476],[-1.9802,52.60481],[-1.97962,52.60498],[-1.9776,52.60635],[-1.97741,52.60663],[-1.97739,52.60677],[-1.97749,52.60709],[-1.9778,52.60764],[-1.97783,52.60876],[-1.97852,52.6105],[-1.97921,52.6114],[-1.97922,52.61168],[-1.97907,52.61184],[-1.97847,52.61198],[-1.97735,52.61177],[-1.97614,52.61134],[-1.97512,52.61127],[-1.97462,52.61132],[-1.97415,52.61149],[-1.97387,52.6117],[-1.97381,52.61184],[-1.97383,52.61208],[-1.97449,52.61321],[-1.97577,52.61469],[-1.97734,52.61627],[-1.97777,52.61686],[-1.97799,52.61742],[-1.97805,52.61851],[-1.97814,52.6188],[-1.98016,52.62034],[-1.98077,52.6205],[-1.98192,52.62035],[-1.98247,52.62038],[-1.98532,52.62128],[-1.98577,52.62124],[-1.98616,52.62109],[-1.98692,52.62094],[-1.98788,52.62084],[-1.98833,52.62087],[-1.98881,52.62101],[-1.98938,52.6213],[-1.98979,52.62166],[-1.99006,52.62204],[-1.99006,52.62229],[-1.98965,52.62409],[-1.98965,52.62446],[-1.98975,52.62465],[-1.99028,52.62511],[-1.99111,52.62657],[-1.99133,52.62683],[-1.9912,52.62715],[-1.99071,52.62743],[-1.9905,52.62762],[-1.99046,52.62782],[-1.99053,52.62846],[-1.99105,52.62933],[-1.99139,52.6295],[-1.99239,52.62975],[-1.9926,52.62984],[-1.99278,52.63001],[-1.99288,52.63025],[-1.99287,52.63114],[-1.99267,52.6315],[-1.99151,52.63213],[-1.99136,52.63227],[-1.99131,52.6325],[-1.99131,52.63357],[-1.9909,52.63416],[-1.9904,52.63444],[-1.98975,52.63469],[-1.98954,52.63484],[-1.98889,52.63578],[-1.9882,52.63661],[-1.98732,52.63732],[-1.98684,52.63761],[-1.98645,52.63774],[-1.98562,52.6378],[-1.98482,52.63776],[-1.98403,52.63762],[-1.98154,52.63679],[-1.9805,52.63667],[-1.97955,52.63666],[-1.97189,52.63771],[-1.96851,52.63828],[-1.96687,52.63842],[-1.96652,52.6384],[-1.96607,52.63824],[-1.96457,52.63706],[-1.96391,52.63673],[-1.96338,52.63664],[-1.9624,52.63662],[-1.96077,52.63777],[-1.95999,52.63867],[-1.95787,52.64004],[-1.95774,52.64025],[-1.95775,52.64052],[-1.95762,52.64088],[-1.95664,52.64174],[-1.9553,52.64342],[-1.95452,52.64404],[-1.95375,52.64488],[-1.95347,52.64506],[-1.95309,52.64504],[-1.94921,52.64422],[-1.94842,52.64422],[-1.94787,52.64432],[-1.94728,52.64455],[-1.94511,52.64553],[-1.94474,52.64556],[-1.94448,52.64548],[-1.94376,52.64478],[-1.94304,52.64439],[-1.94246,52.64425],[-1.94162,52.64423],[-1.94107,52.64433],[-1.94044,52.64461],[-1.94009,52.64469],[-1.9389,52.64465],[-1.93846,52.64472],[-1.93567,52.64587],[-1.9353,52.64597],[-1.93503,52.64597],[-1.93457,52.64583],[-1.93414,52.64545],[-1.93335,52.64457],[-1.93295,52.64432],[-1.92889,52.64216],[-1.92828,52.64162],[-1.9278,52.64109],[-1.92686,52.64092],[-1.9253,52.64093],[-1.92464,52.64103],[-1.92401,52.64119],[-1.92323,52.64156],[-1.92163,52.6425],[-1.92115,52.643],[-1.92099,52.64345],[-1.92084,52.64425],[-1.92074,52.64589],[-1.92063,52.64651],[-1.92038,52.64721],[-1.91974,52.64827],[-1.91944,52.64907],[-1.91909,52.64955],[-1.91888,52.64973],[-1.91765,52.65031],[-1.9163,52.65153],[-1.91584,52.6517]],[[-2.0252,52.61651],[-2.02502,52.61653],[-2.02397,52.61541],[-2.02311,52.61482]],[[-1.91584,52.6517],[-1.91506,52.65187]],[[-1.91584,52.6517],[-1.91587,52.65185],[-1.91622,52.65224]]]}},{"type":"Feature","properties":{"NAME":"Wyrley & Essington Cnl (Coventry)"},"geometry":{"type":"LineString","coordinates":[[-1.77706,52.68335],[-1.77756,52.68307],[-1.77888,52.68206],[-1.7805,52.68103],[-1.78107,52.68074],[-1.7816,52.68061],[-1.78209,52.68039],[-1.78264,52.68006]]}},{"type":"Feature","properties":{"NAME":"Engine Arm"},"geometry":{"type":"LineString","coordinates":[[-1.95695,52.49671],[-1.96309,52.49832],[-1.96365,52.4983],[-1.96622,52.49761],[-1.96674,52.49828]]}},{"type":"Feature","properties":{"NAME":"River Witham"},"geometry":{"type":"LineString","coordinates":[[-0.54066,53.22852],[-0.53886,53.22841],[-0.53589,53.22808],[-0.53227,53.22816],[-0.53031,53.22788],[-0.52789,53.22737],[-0.52474,53.22687],[-0.52397,53.22685],[-0.52259,53.22703],[-0.52052,53.22743],[-0.5181,53.22772],[-0.51639,53.22775],[-0.50654,53.22619],[-0.50404,53.2259],[-0.4948,53.22525],[-0.49197,53.22518],[-0.48817,53.22529],[-0.48095,53.22612],[-0.476,53.22707],[-0.47475,53.22723],[-0.46409,53.22719],[-0.46162,53.22728],[-0.45117,53.22859],[-0.44697,53.2294],[-0.44546,53.22961],[-0.43213,53.23046],[-0.41918,53.23025],[-0.41371,53.23007],[-0.40541,53.23063],[-0.4017,53.2305],[-0.399,53.23054],[-0.38115,53.23189],[-0.38057,53.23178],[-0.37927,53.23138],[-0.37825,53.23081],[-0.37374,53.22756],[-0.37027,53.22589],[-0.35779,53.22024],[-0.35084,53.21701],[-0.34877,53.21607],[-0.34724,53.21546],[-0.34697,53.21507],[-0.34681,53.21465],[-0.34627,53.21424],[-0.3442,53.21331],[-0.3423,53.21232],[-0.33985,53.21066],[-0.33703,53.20861],[-0.33677,53.20825],[-0.33675,53.20757],[-0.33751,53.20407],[-0.33753,53.20341],[-0.33709,53.20293],[-0.33583,53.20229],[-0.33454,53.20204],[-0.33266,53.20185],[-0.33119,53.2016],[-0.33015,53.2012],[-0.32552,53.19546],[-0.32541,53.19503],[-0.3254,53.19144],[-0.32527,53.19069],[-0.32423,53.1895],[-0.32285,53.18826],[-0.31942,53.18488],[-0.31852,53.18439],[-0.31678,53.18384],[-0.31136,53.18237],[-0.30943,53.18194],[-0.30049,53.1818],[-0.29803,53.18155],[-0.29606,53.18118],[-0.2937,53.18056],[-0.28426,53.17762],[-0.28177,53.17663],[-0.27789,53.17469],[-0.27547,53.17337],[-0.27307,53.17158],[-0.27251,53.17124],[-0.27151,53.17039],[-0.26916,53.1687],[-0.26883,53.16837],[-0.26815,53.16721],[-0.26733,53.16602],[-0.26709,53.1658],[-0.26569,53.16486],[-0.26519,53.16433],[-0.26463,53.16317],[-0.26439,53.16245],[-0.26403,53.16194],[-0.26379,53.1617],[-0.25984,53.1587],[-0.25733,53.157],[-0.25676,53.15668],[-0.25593,53.15637],[-0.25402,53.15601],[-0.25327,53.15574],[-0.25293,53.1554],[-0.25278,53.15512],[-0.25262,53.15449],[-0.2524,53.15305],[-0.25216,53.15251],[-0.25199,53.15228],[-0.2508,53.15115],[-0.24953,53.15006],[-0.24676,53.14808],[-0.24602,53.14738],[-0.24556,53.14675],[-0.24498,53.1456],[-0.24455,53.14493],[-0.24125,53.14064],[-0.23966,53.13822],[-0.23897,53.13604],[-0.23884,53.13544],[-0.23873,53.1342],[-0.23849,53.13374],[-0.23803,53.13333],[-0.23692,53.13269],[-0.23637,53.13249],[-0.23496,53.13214],[-0.23434,53.13185],[-0.23356,53.13137],[-0.23319,53.13109],[-0.2318,53.12964],[-0.22912,53.1276],[-0.22775,53.12633],[-0.22589,53.12445],[-0.22526,53.12214],[-0.22538,53.12152],[-0.22558,53.12113],[-0.2259,53.12067],[-0.22632,53.12022],[-0.22654,53.11979],[-0.22658,53.11955],[-0.22647,53.11891],[-0.22632,53.11668],[-0.2261,53.11605],[-0.2259,53.11574],[-0.22564,53.1155],[-0.22415,53.1148],[-0.22367,53.1145],[-0.22341,53.11424],[-0.22304,53.11315],[-0.22305,53.1129],[-0.22332,53.11249],[-0.22449,53.11183],[-0.22489,53.11138],[-0.2249,53.11115],[-0.2246,53.1092],[-0.22418,53.10865],[-0.22202,53.10684],[-0.21973,53.10564],[-0.21914,53.10516],[-0.21903,53.10491],[-0.21908,53.10459],[-0.21931,53.10423],[-0.22059,53.10301],[-0.22077,53.10253],[-0.22056,53.1011],[-0.22035,53.10032],[-0.21909,53.09764],[-0.21936,53.09654],[-0.21935,53.09629],[-0.21927,53.09609],[-0.21894,53.09568],[-0.21739,53.09446],[-0.21696,53.09404],[-0.2163,53.09258],[-0.21497,53.09044],[-0.21442,53.08943],[-0.21384,53.08905],[-0.21146,53.08839],[-0.21083,53.08816],[-0.20975,53.08735],[-0.20916,53.08699],[-0.20646,53.08616],[-0.2051,53.08584],[-0.20168,53.08571],[-0.20067,53.08548],[-0.19926,53.08493],[-0.19801,53.08431],[-0.19691,53.08361],[-0.19642,53.08311],[-0.19558,53.08177],[-0.19551,53.08149],[-0.19566,53.08119],[-0.19688,53.07972],[-0.19859,53.07802],[-0.19877,53.07761],[-0.1987,53.07703],[-0.19859,53.07676],[-0.19844,53.07646],[-0.19788,53.07577],[-0.19754,53.07494],[-0.19636,53.07],[-0.19565,53.06884],[-0.19281,53.06586],[-0.1896,53.06302],[-0.16639,53.05118],[-0.16432,53.05011],[-0.16388,53.04981],[-0.14014,53.03169],[-0.13664,53.0289],[-0.11858,53.01215],[-0.11724,53.01122],[-0.11544,53.01048],[-0.11387,53.01004],[-0.0644,53.00823],[-0.06327,53.00803],[-0.06259,53.00781],[-0.0618,53.0074],[-0.04857,52.99473],[-0.04561,52.99245],[-0.03544,52.98534],[-0.03187,52.98293],[-0.02956,52.98167]]}},{"type":"Feature","properties":{"NAME":"Walsall Town Arm (Walsall Canal)"},"geometry":{"type":"LineString","coordinates":[[-1.99279,52.58471],[-1.99219,52.58518],[-1.99144,52.58557],[-1.9895,52.58563],[-1.9863,52.58558]]}},{"type":"Feature","properties":{"NAME":"Waterworks River"},"geometry":{"type":"LineString","coordinates":[[-0.0086,51.53362],[-0.00826,51.53396],[-0.00745,51.53446],[-0.00735,51.53459],[-0.00728,51.5349],[-0.00739,51.53525],[-0.00751,51.53542],[-0.00831,51.53631],[-0.00923,51.53695],[-0.01041,51.53764],[-0.01127,51.53917],[-0.01248,51.54041],[-0.01519,51.542],[-0.01619,51.54243]]}},{"type":"Feature","properties":{"NAME":"Willenhall Branch (Walsall Canal)"},"geometry":{"type":"LineString","coordinates":[[-2.05321,52.56902],[-2.05285,52.56892]]}},{"type":"Feature","properties":{"NAME":"Frodsham Cut (Weaver Navigation)"},"geometry":{"type":"LineString","coordinates":[[-2.6862,53.2955],[-2.68675,53.29566],[-2.68954,53.2972],[-2.69084,53.29779],[-2.69237,53.29822],[-2.69267,53.29836],[-2.6931,53.29836],[-2.69654,53.29899]]}},{"type":"Feature","properties":{"NAME":"Weaver Navigation"},"geometry":{"type":"MultiLineString","coordinates":[[[-2.5403,53.22831],[-2.53999,53.22766],[-2.53907,53.2269],[-2.5377,53.22606],[-2.53532,53.22491],[-2.53343,53.22364],[-2.53288,53.2232],[-2.53215,53.22254],[-2.52556,53.21565],[-2.52415,53.21481],[-2.52385,53.21454],[-2.52353,53.21438],[-2.52283,53.21384],[-2.52211,53.21344],[-2.5216,53.21304],[-2.52121,53.21243],[-2.52114,53.21152],[-2.52101,53.21115],[-2.52079,53.21094],[-2.51929,53.2099],[-2.51846,53.20947],[-2.51785,53.20907],[-2.51737,53.20867],[-2.5172,53.20837],[-2.51718,53.20809],[-2.51718,53.20793],[-2.51736,53.20768],[-2.51775,53.20743],[-2.51871,53.20713],[-2.51951,53.20677],[-2.51961,53.20638],[-2.52007,53.20536],[-2.52014,53.20508],[-2.51933,53.20343],[-2.51899,53.2031],[-2.51855,53.20281],[-2.51775,53.20243],[-2.5175,53.20217],[-2.51736,53.20188],[-2.51734,53.20154],[-2.51739,53.20141],[-2.51856,53.20107],[-2.51968,53.2009],[-2.52135,53.19979],[-2.52146,53.19945],[-2.52139,53.19844],[-2.52143,53.19766],[-2.52136,53.19736],[-2.51894,53.19596],[-2.51826,53.19549],[-2.51809,53.19506],[-2.51781,53.19462],[-2.51721,53.19314]],[[-2.5403,53.22831],[-2.54046,53.22853],[-2.54035,53.22947],[-2.54012,53.22966]],[[-2.5403,53.22831],[-2.54013,53.22855],[-2.54004,53.22921],[-2.54002,53.22945],[-2.54012,53.22966]],[[-2.54012,53.22966],[-2.53984,53.23026],[-2.5396,53.23059],[-2.53893,53.23098],[-2.53715,53.23162],[-2.53453,53.23423],[-2.53147,53.23702],[-2.53038,53.23768],[-2.52779,53.23946],[-2.5268,53.24026],[-2.52523,53.24245],[-2.52479,53.24344],[-2.52378,53.24479],[-2.52331,53.24567],[-2.52317,53.24608],[-2.5223,53.24745],[-2.51803,53.25156]],[[-2.51803,53.25156],[-2.51798,53.25186],[-2.51696,53.25331]],[[-2.51803,53.25156],[-2.51768,53.25177],[-2.51699,53.25276],[-2.51696,53.25331]],[[-2.54632,53.26488],[-2.54613,53.26531],[-2.54619,53.26616],[-2.54613,53.26638],[-2.54603,53.26657],[-2.54578,53.26678],[-2.54536,53.26701],[-2.54213,53.26815],[-2.54106,53.26867],[-2.54049,53.26903],[-2.54012,53.2694],[-2.53972,53.26996],[-2.53905,53.27043],[-2.53751,53.27099],[-2.53557,53.2714],[-2.53384,53.27159],[-2.53278,53.27146],[-2.53197,53.27152],[-2.5312,53.27161],[-2.53068,53.27177]],[[-2.56063,53.27144],[-2.55993,53.27126],[-2.55954,53.27105],[-2.55866,53.27005],[-2.55838,53.26927],[-2.55831,53.2689],[-2.55823,53.26826],[-2.55818,53.26653],[-2.55785,53.26514],[-2.55733,53.2642],[-2.55687,53.26359],[-2.55628,53.26307],[-2.55562,53.2626],[-2.55435,53.26207],[-2.5532,53.26179],[-2.5517,53.2616],[-2.55097,53.26166],[-2.55026,53.2618],[-2.54934,53.26223],[-2.54897,53.26251],[-2.54737,53.26378],[-2.54631,53.26488]],[[-2.56063,53.27144],[-2.56151,53.27171],[-2.56298,53.27203],[-2.56364,53.27203],[-2.56145,53.27149],[-2.56063,53.27144]],[[-2.53068,53.27177],[-2.52954,53.27244],[-2.52909,53.27263],[-2.52845,53.27269],[-2.52758,53.27259],[-2.52698,53.27244],[-2.52656,53.27224],[-2.52629,53.27201],[-2.52583,53.27131],[-2.52551,53.27095],[-2.52483,53.27034],[-2.52408,53.26983],[-2.52304,53.26931],[-2.52215,53.26919],[-2.52133,53.26939],[-2.52083,53.26963],[-2.52006,53.26987],[-2.51935,53.26994],[-2.51877,53.26988],[-2.51846,53.26974],[-2.51733,53.26863],[-2.51526,53.26735],[-2.51477,53.26677],[-2.51451,53.26639],[-2.51416,53.26559],[-2.5141,53.26537],[-2.51412,53.26474],[-2.515,53.2636],[-2.51575,53.26244],[-2.51576,53.26123],[-2.51593,53.26051],[-2.51598,53.25995],[-2.51571,53.25947],[-2.51571,53.25915],[-2.51581,53.25884],[-2.51643,53.25799],[-2.51646,53.25782],[-2.51635,53.25672],[-2.51696,53.25331]],[[-2.53062,53.27267],[-2.53079,53.27223],[-2.53068,53.27177]],[[-2.5982,53.27675],[-2.59814,53.27659],[-2.59774,53.27617],[-2.59737,53.27591],[-2.59634,53.27541],[-2.59581,53.27503],[-2.59558,53.27477],[-2.59498,53.27341],[-2.59472,53.27314],[-2.59389,53.2726],[-2.59307,53.27217],[-2.5919,53.27183],[-2.59034,53.27167],[-2.58921,53.27141],[-2.58763,53.27147],[-2.58475,53.27233],[-2.58094,53.27293],[-2.58039,53.27296],[-2.57948,53.27281],[-2.57879,53.27277],[-2.57706,53.27294],[-2.57616,53.27294],[-2.57473,53.27256],[-2.57356,53.27209],[-2.57288,53.27196],[-2.57125,53.27189],[-2.56974,53.27162],[-2.56932,53.2716],[-2.56878,53.27168],[-2.56812,53.27187],[-2.5656,53.27202],[-2.56364,53.27203]],[[-2.5982,53.27675],[-2.59906,53.27727],[-2.59971,53.27755],[-2.60002,53.2778],[-2.60015,53.27817],[-2.60023,53.27889],[-2.60031,53.27906]],[[-2.61103,53.28374],[-2.61055,53.2825],[-2.61025,53.28213],[-2.60972,53.28168],[-2.6091,53.28139],[-2.60819,53.28121],[-2.60587,53.28117],[-2.60416,53.28102],[-2.6023,53.28066],[-2.60101,53.2803],[-2.5998,53.27963],[-2.59883,53.27859],[-2.59855,53.2782],[-2.5982,53.27675]],[[-2.62272,53.28724],[-2.62259,53.28739],[-2.62134,53.28788],[-2.62103,53.28791]],[[-2.62272,53.28724],[-2.62228,53.28731],[-2.62123,53.28771],[-2.62103,53.28791]],[[-2.62103,53.28791],[-2.62004,53.28806],[-2.61691,53.28788],[-2.61535,53.28725],[-2.61413,53.28665],[-2.613,53.2862],[-2.612,53.28558],[-2.61178,53.28538],[-2.61149,53.28495],[-2.61103,53.28372]],[[-2.74219,53.31274],[-2.7408,53.3125],[-2.73777,53.31217],[-2.73446,53.31206],[-2.73369,53.31213],[-2.73066,53.3127],[-2.72888,53.31297],[-2.7247,53.31309],[-2.72408,53.31304],[-2.71606,53.31172],[-2.71299,53.31088],[-2.70748,53.30924],[-2.70596,53.30845],[-2.70228,53.30637],[-2.70148,53.30602],[-2.70105,53.30571],[-2.69914,53.30472],[-2.69866,53.30441],[-2.69596,53.30377],[-2.69459,53.3037],[-2.69384,53.30356],[-2.69276,53.30317],[-2.69081,53.30203],[-2.69029,53.3012],[-2.68783,53.29999],[-2.6868,53.29781],[-2.68651,53.29631],[-2.6862,53.2955],[-2.68535,53.29463],[-2.68433,53.29328],[-2.68365,53.29219],[-2.68273,53.29105],[-2.68223,53.29076],[-2.68123,53.29048],[-2.67926,53.29032],[-2.67743,53.29005],[-2.67399,53.28905],[-2.67328,53.28876],[-2.67274,53.28838],[-2.67264,53.2882],[-2.67262,53.28677],[-2.67274,53.28603],[-2.67273,53.28547],[-2.67259,53.28471],[-2.67198,53.28402],[-2.67151,53.28374],[-2.6697,53.28312],[-2.66733,53.28249],[-2.66653,53.2824],[-2.66547,53.28252],[-2.66458,53.28297],[-2.66267,53.28425],[-2.66165,53.2848],[-2.66059,53.28558],[-2.65894,53.28652],[-2.65811,53.2868],[-2.65718,53.28688],[-2.65058,53.28656],[-2.64878,53.28636],[-2.64794,53.28611],[-2.64719,53.28573],[-2.64698,53.28555],[-2.64524,53.28328],[-2.6449,53.28302],[-2.64463,53.2829],[-2.64099,53.28206],[-2.63995,53.2819],[-2.63956,53.28175],[-2.63911,53.28169],[-2.63833,53.28173],[-2.6307,53.28264],[-2.62974,53.28277],[-2.6289,53.28296],[-2.62778,53.28341],[-2.62618,53.28447],[-2.62547,53.285],[-2.6252,53.2853],[-2.62497,53.28578],[-2.62464,53.28614],[-2.62404,53.28662],[-2.62272,53.28724]],[[-2.74424,53.31294],[-2.74219,53.31274]],[[-2.76035,53.33109],[-2.76048,53.32951],[-2.76067,53.3285],[-2.76069,53.3281],[-2.76062,53.32784],[-2.76061,53.32738],[-2.75882,53.32471],[-2.75726,53.3228],[-2.75706,53.32223],[-2.75643,53.3215],[-2.7534,53.31878],[-2.75164,53.31755],[-2.74985,53.31653],[-2.74707,53.31524],[-2.74219,53.31274]]]}},{"type":"Feature","properties":{"NAME":"Ocker Hill Tunnel Branch (Walsall)"},"geometry":{"type":"LineString","coordinates":[[-2.03561,52.53939],[-2.03588,52.53944],[-2.03661,52.53979],[-2.03753,52.54051],[-2.03824,52.54134],[-2.03879,52.54166]]}},{"type":"Feature","properties":{"NAME":"Dudley Tunnel Branch"},"geometry":{"type":"MultiLineString","coordinates":[[[-2.10038,52.50123],[-2.08189,52.52225],[-2.08178,52.52249],[-2.07906,52.52319],[-2.0768,52.52363]],[[-2.07815,52.52272],[-2.07561,52.52311],[-2.07539,52.52325],[-2.07543,52.52333],[-2.07653,52.52352],[-2.0768,52.52363]],[[-2.0768,52.52363],[-2.07552,52.52389],[-2.07519,52.52407],[-2.07475,52.52449],[-2.07436,52.52474],[-2.07268,52.52519]]]}},{"type":"Feature","properties":{"NAME":"Walsall Canal"},"geometry":{"type":"MultiLineString","coordinates":[[[-2.02209,52.52277],[-2.03331,52.53187],[-2.0338,52.53235],[-2.03379,52.53251],[-2.03511,52.53612],[-2.03536,52.53717],[-2.03556,52.53749],[-2.03582,52.53818],[-2.03575,52.53883],[-2.03557,52.53927],[-2.03558,52.53973],[-2.03534,52.54097],[-2.03511,52.54184],[-2.03486,52.54214],[-2.03388,52.54303],[-2.03368,52.54335],[-2.03372,52.54473],[-2.03382,52.54521],[-2.0339,52.54618],[-2.03408,52.54656],[-2.03681,52.54934]],[[-2.03469,52.54923],[-2.03652,52.54941],[-2.03681,52.54934]],[[-2.03681,52.54934],[-2.0374,52.54999],[-2.03765,52.55104],[-2.03795,52.55154],[-2.03908,52.55265],[-2.04027,52.55369],[-2.04213,52.55488],[-2.04482,52.55636],[-2.04654,52.55714],[-2.04687,52.55732],[-2.04716,52.55758],[-2.04732,52.55783],[-2.04769,52.55962],[-2.04783,52.55987],[-2.04855,52.56046],[-2.05253,52.56409],[-2.05327,52.56498],[-2.05354,52.56549],[-2.05364,52.56598],[-2.05318,52.56832],[-2.05251,52.56945],[-2.05146,52.57079],[-2.05119,52.57112],[-2.05043,52.57181],[-2.04461,52.57601],[-2.04193,52.57714],[-2.0365,52.57922],[-2.03569,52.57945],[-2.03486,52.57949],[-2.03402,52.57934],[-2.03027,52.57723],[-2.02947,52.57691],[-2.02802,52.5766],[-2.02666,52.57651],[-2.02493,52.57663],[-2.02414,52.5768],[-2.01986,52.57807],[-2.01903,52.57813],[-2.01424,52.57779],[-2.01348,52.57767],[-2.01277,52.5774],[-2.01136,52.57656],[-2.0102,52.57612],[-2.00621,52.57555],[-2.00541,52.57535],[-2.00408,52.57516],[-2.00361,52.57519],[-2.00327,52.57529],[-2.00197,52.57622],[-1.99891,52.57699],[-1.99764,52.57739],[-1.99696,52.57773],[-1.99566,52.57877],[-1.99514,52.57939],[-1.99479,52.58003],[-1.99421,52.58143],[-1.99351,52.5829],[-1.99318,52.58383],[-1.99301,52.58404],[-1.99279,52.58471],[-1.99286,52.58548],[-1.99392,52.58853],[-1.99406,52.58921],[-1.99376,52.59085],[-1.99379,52.59101],[-1.99369,52.59137],[-1.99354,52.59267],[-1.99331,52.59367],[-1.99334,52.59379],[-1.99511,52.59523],[-1.99634,52.59637],[-1.99664,52.59677],[-1.99712,52.5977],[-1.99768,52.59838],[-1.99786,52.59874]]]}},{"type":"Feature","properties":{"NAME":"Witton Brook (Weaver Navigation)"},"geometry":{"type":"LineString","coordinates":[[-2.51877,53.26988],[-2.51807,53.27016],[-2.51613,53.27041],[-2.51547,53.2706],[-2.51439,53.27116],[-2.51303,53.2721],[-2.51197,53.27264],[-2.51141,53.27278],[-2.51008,53.27298],[-2.50991,53.27296],[-2.50891,53.27249],[-2.50829,53.27207],[-2.50811,53.27185],[-2.50803,53.2716],[-2.50763,53.27099],[-2.50735,53.2699],[-2.50743,53.26959],[-2.50767,53.26911],[-2.50765,53.26891],[-2.5076,53.26875],[-2.50714,53.26821],[-2.50686,53.26764]]}},{"type":"Feature","properties":{"NAME":"Old Main Line"},"geometry":{"type":"LineString","coordinates":[[-2.14522,52.60786],[-2.14384,52.60772],[-2.14348,52.6076],[-2.14319,52.60741],[-2.14273,52.6067],[-2.14117,52.60601],[-2.13996,52.60525],[-2.13842,52.6044],[-2.13393,52.6033],[-2.13025,52.60231],[-2.12927,52.60212],[-2.12865,52.60193],[-2.12811,52.60159],[-2.12719,52.60064],[-2.12614,52.59985],[-2.12518,52.59877],[-2.12363,52.59752],[-2.12336,52.59718],[-2.12272,52.59504],[-2.12265,52.59396],[-2.12269,52.59362],[-2.12305,52.59307],[-2.12351,52.59252],[-2.12352,52.59238],[-2.12322,52.5916],[-2.12247,52.59023],[-2.12243,52.59002],[-2.12249,52.58936],[-2.12256,52.58895],[-2.12272,52.58867],[-2.12271,52.58858],[-2.12243,52.58823],[-2.12218,52.58811],[-2.1215,52.58724],[-2.12011,52.5864],[-2.11963,52.5863],[-2.11861,52.58622],[-2.11795,52.58607],[-2.11548,52.58606],[-2.11477,52.58575],[-2.11327,52.58525],[-2.11313,52.58511],[-2.11302,52.58485],[-2.11309,52.58441],[-2.11377,52.58339],[-2.11376,52.58305],[-2.11347,52.58206],[-2.11334,52.58131],[-2.11313,52.58104],[-2.11246,52.58054],[-2.11225,52.58021],[-2.1123,52.58],[-2.11258,52.57958],[-2.11258,52.57946],[-2.11248,52.57931],[-2.11083,52.57815],[-2.11011,52.57735],[-2.1093,52.57678],[-2.10896,52.57634],[-2.10889,52.57612],[-2.10897,52.57581],[-2.10961,52.5749],[-2.10959,52.57472],[-2.10944,52.57448],[-2.10914,52.57426],[-2.108,52.57402],[-2.10759,52.57384],[-2.10686,52.57319],[-2.10679,52.57306],[-2.10676,52.5723],[-2.10663,52.57214],[-2.10613,52.57185],[-2.10465,52.57129],[-2.10396,52.57079],[-2.10261,52.5684],[-2.10239,52.5682],[-2.10179,52.56796],[-2.10108,52.56787],[-2.10007,52.5674],[-2.09812,52.56695],[-2.09679,52.56616],[-2.0957,52.56573],[-2.09501,52.56558],[-2.09386,52.56552],[-2.0933,52.56543],[-2.09294,52.5653],[-2.09272,52.56513],[-2.09264,52.56469],[-2.09292,52.56379],[-2.09372,52.56221],[-2.09404,52.56184],[-2.09475,52.56126],[-2.09554,52.56112],[-2.09679,52.5612],[-2.09744,52.56097],[-2.09763,52.56082],[-2.09821,52.55993],[-2.09825,52.55959],[-2.09804,52.55937],[-2.09647,52.55823],[-2.09542,52.55776],[-2.09403,52.5573],[-2.0937,52.55711],[-2.09237,52.55583],[-2.09202,52.55504],[-2.09074,52.55395],[-2.0906,52.55359],[-2.09056,52.55279],[-2.09035,52.55242],[-2.09005,52.55132],[-2.08966,52.54946],[-2.08922,52.54782],[-2.08909,52.5469],[-2.08898,52.5467],[-2.08863,52.54532],[-2.08813,52.54382],[-2.08584,52.5405],[-2.08489,52.53959],[-2.08342,52.53832],[-2.08166,52.5361],[-2.08125,52.53568],[-2.08102,52.53554],[-2.08002,52.5353],[-2.07959,52.53511],[-2.07889,52.53358],[-2.07872,52.53334],[-2.07839,52.53305],[-2.07749,52.53273],[-2.0753,52.53222],[-2.07462,52.532],[-2.07458,52.5317],[-2.07471,52.5309],[-2.07396,52.52985],[-2.07337,52.52953],[-2.07078,52.5291],[-2.07046,52.52897],[-2.07033,52.52883],[-2.07019,52.52788],[-2.07021,52.52755],[-2.0714,52.52612],[-2.07252,52.52545],[-2.0727,52.52512],[-2.07236,52.52472],[-2.07159,52.52414],[-2.07071,52.52379],[-2.06984,52.52362],[-2.06912,52.5234],[-2.06724,52.52252],[-2.0627,52.52143],[-2.05981,52.51995],[-2.05937,52.5198],[-2.0588,52.51973],[-2.05764,52.51978],[-2.05676,52.51964],[-2.05489,52.51893],[-2.05454,52.51868],[-2.05377,52.51778],[-2.05247,52.5171],[-2.0509,52.51669],[-2.04946,52.51666],[-2.04884,52.51654],[-2.04658,52.51577],[-2.04498,52.5149],[-2.04253,52.5144],[-2.04162,52.51409],[-2.04075,52.51363],[-2.03904,52.51321],[-2.03709,52.51222],[-2.03547,52.51165],[-2.03432,52.51095],[-2.03311,52.51049],[-2.03237,52.51009],[-2.03195,52.50994],[-2.0303,52.50885],[-2.02805,52.50756],[-2.02689,52.50674],[-2.0253,52.5051],[-2.02481,52.50471],[-2.02188,52.50298],[-2.0188,52.50086],[-2.01762,52.5003],[-2.01756,52.50022],[-2.01616,52.49977],[-2.01457,52.49951],[-2.0137,52.49951],[-2.01323,52.49962],[-2.01197,52.5002],[-2.01087,52.50046],[-2.01043,52.50067],[-2.00929,52.50156],[-2.0079,52.50241],[-2.00763,52.50297],[-2.00745,52.50319],[-2.00565,52.50427],[-2.00513,52.50441],[-2.00482,52.50441],[-2.00272,52.50426],[-2.0014,52.50473],[-2.00075,52.50513],[-2.00029,52.5053],[-1.99833,52.50545],[-1.99771,52.50565],[-1.99672,52.50631],[-1.99497,52.50665],[-1.99273,52.50646],[-1.99096,52.50612],[-1.99034,52.50608],[-1.98968,52.50611],[-1.98783,52.50641],[-1.98643,52.5064],[-1.98354,52.50591],[-1.98212,52.50549],[-1.98129,52.50509],[-1.9805,52.50461],[-1.97622,52.50138],[-1.97569,52.50076],[-1.97499,52.4997],[-1.97403,52.4989],[-1.97235,52.49794],[-1.97152,52.49771],[-1.96983,52.49765],[-1.96818,52.4978],[-1.96768,52.49792],[-1.96668,52.49831],[-1.96599,52.49848],[-1.96268,52.49971],[-1.96147,52.49973],[-1.96013,52.4995],[-1.95937,52.49919],[-1.95863,52.49878]]}},{"type":"Feature","properties":{"NAME":"Bradley Arm (Old Main Line)"},"geometry":{"type":"LineString","coordinates":[[-2.09056,52.55279],[-2.08964,52.55269],[-2.08892,52.55252],[-2.08787,52.55217],[-2.08686,52.5517],[-2.08663,52.55165],[-2.08617,52.55173],[-2.0859,52.55185],[-2.08538,52.55258],[-2.08521,52.55272],[-2.08495,52.55281],[-2.08442,52.55284],[-2.08257,52.55245],[-2.08219,52.55252],[-2.08177,52.55275],[-2.08143,52.5531],[-2.0814,52.55333],[-2.08154,52.55403],[-2.08129,52.55469],[-2.08133,52.55525],[-2.08107,52.55614],[-2.08095,52.5564],[-2.08067,52.55674],[-2.08016,52.55699],[-2.07938,52.55711],[-2.07634,52.55688],[-2.0758,52.55691],[-2.07539,52.55706],[-2.07502,52.55733],[-2.07467,52.55831],[-2.07415,52.55885],[-2.07373,52.55909],[-2.0727,52.55961],[-2.07222,52.55976],[-2.07109,52.55999],[-2.06972,52.56013],[-2.06839,52.56004],[-2.06749,52.55977],[-2.06645,52.55904],[-2.06533,52.55797],[-2.06527,52.55767],[-2.06529,52.55705],[-2.06611,52.55383],[-2.06587,52.55317]]}},{"type":"Feature","properties":{"NAME":"Cannock Extension Canal"},"geometry":{"type":"LineString","coordinates":[[-1.97254,52.63763],[-1.97266,52.63798],[-1.97262,52.63925],[-1.97254,52.63996],[-1.97177,52.65623],[-1.97154,52.65977]]}},{"type":"Feature","properties":{"NAME":"River Walk and Wall"},"geometry":{"type":"LineString","coordinates":[[-2.99499,53.4016],[-2.99515,53.40098],[-2.99338,53.39837],[-2.99313,53.39829],[-2.99305,53.3982],[-2.99311,53.39812],[-2.99308,53.39791],[-2.98885,53.39158],[-2.98809,53.39112],[-2.98794,53.39082],[-2.98817,53.39038],[-2.98813,53.39022],[-2.98682,53.39034],[-2.98675,53.39007],[-2.98765,53.38993],[-2.98778,53.39007],[-2.98799,53.39002],[-2.9875,53.38927],[-2.98722,53.38915],[-2.98696,53.38883],[-2.98653,53.38861],[-2.98626,53.38855],[-2.98628,53.38848],[-2.98645,53.38841],[-2.98649,53.38822],[-2.98502,53.38653],[-2.98477,53.38639],[-2.98456,53.38637],[-2.98444,53.38645],[-2.98434,53.38683],[-2.98399,53.3868],[-2.98414,53.38608],[-2.98398,53.38596],[-2.98388,53.38601],[-2.98387,53.38609],[-2.98341,53.38606],[-2.98343,53.38545],[-2.98327,53.38501],[-2.98308,53.38471],[-2.9804,53.38249],[-2.97799,53.38074],[-2.97466,53.37873],[-2.97412,53.37866],[-2.97342,53.37879],[-2.97328,53.37851],[-2.97361,53.37849],[-2.97376,53.37842],[-2.97382,53.37829],[-2.97374,53.37818],[-2.97336,53.37814],[-2.97318,53.37823],[-2.97316,53.37833],[-2.97282,53.37825],[-2.97294,53.37811],[-2.97293,53.37794],[-2.97266,53.37764],[-2.97229,53.37739],[-2.96933,53.37578],[-2.96904,53.376]]}},{"type":"Feature","properties":{"NAME":"Digbeth Branch (Birm'm & Fazeley)"},"geometry":{"type":"LineString","coordinates":[[-1.88862,52.49021],[-1.88817,52.49006],[-1.88779,52.48977],[-1.88203,52.48445],[-1.88181,52.48415],[-1.88156,52.48345],[-1.88152,52.48278],[-1.88157,52.48258],[-1.88198,52.48155],[-1.88215,52.48127],[-1.88247,52.48101],[-1.88393,52.48041],[-1.88411,52.48028],[-1.88536,52.47973],[-1.88572,52.47951],[-1.88609,52.47912]]}},{"type":"Feature","properties":{"NAME":"Chemical Arm (Old Main Line)"},"geometry":{"type":"LineString","coordinates":[[-2.01272,52.49982],[-2.0127,52.49957],[-2.01313,52.49846]]}}]}